Voltage,Current,Power,Relay_1,Relay_2,Battery_Level,Hour_of_Day,Load_Type,Is_Anomaly,Predicted_Power_Next,Is_Daytime,Power_Delta,Current_Delta,Voltage_Delta,Power_Rolling_Mean,Current_Rolling_Std
232.7791315,0.052888664,12.31137731,0,0,100,0,0,0,-12.10843032,0,0,0,0,12.31137731,0
225.8611303,-0.053610067,-12.10843032,0,0,100.0001211,0,0,0,1.737607617,0,-24.41980763,-0.106498731,-6.918001155,0.101473497,0.075305975
227.6986896,0.007631171,1.737607617,0,0,100.0001037,0,0,0,13.48841071,0,13.84603793,0.061241238,1.837559222,0.646851537,0.0534489
229.0263965,0.058894568,13.48841071,0,0,99.99996882,0,0,0,32.66594434,0,11.75080309,0.051263397,1.327706918,3.85724133,0.052011224
232.5558559,0.14046494,32.66594434,0,0,99.99964216,0,0,0,33.3046105,0,19.17753363,0.081570372,3.529459375,9.618981932,0.071447623
231.5170082,0.143853839,33.3046105,0,0,99.99930912,0,0,0,14.27493259,0,0.638666159,0.003388899,-1.038847638,13.81762857,0.085374918
229.3083702,0.062252122,14.27493259,0,0,99.99916637,0,0,0,8.490964386,0,-19.02967791,-0.081601718,-2.208638048,19.09430115,0.058516432
232.0757073,0.036587045,8.490964386,0,0,99.99908146,0,0,0,22.91519462,0,-5.783968201,-0.025665077,2.767337119,20.4449725,0.050061837
231.2619567,0.09908761,22.91519462,0,0,99.99885231,0,0,0,-5.236166219,0,14.42423023,0.062500565,-0.813750588,22.33032929,0.047287589
229.8497732,-0.02278082,-5.236166219,0,0,99.99890467,0,0,0,-2.723580047,0,-28.15136084,-0.12186843,-1.412183488,14.74990717,0.063033744
228.661399,-0.011910974,-2.723580047,0,0,99.99893191,0,0,0,16.44845389,0,2.512586172,0.010869845,-1.188374255,7.544269065,0.050901862
228.0562271,0.072124555,16.44845389,0,0,99.99876742,0,0,0,10.59377952,0,19.17203393,0.084035529,-0.605171822,7.978973325,0.052503617
230.9779361,0.045864898,10.59377952,0,0,99.99866148,0,0,0,18.94649594,0,-5.854674369,-0.026259657,2.921708919,8.399536351,0.052753802
231.2123475,0.081944136,18.94649594,0,0,99.99847202,0,0,0,14.4080703,0,8.352716422,0.036079237,0.234411432,7.605796615,0.048011063
229.8699739,0.062679218,14.4080703,0,0,99.99832794,0,0,0,-4.331411341,0,-4.53842564,-0.019264917,-1.342373545,11.53464392,0.037150557
227.6685783,-0.019025073,-4.331411341,0,0,99.99837125,0,0,0,15.94486653,0,-18.73948164,-0.081704291,-2.201395602,11.21307766,0.040137335
230.2651864,0.069245667,15.94486653,0,0,99.9982118,0,0,0,20.41153115,0,20.27627787,0.088270741,2.596608107,11.11236019,0.039736258
228.4100949,0.089363525,20.41153115,0,0,99.99800769,0,0,0,21.75486534,0,4.466664614,0.020117857,-1.855091542,13.07591051,0.043679239
225.4919174,0.096477362,21.75486534,0,0,99.99779014,0,0,0,6.946340501,0,1.343334197,0.007113837,-2.918177469,13.6375844,0.046179325
227.296998,0.030560635,6.946340501,0,0,99.99772068,0,0,0,6.434893234,0,-14.80852484,-0.065916727,1.805080547,12.14523844,0.047872536
227.9758464,0.028226206,6.434893234,0,0,99.99765633,0,0,0,13.23207943,0,-0.511447266,-0.002334428,0.678848372,14.29849935,0.032078236
228.6104184,0.057880474,13.23207943,0,0,99.99752401,0,0,0,11.57259784,0,6.797186191,0.029654268,0.634572091,13.75594193,0.031907283
229.5667555,0.0504106,11.57259784,0,0,99.99740828,0,0,0,2.433236861,0,-1.659481586,-0.007469874,0.956337096,11.98815527,0.027557456
228.8186921,0.010633908,2.433236861,0,0,99.99738395,0,0,0,3.528786515,0,-9.139360978,-0.039776692,-0.748063399,8.123829572,0.018833684
229.1675927,0.015398279,3.528786515,0,0,99.99734866,0,0,0,4.431898019,0,1.095549654,0.004764371,0.348900561,7.440318775,0.020939304
229.840358,0.019282506,4.431898019,0,0,99.99730434,0,0,0,17.19883282,0,0.903111504,0.003884227,0.672765304,7.039719732,0.021762546
231.9784369,0.074139791,17.19883282,0,0,99.99713235,0,0,0,31.26001662,0,12.7669348,0.054857285,2.138078865,7.833070411,0.027336376
226.2792615,0.138147952,31.26001662,0,0,99.99681975,0,0,0,1.780673763,0,14.0611838,0.064008161,-5.699175346,11.77055417,0.0548447
231.6600442,0.007686581,1.780673763,0,0,99.99680195,0,0,0,22.19726582,0,-29.47934286,-0.130461371,5.380782634,11.64004155,0.055406962
233.5126574,0.095058084,22.19726582,0,0,99.99657997,0,0,0,15.02527841,0,20.41659206,0.087371503,1.852613216,15.37373741,0.054072199
229.1544341,0.065568351,15.02527841,0,0,99.99642972,0,0,0,3597.237356,0,-7.171987409,-0.029489733,-4.358223276,17.49241349,0.047446046
157.0000895,22.91232679,3597.237356,0,0,99.99620603,0,0,1,2.999925483,0,3582.212078,22.84675844,-72.15434459,733.5001182,10.21255082
228.2317105,0.01314421,2.999925483,0,0,99.99617604,0,0,0,19.33489899,0,-3594.237431,-22.89918258,71.23162104,727.8481,10.22648172
227.7242318,0.084904882,19.33489899,0,0,99.99598269,0,0,0,16.71744393,0,16.33497351,0.071760672,-0.507478747,731.358945,10.21783203
228.8753649,0.073041692,16.71744393,0,0,99.99581551,0,0,0,19.29568408,0,-2.617455058,-0.01186319,1.151133129,730.2629806,10.22028161
229.9699295,0.083905248,19.29568408,0,0,99.99562256,0,0,0,7.10962805,0,2.578240144,0.010863556,1.094564607,731.1170618,10.21823745
229.35473,0.030998393,7.10962805,0,0,99.99555146,0,0,0,11.62659853,0,-12.18605603,-0.052906855,-0.615199578,13.09151611,0.033011842
229.8567697,0.050581928,11.62659853,0,0,99.99543519,0,0,0,23.09675805,0,4.516970482,0.019583535,0.502039737,14.81685072,0.023354764
228.4876866,0.101085351,23.09675805,0,0,99.99520423,0,0,0,39.35545105,0,11.47015952,0.050503423,-1.369083085,15.56922253,0.027593089
230.9700982,0.170391974,39.35545105,0,0,99.99481067,0,0,0,-0.25361825,0,16.25869299,0.069306623,2.482411607,20.09682395,0.053907053
231.1059059,-0.001097411,-0.25361825,0,0,99.99481321,0,0,0,31.03242228,0,-39.6090693,-0.171489386,0.13580771,16.18696349,0.06707665
229.8448808,0.135014633,31.03242228,0,0,99.99450288,0,0,0,6.888082698,0,31.28604053,0.136112045,-1.261025119,20.97152233,0.067929101
227.960125,0.030216174,6.888082698,0,0,99.994434,0,0,0,32.31787472,0,-24.14433958,-0.10479846,-1.88475585,20.02381916,0.071490394
234.581378,0.137768287,32.31787472,0,0,99.99411082,0,0,0,0.866004391,0,25.42979202,0.107552114,6.621253031,21.8680425,0.075074028
228.2801573,0.003793603,0.866004391,0,0,99.99410216,0,0,0,3.561011689,0,-31.45187033,-0.133974684,-6.301220663,14.17015317,0.069727583
230.0654915,0.015478252,3.561011689,0,0,99.99406655,0,0,0,12.09718609,0,2.695007299,0.011684649,1.785334199,14.93307915,0.066340644
233.2083287,0.051872873,12.09718609,0,0,99.99394558,0,0,0,5.900440136,0,8.536174401,0.036394621,3.142837157,11.14603192,0.053388498
228.919574,0.025775167,5.900440136,0,0,99.99388658,0,0,0,11.37609979,0,-6.196745955,-0.026097707,-4.288754717,10.9485034,0.053790135
230.0344264,0.049453901,11.37609979,0,0,99.99377282,0,0,0,2.872793362,0,5.475659649,0.023678735,1.114852409,6.760148418,0.021034214
232.6509132,0.012348085,2.872793362,0,0,99.99374409,0,0,0,24.3610071,0,-8.503306423,-0.037105816,2.616486852,7.161506212,0.018657034
232.5945259,0.104735943,24.3610071,0,0,99.99350048,0,0,0,27.6418166,0,21.48821374,0.092387858,-0.056387308,11.32150529,0.035346775
228.7303715,0.120848912,27.6418166,0,0,99.99322406,0,0,0,28.35382903,0,3.280809506,0.016112969,-3.864154423,14.4304314,0.048016954
230.1901411,0.123175688,28.35382903,0,0,99.99294052,0,0,0,4.621834608,0,0.712012427,0.002326776,1.459769641,18.92110918,0.049071817
230.395676,0.020060423,4.621834608,0,0,99.9928943,0,0,0,18.47255915,0,-23.73199442,-0.103115266,0.205534853,17.57025614,0.05532462
229.2634801,0.080573492,18.47255915,0,0,99.99270958,0,0,0,0.84690792,0,13.85072454,0.060513069,-1.132195919,20.6902093,0.042572761
236.22717,0.003585142,0.84690792,0,0,99.99270111,0,0,0,14.41422497,0,-17.62565123,-0.07698835,6.963689885,15.98738946,0.05574348
234.0657945,0.061581937,14.41422497,0,0,99.99255697,0,0,0,15.88333153,0,13.56731705,0.057996795,-2.161375499,13.34187113,0.047881212
230.4033967,0.068937055,15.88333153,0,0,99.99239813,0,0,0,1.144416538,0,1.469106563,0.007355118,-3.662397748,10.84777163,0.033285221
232.0471963,0.004931827,1.144416538,0,0,99.99238669,0,0,0,32.22887102,0,-14.73891499,-0.064005228,1.643799599,10.15228802,0.036838343
230.0810192,0.140076183,32.22887102,0,0,99.9920644,0,0,0,11.76160795,0,31.08445449,0.135144357,-1.966177089,12.9035504,0.056174834
231.3653627,0.050835647,11.76160795,0,0,99.99194678,1,0,0,20.63341653,0,-20.46726307,-0.089240536,1.284343466,15.0864904,0.048662254
228.2244055,0.090408458,20.63341653,0,0,99.99174045,1,0,0,8.741714816,0,8.871808572,0.039572811,-3.140957192,16.33032871,0.04980979
229.0913566,0.038158204,8.741714816,0,0,99.99165303,1,0,0,-11.68102977,0,-11.89170171,-0.052250253,0.86695108,14.90200537,0.05198858
228.660015,-0.051084707,-11.68102977,0,0,99.99176984,1,0,0,17.45993663,0,-20.42274459,-0.089242911,-0.431341574,12.33691611,0.070777716
234.7695813,0.074370523,17.45993663,0,0,99.99159524,1,0,0,-4.349610374,0,29.1409664,0.12545523,6.109566322,9.383129231,0.055086585
230.5248132,-0.018868296,-4.349610374,0,0,99.99163874,1,0,0,8.472199626,0,-21.809547,-0.093238819,-4.244768091,6.160885566,0.060393323
232.3109586,0.036469221,8.472199626,0,0,99.99155402,1,0,0,18.36151565,0,12.82181,0.055337517,1.786145376,3.728642185,0.050082598
232.9638129,0.078817029,18.36151565,0,0,99.9913704,1,0,0,5.541102477,0,9.88931602,0.042347808,0.652854325,5.652602351,0.057386767
231.3878789,0.023947246,5.541102477,0,0,99.99131499,1,0,0,7.705606501,0,-12.82041317,-0.054869783,-1.575933993,9.097028801,0.04005679
230.2543092,0.033465634,7.705606501,0,0,99.99123794,1,0,0,-5.051961787,0,2.164504024,0.009518388,-1.133569777,7.146162775,0.034852456
230.7551377,-0.021893171,-5.051961787,0,0,99.99128845,1,0,0,8.719893023,0,-12.75756829,-0.055358806,0.500828505,7.005692493,0.035938736
231.8804596,0.037605122,8.719893023,0,0,99.99120126,1,0,0,20.76939763,0,13.77185481,0.059498294,1.12532196,7.055231172,0.03599213
231.700629,0.089638935,20.76939763,0,0,99.99099356,1,0,0,25.89448809,0,12.04950461,0.052033813,-0.179830663,7.536807569,0.03976055
227.2947888,0.113924689,25.89448809,0,0,99.99073462,1,0,0,5.296624581,0,5.125090465,0.024285754,-4.405840164,11.60748469,0.053037144
231.5180726,0.022877802,5.296624581,0,0,99.99068165,1,0,0,20.87898668,0,-20.59786351,-0.091046887,4.223283811,11.12568831,0.0540906
229.0076289,0.091171577,20.87898668,0,0,99.99047286,1,0,0,16.90856832,0,15.5823621,0.068293775,-2.510443664,16.311878,0.038819408
228.3706533,0.074040023,16.90856832,0,0,99.99030378,1,0,0,20.93304321,0,-3.970418362,-0.017131554,-0.636975655,17.94961306,0.034106928
229.6534902,0.091150556,20.93304321,0,0,99.99009444,1,0,0,28.90233171,0,4.024474896,0.017110533,1.282836884,17.98234218,0.03423867
232.7252585,0.124190781,28.90233171,0,0,99.98980542,1,0,0,6.257530443,0,7.969288498,0.033040226,3.071768275,18.5839109,0.03707451
229.8172267,0.027228292,6.257530443,0,0,99.98974285,1,0,0,26.80143179,0,-22.64480127,-0.09696249,-2.908031753,18.77609207,0.035391486
226.9444484,0.118096882,26.80143179,0,0,99.98947483,1,0,0,15.73548872,0,20.54390135,0.090868591,-2.872778294,19.9605811,0.039076842
228.1267033,0.06897697,15.73548872,0,0,99.98931748,1,0,0,3202.667576,0,-11.06594307,-0.049119912,1.182254896,19.72596518,0.039557381
230.8094186,13.87580973,3202.667576,0,1,99.9572908,1,2,0,1275.49296,0,3186.932087,13.80683276,2.682715336,656.0728717,6.167732261
229.7689512,5.551198077,1275.49296,0,1,99.94453587,1,2,0,1246.935486,0,-1927.174616,-8.324611649,-1.040467476,905.3909973,6.046013778
227.115987,5.490302565,1246.935486,0,1,99.93206652,1,2,0,1275.170822,0,-28.55747402,-0.060895512,-2.652964197,1153.526588,5.645130671
227.2115895,5.612261349,1275.170822,0,1,99.91931481,1,2,0,1272.171821,0,28.23533617,0.121958784,0.09560257,1403.200466,4.943311562
228.7283563,5.561933122,1272.171821,0,1,99.90659309,1,2,0,1274.198241,0,-2.99900108,-0.050328227,1.516766773,1654.487733,3.721913187
230.3920741,5.530564567,1274.198241,0,1,99.89385111,1,2,0,1266.757598,0,2.026420665,-0.031368554,1.663717768,1268.793866,0.044606704
230.467461,5.496470492,1266.757598,0,1,99.88118353,1,2,0,1274.215722,0,-7.440643037,-0.034094076,0.075386888,1267.046794,0.050354006
228.9375822,5.565777839,1274.215722,0,1,99.86844137,1,2,0,1297.306861,0,7.458123104,0.069307347,-1.529878749,1272.502841,0.043165696
232.2614589,5.585545132,1297.306861,0,1,99.85546831,1,2,0,1302.406971,0,23.09113951,0.019767293,3.323876692,1276.930049,0.034925234
232.7121556,5.596643493,1302.406971,0,1,99.84244424,1,2,0,1291.300506,0,5.100110426,0.011098361,0.450696726,1282.977079,0.04124967
229.653037,5.622832264,1291.300506,0,1,99.82953123,1,2,0,1253.357133,0,-11.10646535,0.026188771,-3.059118603,1286.397532,0.047716729
229.4174609,5.463215956,1253.357133,0,1,99.81699766,1,2,0,1275.669287,0,-37.94337291,-0.159616308,-0.235576093,1283.717439,0.061466103
229.4933878,5.558631991,1275.669287,0,1,99.80424097,1,2,0,1244.478201,0,22.31215402,0.095416035,0.075926869,1284.008152,0.061578869
227.2534297,5.476169063,1244.478201,0,1,99.79179619,1,2,0,1524.686798,0,-31.19108595,-0.082462929,-2.239958066,1273.44242,0.071284288
229.8076549,6.634621454,1524.686798,1,1,99.77654932,1,3,0,1369.579654,0,280.2085963,1.158452391,2.554225193,1317.898385,0.498139275
229.5656272,5.965961326,1369.579654,1,1,99.76285352,1,3,0,1370.92934,0,-155.1071441,-0.668660128,-0.242027731,1333.554215,0.499684959
229.8297584,5.964977511,1370.92934,1,1,99.74914423,1,3,0,1355.995949,0,1.349686334,-0.000983815,0.26413116,1357.068656,0.458909565
228.9142111,5.923598815,1355.995949,1,1,99.73558427,1,3,0,1367.643597,0,-14.93339066,-0.041378696,-0.91554731,1373.133988,0.413861438
227.9493433,5.999769848,1367.643597,1,1,99.72190783,1,3,0,1369.69502,0,11.64764781,0.076171034,-0.964867722,1397.767067,0.301312332
226.0876654,6.05824744,1369.69502,1,1,99.70821088,1,3,0,1374.660381,0,2.051423195,0.058477592,-1.86167792,1366.768712,0.050214133
233.5707133,5.885414149,1374.660381,1,1,99.69446428,1,3,0,1343.352585,0,4.965360712,-0.172833291,7.483047893,1367.784857,0.066974197
227.7892153,5.897349367,1343.352585,1,1,99.68103075,1,3,0,1373.806176,0,-31.30779644,0.011935217,-5.781498011,1362.269506,0.073813338
230.1352363,5.969560326,1373.806176,1,1,99.66729269,1,3,0,1348.056309,0,30.45359189,0.072210959,2.346021044,1365.831552,0.072097787
227.0093104,5.938330488,1348.056309,1,1,99.65381213,1,3,0,1387.345953,0,-25.74986764,-0.031229838,-3.125925959,1361.914094,0.069244986
232.7735686,5.960066522,1387.345953,1,1,99.63993867,1,3,0,1378.886492,0,39.28964435,0.021736034,5.764258175,1365.444281,0.037390741
232.2231374,5.937765319,1378.886492,1,1,99.6261498,1,3,0,1363.062584,0,-8.459461376,-0.022301203,-0.550431105,1366.289503,0.027845324
227.9924198,5.978543432,1363.062584,1,1,99.61251918,1,3,0,1393.284549,0,-15.8239079,0.040778113,-4.230717647,1370.231503,0.018369137
233.1847322,5.975024764,1393.284549,1,1,99.59858633,1,3,0,1385.576105,0,30.22196537,-0.003518668,5.192312363,1374.127177,0.0194452
231.4979687,5.985262474,1385.576105,1,1,99.58473057,1,3,0,1398.702958,0,-7.708444536,0.01023771,-1.686763496,1381.631137,0.018929821
232.7440555,6.009618401,1398.702958,1,1,99.57074354,1,3,0,1374.451536,0,13.12685372,0.024355927,1.246086797,1383.902538,0.025872657
230.2177505,5.970223983,1374.451536,1,1,99.55699903,1,3,0,1366.993155,0,-24.2514228,-0.039394418,-2.526304934,1383.015546,0.015472975
231.7489003,5.89859608,1366.993155,1,1,99.54332909,1,3,0,1366.671279,0,-7.458380549,-0.071627903,1.53114981,1383.801661,0.041536
229.7203393,5.949282868,1366.671279,1,1,99.52966238,1,3,0,1368.252749,0,-0.321875895,0.050686788,-2.02856101,1378.479007,0.042000865
227.802323,6.006316053,1368.252749,1,1,99.51597985,1,3,0,1339.372473,0,1.581470016,0.057033185,-1.918016376,1375.014335,0.045730957
226.166698,5.922058751,1339.372473,1,1,99.50258613,1,3,0,1390.004967,0,-28.88027628,-0.084257302,-1.635624981,1363.148238,0.041837832
230.401187,6.032976588,1390.004967,1,1,99.48868608,1,3,0,1368.753558,0,50.63249417,0.110917837,4.234489036,1366.258925,0.056521138
229.3231647,5.968666791,1368.753558,1,1,99.47499854,1,3,0,1265.597978,0,-21.25140923,-0.064309797,-1.078022263,1366.611005,0.044279048
229.0346018,5.525793779,1265.597978,0,1,99.46234256,1,2,0,1267.939359,0,-103.1555798,-0.442873011,-0.288562926,1346.396345,0.208463049
229.1139709,5.534098833,1267.939359,0,1,99.44966317,2,2,0,1279.764437,0,2.3413809,0.008305054,0.079369052,1326.333667,0.246710139
227.5293905,5.624611545,1279.764437,0,1,99.43686553,2,2,0,1296.14389,0,11.82507788,0.090512711,-1.584580338,1314.41206,0.244785363
231.2378396,5.605241305,1296.14389,0,1,99.42390409,2,2,0,1274.638601,0,16.37945289,-0.019370239,3.708449027,1295.639844,0.182374992
228.4756824,5.578880815,1274.638601,0,1,99.4111577,2,2,0,1298.793186,0,-21.50528853,-0.026360491,-2.762157168,1276.816853,0.043234637
231.5065074,5.610180034,1298.793186,0,1,99.39816977,2,2,0,1262.946064,0,24.15458457,0.03129922,3.030825018,1283.455894,0.03565197
227.5693369,5.54971984,1262.946064,0,1,99.38554031,2,2,0,1306.354036,0,-35.84712178,-0.060460195,-3.937170508,1282.457235,0.029640243
232.6755865,5.614486915,1306.354036,0,1,99.37247677,2,2,0,1296.236301,0,43.40797193,0.064767076,5.106249583,1287.775155,0.027252465
231.1703051,5.607278581,1296.236301,0,1,99.3595144,2,2,0,1271.672083,0,-10.11773537,-0.007208334,-1.505281363,1287.793637,0.027519427
230.8983915,5.5074965,1271.672083,0,1,99.34679768,2,2,0,1256.858199,0,-24.5642174,-0.099782081,-0.271913609,1287.200334,0.047419551
226.4256034,5.55086607,1256.858199,0,1,99.3342291,2,2,0,1265.868308,0,-14.81388369,0.04336957,-4.472788103,1278.813337,0.044642011
227.4419434,5.565676626,1265.868308,0,1,99.32157042,2,2,0,1283.22085,0,9.010108471,0.014810556,1.016339943,1279.397785,0.043751413
227.2098751,5.647733621,1283.22085,0,1,99.30873821,2,2,0,253.4166262,0,17.35254247,0.082056995,-0.232068301,1274.771148,0.053746856
227.7064972,1.112909071,253.4166262,1,0,99.30620404,2,1,0,79.80654177,0,-1029.804224,-4.53482455,0.496622167,1066.207213,1.992999021
232.3694042,0.343446858,79.80654177,1,0,99.30540598,2,1,0,118.3277094,0,-173.6100845,-0.769462213,4.662906977,827.8341051,2.676004482
233.6879653,0.506349179,118.3277094,1,0,99.3042227,2,1,0,109.6126677,0,38.52116758,0.162902321,1.31856105,600.1280071,2.727845305
228.4956203,0.479714524,109.6126677,1,0,99.30312658,2,1,0,109.759461,0,-8.71504168,-0.026634655,-5.192344952,368.8768791,2.272103485
234.6264616,0.467805124,109.759461,1,0,99.30202898,2,1,0,98.72446448,0,0.146793349,-0.0119094,6.1308413,134.1846012,0.303314139
226.0378594,0.436760748,98.72446448,1,0,99.30104174,2,1,0,121.8518741,0,-11.03499654,-0.031044377,-8.588602162,103.2461689,0.06295503
231.6269254,0.526069557,121.8518741,1,0,99.29982322,2,1,0,121.2587792,0,23.12740962,0.08930881,5.589065952,111.6552353,0.034566388
231.1368402,0.524619006,121.2587792,1,0,99.29861063,2,1,0,101.497657,0,-0.593094856,-0.001450552,-0.490085228,112.2414493,0.038363797
230.1343993,0.441036444,101.497657,1,0,99.29759565,2,1,0,77.05207955,0,-19.7611222,-0.083582562,-1.002440828,110.6184472,0.043723606
229.1319655,0.336278176,77.05207955,1,0,99.29682513,2,1,0,108.6018323,0,-24.4455775,-0.104758267,-1.002433798,104.0769709,0.078261189
232.4383154,0.467228616,108.6018323,1,0,99.29573911,2,1,0,104.5937128,0,31.54975277,0.130950439,3.306349897,106.0524445,0.077870428
232.071681,0.450695717,104.5937128,1,0,99.29469318,2,1,0,124.2860535,0,-4.008119539,-0.016532898,-0.366634388,102.6008122,0.068367747
226.2861306,0.549242913,124.2860535,1,0,99.29345032,2,1,0,114.2111245,0,19.69234069,0.098547195,-5.785550476,103.206267,0.076081163
227.24041,0.502600415,114.2111245,1,0,99.2923082,2,1,0,106.8766658,0,-10.07492901,-0.046642497,0.954279455,105.7489605,0.079400401
226.3578814,0.472157917,106.8766658,1,0,99.29123944,2,1,0,105.9469644,0,-7.334458606,-0.030442498,-0.882528671,111.7138778,0.03884957
229.8234973,0.460992743,105.9469644,1,0,99.29017997,2,1,0,109.8782169,0,-0.929701476,-0.011165175,3.46561594,111.1829042,0.039787321
232.0462867,0.473518531,109.8782169,1,0,99.28908119,2,1,0,98.64373909,0,3.931252513,0.012525789,2.222789359,112.239805,0.035655996
233.7540479,0.421997993,98.64373909,1,0,99.28809475,2,1,0,118.4453228,0,-11.23447779,-0.051520538,1.707761199,107.1113421,0.029133171
227.6264067,0.520349658,118.4453228,1,0,99.2869103,2,1,0,97.49340855,0,19.8015837,0.098351665,-6.127641194,107.9581818,0.035132801
229.1257788,0.425501701,97.49340855,1,0,99.28593536,2,1,0,115.2304628,0,-20.95191425,-0.094847957,1.499372191,106.0815303,0.040183915
227.3256033,0.506896105,115.2304628,1,0,99.28478306,2,1,0,105.1945234,0,17.73705426,0.081394404,-1.800175511,107.93823,0.045256158
229.0070852,0.459350519,105.1945234,1,0,99.28373111,2,1,0,89.68133364,0,-10.03593942,-0.047545586,1.68148184,107.0014913,0.045396932
231.1158364,0.388036298,89.68133364,1,0,99.2828343,2,1,0,84.49381177,0,-15.51318975,-0.071314221,2.108751236,105.2090102,0.055250907
228.5738921,0.369656442,84.49381177,1,0,99.28198936,2,1,0,83.1455455,0,-5.187521868,-0.018379856,-2.541944333,98.41870803,0.055219863
233.6250481,0.355893112,83.1455455,1,0,99.2811579,2,1,0,108.8291732,0,-1.348266269,-0.01376333,5.051156057,95.54913542,0.064583077
224.4670948,0.484833527,108.8291732,1,0,99.28006961,2,1,0,65.8375619,0,25.68362774,0.128940415,-9.157953363,94.26887751,0.057142406
227.7675945,0.289055877,65.8375619,1,0,99.27941124,2,1,0,103.0396905,0,-42.99161135,-0.195777649,3.300499768,86.39748521,0.070679278
228.5137735,0.450912385,103.0396905,1,0,99.27838084,2,1,0,87.09082945,0,37.20212862,0.161856507,0.74617895,89.06915659,0.078215324
233.141713,0.373553185,87.09082945,1,0,99.27750993,2,1,0,110.4960892,0,-15.94886106,-0.0773592,4.627939543,89.58856012,0.077980127
228.2623074,0.484075056,110.4960892,1,0,99.27640497,2,1,0,92.21141647,0,23.40525973,0.110521871,-4.879405616,95.05866886,0.084419346
232.5677565,0.396492695,92.21141647,1,0,99.27548286,2,1,0,104.7444569,0,-18.28467271,-0.087582361,4.305449046,91.7351175,0.075289494
232.7938072,0.449945203,104.7444569,1,0,99.27443541,2,1,0,86.08589286,0,12.53304039,0.053452508,0.226050696,99.51649649,0.044897873
229.6341112,0.374882862,86.08589286,1,0,99.27357455,2,1,0,88.02486026,0,-18.658564,-0.075062341,-3.159695963,96.12573696,0.049140501
228.7638243,0.384784878,88.02486026,1,0,99.27269431,2,1,0,112.9609456,0,1.938967405,0.009902016,-0.870286945,96.31254312,0.046934259
232.6716491,0.4854951,112.9609456,1,0,99.2715647,2,1,0,98.74231934,0,24.93608531,0.100710222,3.90782482,96.8055144,0.047435399
226.8977812,0.435184156,98.74231934,1,0,99.27057727,2,1,0,93.41133185,0,-14.21862624,-0.050310945,-5.773867842,98.11169498,0.046122173
229.9164031,0.406283895,93.41133185,1,0,99.26964316,2,1,0,106.203313,0,-5.330987485,-0.02890026,3.018621873,95.84506998,0.044576374
231.234082,0.459289185,106.203313,1,0,99.26858113,2,1,0,-1148.454882,0,12.79198118,0.05300529,1.317678879,99.86855401,0.040257875
229.6909764,-5,-1148.454882,1,0,99.26739447,2,1,1,78.82632105,0,-1254.658195,-5.459289185,-1.54310555,-147.4273945,2.435953052
232.0280388,0.339727567,78.82632105,1,0,99.26660621,2,1,0,107.729327,0,1227.281203,5.339727567,2.337062416,-154.2543194,2.419893838
228.2727548,0.471932479,107.729327,1,0,99.26552892,2,1,0,93.2500055,0,28.90300594,0.132204912,-3.755284012,-152.4569178,2.424148938
226.2440827,0.4121655,93.2500055,1,0,99.26459642,2,1,0,115.4875126,0,-14.47932149,-0.059766978,-2.028672138,-152.4891831,2.424799809
228.5298313,0.505349835,115.4875126,1,0,99.26344154,2,1,0,-1.034055212,0,22.23750714,0.093184335,2.285748567,-150.6323432,2.430212707
229.7569339,-0.004500649,-1.034055212,0,0,99.26345188,2,0,0,5.773926302,0,-116.5215678,-0.509850484,1.22710267,78.85182219,0.205252046
227.218453,0.025411344,5.773926302,0,0,99.26339414,2,0,0,20.43979561,0,6.807981514,0.029911993,-2.538480954,64.24134324,0.250411106
228.1656374,0.089583146,20.43979561,0,0,99.26318974,2,0,0,8.678051057,0,14.66586931,0.064171802,0.947184403,46.78343697,0.235896913
226.4117902,0.038328618,8.678051057,0,0,99.26310296,2,0,0,20.97045043,0,-11.76174456,-0.051254528,-1.753847202,29.86904608,0.212102801
230.7314019,0.09088685,20.97045043,0,0,99.26289326,2,0,0,13.72488107,0,12.29239937,0.052558232,4.3196117,10.96563364,0.041618878
228.2064651,0.060142385,13.72488107,0,0,99.26275601,3,0,0,14.08922001,0,-7.245569358,-0.030744466,-2.524936761,13.91742089,0.029544101
232.1304802,0.060695261,14.08922001,0,0,99.26261512,3,0,0,15.86160228,0,0.364338946,0.000552876,3.924015078,15.58047964,0.022277264
233.4887203,0.067933056,15.86160228,0,0,99.2624565,3,0,0,15.98424796,0,1.772382268,0.007237795,1.358240101,14.66484097,0.018857246
228.0171714,0.070101071,15.98424796,0,0,99.26229666,3,0,0,-4.188040252,0,0.122645682,0.002168015,-5.471548907,16.12608035,0.012492819
229.7404904,-0.018229439,-4.188040252,0,0,99.26233854,3,0,0,27.36067999,0,-20.17228822,-0.08833051,1.723319028,11.09438222,0.037351865
230.695763,0.118600704,27.36067999,0,0,99.26206493,3,0,0,33.80814543,0,31.54872024,0.136830143,0.955272574,13.821542,0.049292936
227.7743863,0.148428214,33.80814543,0,0,99.26172685,3,0,0,20.80484797,0,6.447465445,0.02982751,-2.921376696,17.76532708,0.063305582
230.6986931,0.090181907,20.80484797,0,0,99.2615188,3,0,0,3200.725584,0,-13.00329746,-0.058246308,2.924306824,18.75397622,0.063258635
230.3164835,13.8970756,3200.725584,0,1,99.22951155,3,2,0,1266.392894,0,3179.920736,13.8068937,-0.382209638,655.7022434,6.177382309
227.9206883,5.556287597,1266.392894,0,1,99.21684762,3,2,0,1284.149304,0,-1934.33269,-8.340788007,-2.395795155,909.8184302,6.032277832
230.23574,5.577541108,1284.149304,0,1,99.20400613,3,2,0,1270.571999,0,17.7564107,0.021253511,2.315051665,1161.176155,5.644255904
228.2231037,5.567236526,1270.571999,0,1,99.19130041,3,2,0,1262.111807,0,-13.57730543,-0.010304582,-2.012636303,1408.528926,4.943622958
229.4411578,5.500808219,1262.111807,0,1,99.17867929,3,2,0,1277.619811,0,-8.46019228,-0.066428307,1.218054108,1656.790317,3.732833912
229.9910708,5.555084405,1277.619811,0,1,99.16590309,3,2,0,1264.016363,0,15.50800391,0.054276186,0.549912981,1272.169163,0.029711717
229.1975664,5.514964153,1264.016363,0,1,99.15326293,3,2,0,1269.242421,0,-13.60344773,-0.040120252,-0.79350436,1271.693857,0.033513448
229.4557816,5.531533841,1269.242421,0,1,99.1405705,3,2,0,1246.296495,0,5.226058289,0.016569688,0.258215209,1268.71248,0.027474218
225.6308288,5.523609081,1246.296495,0,1,99.12810754,3,2,0,1245.277718,0,-22.94592602,-0.007924759,-3.824952824,1263.857379,0.020220397
223.6967505,5.566811837,1245.277718,0,1,99.11565476,3,2,0,1274.490779,0,-1.01877656,0.043202756,-1.934078332,1260.490562,0.021798831
228.7973819,5.570390574,1274.490779,0,1,99.10290985,3,2,0,1272.011079,0,29.21306071,0.003578736,5.100631388,1259.864755,0.025489741
227.3630446,5.594625464,1272.011079,0,1,99.09018974,3,2,0,1266.493944,0,-2.479700153,0.02423489,-1.43433722,1261.463699,0.029385188
228.3561151,5.546135446,1266.493944,0,1,99.0775248,3,2,0,1264.831138,0,-5.517134861,-0.048490017,0.993070432,1260.914003,0.026783009
230.0505145,5.498058287,1264.831138,0,1,99.06487649,3,2,0,1289.476839,0,-1.66280641,-0.048077159,1.694399447,1264.620932,0.036288073
230.8497128,5.585784896,1289.476839,0,1,99.05198172,3,2,0,1277.672032,0,24.64570093,0.087726609,0.799198244,1273.460756,0.038716077
226.9983057,5.628553166,1277.672032,0,1,99.039205,3,2,0,1285.295401,0,-11.80480652,0.04276827,-3.851407071,1274.097006,0.050067911
230.9807243,5.564513684,1285.295401,0,1,99.02635205,3,2,0,1263.839639,0,7.623368735,-0.064039482,3.982418575,1276.753871,0.048237832
228.9166176,5.520960653,1263.839639,0,1,99.01371365,3,2,0,1267.461082,0,-21.45576238,-0.043553031,-2.064106685,1276.22301,0.051828347
228.6152596,5.544079098,1267.461082,0,1,99.00103904,3,2,0,1274.235804,0,3.621443875,0.023118445,-0.301357939,1276.748999,0.04116134
232.153647,5.488760654,1274.235804,0,1,98.98829668,3,2,0,1270.760401,0,6.774721136,-0.055318444,3.538387393,1273.700792,0.052459228
229.479867,5.537568143,1270.760401,0,1,98.97558908,3,2,0,-1162.625578,0,-3.475402308,0.048807489,-2.673779999,1272.318465,0.028382061
232.5251156,-5,-1162.625578,0,1,98.96263222,3,2,1,1283.018891,0,-2433.385979,-10.53756814,3.045248514,782.7342696,4.706006754
232.923942,5.508316922,1283.018891,0,1,98.94980203,3,2,0,1290.475561,0,2445.644469,10.50831692,0.398826405,786.5701201,4.704597606
233.1753159,5.53435751,1290.475561,0,1,98.93689727,3,2,0,1285.174978,0,7.456669747,0.026040588,0.251373968,791.1730158,4.703499989
228.8279594,5.616337189,1285.174978,0,1,98.92404552,3,2,0,1270.026831,0,-5.300582728,0.081979679,-4.347356565,793.3608507,4.71789417
228.7583343,5.551827589,1270.026831,0,1,98.91134525,3,2,0,1268.731986,0,-15.14814666,-0.0645096,-0.069625082,793.2141367,4.719483661
230.2290198,5.510738773,1268.731986,0,1,98.89865793,3,2,0,1265.050726,0,-1.294845167,-0.041088816,1.470685568,1279.48565,0.044062487
228.9898893,5.524482891,1265.050726,0,1,98.88600743,3,2,0,1244.253421,0,-3.681260585,0.013744118,-1.23913053,1275.892016,0.041264921
228.5239937,5.44473865,1244.253421,0,1,98.87356489,3,2,0,1276.534717,0,-20.79730467,-0.07974424,-0.465895618,1266.647588,0.062451545
229.7708467,5.555686177,1276.534717,0,1,98.86079955,3,2,0,1289.071421,0,32.28129605,0.110947526,1.246853049,1264.919536,0.044791897
229.950105,5.605874461,1289.071421,0,1,98.84790883,3,2,0,1303.940992,0,12.53670372,0.050188284,0.179258226,1268.728454,0.059315398
229.7408779,5.675703009,1303.940992,0,1,98.83486942,3,2,0,1281.44373,0,14.86957084,0.069828548,-0.209227121,1275.770255,0.086672507
230.1850021,5.567016609,1281.44373,0,1,98.82205498,3,2,0,1286.510291,0,-22.49726189,-0.108686399,0.444124222,1279.048856,0.084208228
233.1595178,5.517725818,1286.510291,0,1,98.80918988,3,2,0,1276.846906,0,5.066561243,-0.049290791,2.974515693,1287.50023,0.059936434
228.4536953,5.589084056,1276.846906,0,1,98.79642141,3,2,0,1260.647025,0,-9.663384972,0.071358238,-4.705822463,1287.562668,0.057757675
225.8792728,5.581065537,1260.647025,0,1,98.78381494,3,2,0,1279.473966,0,-16.19988105,-0.008018519,-2.574422491,1281.877789,0.057232317
230.2470983,5.556960219,1279.473966,0,1,98.7710202,3,2,0,1260.872248,0,18.82694099,-0.024105318,4.36782551,1276.984384,0.027870789
229.931102,5.483695929,1260.872248,0,1,98.75841148,3,2,0,1269.867622,0,-18.60171771,-0.07326429,-0.315996293,1272.870087,0.044403686
229.8083719,5.525767454,1269.867622,0,1,98.7457128,3,2,0,1281.001232,0,8.995374109,0.042071525,-0.122730095,1269.541553,0.043267961
229.3693913,5.584883078,1281.001232,0,1,98.73290279,3,2,0,1522.273842,0,11.13360995,0.059115624,-0.438980613,1270.372419,0.042283684
229.7848779,6.624778165,1522.273842,1,1,98.71768005,3,3,0,1368.547423,0,241.2726096,1.039895087,0.415486594,1322.697782,0.487551741
232.4503593,5.887482502,1368.547423,1,1,98.70399458,3,3,0,1348.111936,0,-153.7264188,-0.737295663,2.66548139,1340.512474,0.476226374
227.2849526,5.931373462,1348.111936,1,1,98.69051346,3,3,0,1349.889201,0,-20.43548679,0.04389096,-5.165406686,1357.960411,0.437379606
229.3674091,5.885270303,1349.889201,1,1,98.67701457,3,3,0,1395.655924,0,1.777265052,-0.046103159,2.082456479,1373.964727,0.384615388
232.2978317,6.008045419,1395.655924,1,1,98.66305801,3,3,0,1374.616402,0,45.76672231,0.122775115,2.930422619,1396.895665,0.31553056
229.9022561,5.979134028,1374.616402,1,1,98.64931184,3,3,0,1386.197511,0,-21.03952118,-0.028911391,-2.395575617,1367.364177,0.054713749
230.6068558,6.011085432,1386.197511,1,1,98.63544987,3,3,0,1390.976983,0,11.58110889,0.031951404,0.7045997,1370.894195,0.053953098
232.0242831,5.994962962,1390.976983,1,1,98.6215401,3,3,0,1391.281643,0,4.779471933,-0.01612247,1.417427264,1379.467204,0.052102637
231.9842531,5.997310702,1391.281643,1,1,98.60762728,3,3,0,1385.544035,0,0.304660186,0.00234774,-0.04003001,1387.745693,0.012626407
231.6692037,5.98070012,1385.544035,1,1,98.59377184,3,3,0,1377.428038,0,-5.737608939,-0.016610582,-0.315049311,1385.723315,0.013156914
231.6569339,5.945982342,1377.428038,1,1,98.57999756,3,3,0,1360.616054,0,-8.115996065,-0.034717778,-0.012269815,1386.285642,0.024834688
228.9914619,5.941776357,1360.616054,1,1,98.5663914,3,3,0,1383.307595,0,-16.81198429,-0.004205985,-2.665472049,1381.169351,0.026617199
234.3097835,5.903755166,1383.307595,1,1,98.55255832,4,3,0,1367.43241,0,22.69154049,-0.038021191,5.318321596,1379.635473,0.036492848
228.6870519,5.979492057,1367.43241,1,1,98.538884,4,3,0,1385.269722,0,-15.87518446,0.075736891,-5.622731603,1374.865626,0.031757091
236.0526853,5.868476861,1385.269722,1,1,98.5250313,4,3,0,1378.944828,0,17.83731159,-0.111015196,7.365633444,1374.810764,0.042706402
229.7187068,6.002753747,1378.944828,1,1,98.51124186,4,3,0,1370.842939,0,-6.324893571,0.134276886,-6.333978496,1375.114122,0.054605979
231.2716992,5.92741327,1370.842939,1,1,98.49753343,4,3,0,1379.389352,0,-8.101889145,-0.075340477,1.552992418,1377.159499,0.054817292
230.0367157,5.996387783,1379.389352,1,1,98.48373953,4,3,0,1274.112132,0,8.546412489,0.068974513,-1.234983569,1376.37585,0.056657889
229.7144618,5.546503784,1274.112132,0,1,98.47099841,4,2,0,1277.340688,0,-105.2772196,-0.449883999,-0.322253822,1357.711795,0.188103366
228.3564866,5.593625595,1277.340688,0,1,98.458225,4,2,0,1285.294795,0,3.228556305,0.047121811,-1.357975242,1336.125988,0.22465126
231.5016829,5.551988991,1285.294795,0,1,98.44537206,4,2,0,1264.226973,0,7.954106302,-0.041636604,3.145196245,1317.395981,0.22003347
229.8030381,5.501350128,1264.226973,0,1,98.43272979,4,2,0,1257.793256,0,-21.06782136,-0.050638863,-1.698644733,1296.072788,0.203010791
228.022378,5.516095688,1257.793256,0,1,98.42015185,4,2,0,1265.993714,0,-6.433717282,0.014745559,-1.780660121,1271.753569,0.035737493
229.4194844,5.51824845,1265.993714,0,1,98.40749192,4,2,0,1271.368137,0,8.200458376,0.002152762,1.397106429,1270.129885,0.037040273
228.5544175,5.562649592,1271.368137,0,1,98.39477824,4,2,0,1301.603577,0,5.374422848,0.044401142,-0.865066926,1268.935375,0.025989101
231.7989979,5.615225211,1301.603577,0,1,98.3817622,4,2,0,1291.718929,0,30.23543992,0.052575619,3.244580434,1272.197132,0.046565468
231.9372409,5.569260561,1291.718929,0,1,98.36884501,4,2,0,1253.46169,0,-9.884648552,-0.04596465,0.138242989,1277.695523,0.041063308
227.5670145,5.508099195,1253.46169,0,1,98.35631039,4,2,0,1267.623022,0,-38.25723903,-0.061161366,-4.37022641,1276.829209,0.043124406
228.107672,5.557125767,1267.623022,0,1,98.34363416,4,2,0,1291.875588,0,14.16133201,0.049026571,0.540657465,1277.155071,0.0381248
230.2834563,5.609936591,1291.875588,0,1,98.33071541,4,2,0,1266.143368,0,24.25256605,0.052810824,2.175784284,1281.256561,0.043645272
229.338288,5.520854713,1266.143368,0,1,98.31805397,4,2,0,1271.205066,0,-25.73221914,-0.089081878,-0.945168227,1274.164519,0.040535755
230.0464736,5.525861996,1271.205066,0,1,98.30534192,4,2,0,1301.234102,0,5.061697633,0.005007283,0.708185601,1270.061747,0.040843523
232.5753376,5.594892887,1301.234102,0,1,98.29232958,4,2,0,1281.89802,0,30.02903569,0.06903089,2.528863934,1279.616229,0.040006731
227.9253142,5.624202054,1281.89802,0,1,98.2795106,4,2,0,1265.102045,0,-19.33608136,0.029309168,-4.650023362,1282.471229,0.048433661
230.5062538,5.488363217,1265.102045,0,1,98.26685958,4,2,0,1259.76883,0,-16.79597587,-0.135838837,2.580939553,1277.11652,0.056455766
228.1230583,5.522321325,1259.76883,0,1,98.25426189,4,2,0,1280.545093,0,-5.333214969,0.033958108,-2.383195478,1275.841612,0.056264545
229.9135413,5.569681048,1280.545093,0,1,98.24145644,4,2,0,1281.574755,0,20.77626381,0.047359722,1.790482977,1277.709618,0.054737083
230.4344386,5.561559127,1281.574755,0,1,98.22864069,4,2,0,1300.320278,0,1.029661954,-0.008121921,0.520897378,1273.777749,0.051332469
232.2049681,5.599881382,1300.320278,0,1,98.21563749,4,2,0,1292.159854,0,18.74552226,0.038322255,1.770529449,1277.4622,0.04347667
232.1772738,5.565401955,1292.159854,0,1,98.20271589,4,2,0,1273.730575,0,-8.160423914,-0.034479427,-0.02769427,1282.873762,0.027679037
228.3573952,5.577794291,1273.730575,0,1,98.18997859,4,2,0,1269.201457,0,-18.42927856,0.012392336,-3.819878639,1285.666111,0.015230471
228.0830698,5.564645625,1269.201457,0,1,98.17728657,4,2,0,1247.081048,0,-4.529118574,-0.013148666,-0.274325382,1283.397384,0.01581412
228.6560183,5.453961181,1247.081048,0,1,98.16481576,4,2,0,1284.605834,0,-22.12040887,-0.110684444,0.572948509,1276.498642,0.056807876
229.0613608,5.608129757,1284.605834,0,1,98.1519697,4,2,0,1285.587797,0,37.52478597,0.154168575,0.405342504,1273.355753,0.058624434
231.5673863,5.551679006,1285.587797,0,1,98.13911383,4,2,0,1292.898517,0,0.981963595,-0.05645075,2.506025516,1272.041342,0.058276597
231.0208627,5.596457835,1292.898517,0,1,98.12618484,4,2,0,1289.825385,0,7.310719921,0.044778829,-0.546523613,1275.87493,0.060939375
231.5971519,5.569262725,1289.825385,0,1,98.11328659,4,2,0,1268.673721,0,-3.07313178,-0.02719511,0.576289215,1279.999716,0.061157149
229.9105697,5.518118295,1268.673721,0,1,98.10059985,4,2,0,1281.512133,0,-21.15166439,-0.05114443,-1.686582215,1284.318251,0.035964352
229.0870872,5.593995491,1281.512133,0,1,98.08778473,4,2,0,1252.243799,0,12.83841206,0.075877196,-0.823482495,1283.699511,0.032479893
226.61752,5.525803121,1252.243799,0,1,98.07526229,4,2,0,1263.722676,0,-29.26833359,-0.068192371,-2.469567179,1277.030711,0.037052405
227.734496,5.549105201,1263.722676,0,1,98.06262506,4,2,0,1249.872214,0,11.47887688,0.02330208,1.11697599,1271.195543,0.031230949
226.5897216,5.516014609,1249.872214,0,1,98.05012634,4,2,0,1252.84964,0,-13.85046192,-0.033090592,-1.144774476,1263.204909,0.032604573
230.079611,5.445287544,1252.84964,0,1,98.03759785,4,2,0,1283.512659,0,2.977425728,-0.070727065,3.489889492,1260.040093,0.054248217
228.203513,5.624421124,1283.512659,0,1,98.02476272,4,2,0,1284.926383,0,30.66301902,0.17913358,-1.876098041,1260.440198,0.06451193
229.1623222,5.607057784,1284.926383,0,1,98.01191345,4,2,0,1268.949023,0,1.413723592,-0.01736334,0.958809238,1266.976715,0.072286641
228.1358688,5.562251258,1268.949023,0,1,97.99922396,4,2,0,1261.535153,0,-15.97735951,-0.044806526,-1.026453461,1268.021984,0.072558301
229.5504426,5.495677282,1261.535153,0,1,97.98660861,4,2,0,1253.247049,0,-7.413870617,-0.066573977,1.414573854,1270.354572,0.075519857
228.4652765,5.48550339,1253.247049,0,1,97.97407614,4,2,0,1292.610793,0,-8.288103845,-0.010173892,-1.085166138,1270.434053,0.063108732
231.1078046,5.593107489,1292.610793,0,1,97.96115003,4,2,0,1276.79693,0,39.36374418,0.107604099,2.642528153,1272.25368,0.055602408
230.2251224,5.545862747,1276.79693,0,1,97.94838207,4,2,0,1272.641314,0,-15.81386332,-0.047244742,-0.882682261,1270.627789,0.045338567
227.7509309,5.587864379,1272.641314,0,1,97.93565565,4,2,0,1254.334054,0,-4.15561573,0.042001632,-2.474191513,1271.366248,0.050167995
228.7884754,5.482505409,1254.334054,0,1,97.92311231,4,2,0,1257.786405,0,-18.30726009,-0.10535897,1.037544502,1269.926028,0.053422763
226.9744898,5.541532029,1257.786405,0,1,97.91053445,4,2,0,1245.78952,0,3.45235139,0.05902662,-1.813985529,1270.833899,0.044542558
225.877672,5.515328314,1245.78952,0,1,97.89807655,4,2,0,1284.361631,0,-11.99688513,-0.026203714,-1.096817827,1261.469645,0.03904241
229.6622242,5.592393943,1284.361631,0,1,97.88523294,4,2,0,1284.287058,0,38.57211141,0.077065628,3.784552176,1262.982585,0.047105653
231.8127264,5.540192197,1284.287058,0,1,97.87239007,4,2,0,1258.152811,0,-0.074573785,-0.052201746,2.150502172,1265.311734,0.040325209
227.9483696,5.519463962,1258.152811,0,1,97.85980854,4,2,0,1264.50009,0,-26.13424682,-0.020728235,-3.864356816,1266.075485,0.03066778
229.8137369,5.502282444,1264.50009,0,1,97.84716354,4,2,0,1281.485476,0,6.347278976,-0.017181517,1.865367318,1267.418222,0.035405171
233.2675585,5.493629223,1281.485476,0,1,97.83434868,4,2,0,1280.067802,0,16.9853862,-0.008653222,3.453821632,1274.557413,0.039364192
230.2095776,5.560445468,1280.067802,0,1,97.821548,4,2,0,1230.750712,0,-1.417673699,0.066816246,-3.057980923,1273.698647,0.027394765
223.8847053,5.497252305,1230.750712,0,1,97.8092405,4,2,0,1275.912051,0,-49.31709,-0.063193164,-6.324872244,1262.991378,0.027467718
230.2086384,5.542416043,1275.912051,0,1,97.79648138,4,2,0,1283.675036,0,45.16133825,0.045163738,6.323933067,1266.543226,0.030256994
230.8150528,5.561487521,1283.675036,0,1,97.78364463,5,2,0,1285.863248,0,7.762984949,0.019071478,0.606414364,1270.378215,0.033400306
229.6455154,5.599339685,1285.863248,0,1,97.77078599,5,2,0,1272.658472,0,2.18821209,0.037852164,-1.169537395,1271.25377,0.037051889
227.5503963,5.592864233,1272.658472,0,1,97.75805941,5,2,0,1282.971897,0,-13.20477528,-0.006475452,-2.095119111,1269.771904,0.041435286
227.733032,5.633666254,1282.971897,0,1,97.74522969,5,2,0,1284.827455,0,10.31342468,0.040802021,0.18263571,1280.216141,0.035346674
233.0046896,5.514169936,1284.827455,0,1,97.73238142,5,2,0,1249.538286,0,1.855557522,-0.119496318,5.271657673,1281.999221,0.044987279
226.0133051,5.528604988,1249.538286,0,1,97.71988603,5,2,0,1286.971822,0,-35.28916866,0.014435052,-6.99138454,1275.171872,0.050492567
232.7941406,5.528368619,1286.971822,0,1,97.70701631,5,2,0,1257.599932,0,37.43353593,-0.000236369,6.780835539,1275.393586,0.051459398
227.1306959,5.536899919,1257.599932,0,1,97.69444031,5,2,0,1251.85599,0,-29.37189029,0.008531299,-5.663444759,1272.381878,0.048392574
227.0146512,5.514428179,1251.85599,0,1,97.68192175,5,2,0,1278.571053,0,-5.743941773,-0.022471739,-0.116044667,1266.158697,0.009921275
229.3252768,5.575360338,1278.571053,0,1,97.66913604,5,2,0,1294.419048,0,26.71506307,0.060932159,2.310625581,1264.907416,0.023052286
232.4974589,5.567454603,1294.419048,0,1,97.65619185,5,2,0,23.82885388,0,15.847995,-0.007905735,3.172182114,1273.883569,0.025988321
233.9034977,0.101874722,23.82885388,0,0,97.65595357,5,0,0,4.465419742,0,-1270.590194,-5.465579881,1.406038822,1021.254975,2.435942803
227.6047951,0.019619181,4.465419742,0,0,97.65590891,5,0,0,-1147.589045,0,-19.36343414,-0.082255541,-6.298702625,770.6280728,3.008141949
229.5178089,-5,-1147.589045,0,0,97.65590922,5,0,1,15.79731079,0,-1152.054464,-5.019619181,1.913013795,290.739066,4.450944955
230.8083981,0.068443397,15.79731079,0,0,97.65575125,5,0,0,-6.984043775,0,1163.386355,5.068443397,1.290589156,38.18431755,3.738223847
228.8309545,-0.030520538,-6.984043775,0,0,97.65582109,5,0,0,3.398256649,0,-22.78135456,-0.098963935,-1.977443599,-222.0963008,2.25444728
229.8045407,0.014787596,3.398256649,0,0,97.65578711,5,0,0,-1.004715233,0,10.38230042,0.045308133,0.973586206,-226.1824202,2.244428243
231.8850564,-0.004332816,-1.004715233,0,0,97.65579715,5,0,0,10.20250319,0,-4.402971883,-0.019120412,2.080515703,-227.2764472,2.241770542
233.0451641,0.043779081,10.20250319,0,0,97.65569513,5,0,0,-7.354868105,0,11.20721843,0.048111897,1.160107692,4.281862325,0.038959863
228.8516499,-0.032138148,-7.354868105,0,0,97.65576868,5,0,0,19.86435273,0,-17.5573713,-0.075917229,-4.193514204,-0.348573454,0.032032103
228.7467185,0.086839946,19.86435273,0,0,97.65557004,5,0,0,4.658838174,0,27.21922084,0.118978094,-0.104931313,5.021105848,0.045702012
228.0531586,0.020428738,4.658838174,0,0,97.65552345,5,0,0,22.76195962,0,-15.20551456,-0.066411208,-0.693559903,5.273222153,0.045555413
227.8044995,0.099918832,22.76195962,0,0,97.65529583,5,0,0,-3.669756194,0,18.10312144,0.079490095,-0.248659106,10.02655712,0.053184991
229.1871717,-0.016012049,-3.669756194,0,0,97.65533252,5,0,0,-4.826341077,0,-26.43171581,-0.115930881,1.38267219,7.252105246,0.05952511
228.5575095,-0.021116528,-4.826341077,0,0,97.65538079,5,0,0,27.35669351,0,-1.156584883,-0.005104479,-0.629662181,7.757810651,0.056702221
229.5964853,0.119151186,27.35669351,0,0,97.65510722,5,0,0,6.150447828,0,32.18303459,0.140267714,1.03897574,9.256278807,0.065401963
229.3636733,0.026815266,6.150447828,0,0,97.65504572,5,0,0,10.35676339,0,-21.20624568,-0.09233592,-0.232811997,9.554600738,0.064973567
228.7020528,0.04528496,10.35676339,0,0,97.65494215,5,0,0,-5.182142992,0,4.206315563,0.018469695,-0.661620525,7.073561492,0.056829383
232.1660688,-0.022320846,-5.182142992,0,0,97.65499397,5,0,0,11.00138612,0,-15.53890638,-0.067605806,3.46401605,6.771084132,0.058183162
229.6707488,0.047900685,11.00138612,0,0,97.65488396,5,0,0,10.91518923,0,16.18352911,0.07022153,-2.495320053,9.936629571,0.050883024
228.6597004,0.047735518,10.91518923,0,0,97.6547748,5,0,0,24.49043845,0,-0.086196889,-0.000165167,-1.011048364,6.648328714,0.030050055
230.7483505,0.106134836,24.49043845,0,0,97.6545299,5,0,0,-0.059390693,0,13.57524923,0.058399319,2.088650136,10.31632684,0.04551244
230.3015498,-0.000257882,-0.059390693,0,0,97.65453049,5,0,0,-6.407047002,0,-24.54982915,-0.106392719,-0.446800771,8.233096022,0.049784708
230.9095135,-0.027747003,-6.407047002,0,0,97.65459456,5,0,0,11.0201479,0,-6.347656309,-0.027489121,0.60796369,7.98811522,0.051402301
229.6773222,0.047981001,11.0201479,0,0,97.65448436,5,0,0,4.591114768,0,17.4271949,0.075728005,-1.232191295,7.991867578,0.051407449
229.2738396,0.020024591,4.591114768,0,0,97.65443845,5,0,0,2.561621504,0,-6.429033134,-0.027956411,-0.403482536,6.727052686,0.05115322
231.1744325,0.011080903,2.561621504,0,0,97.65441284,5,0,0,33.95705224,0,-2.029493263,-0.008943687,1.900592844,2.341289296,0.027722029
232.3646233,0.146136928,33.95705224,0,0,97.65407327,5,0,0,8.860146556,0,31.39543073,0.135056025,1.19019084,9.144577882,0.065483696
231.2134813,0.038320199,8.860146556,0,0,97.65398466,5,0,0,23.86703335,0,-25.09690568,-0.107816729,-1.151142023,12.19801659,0.054220242
232.0257639,0.102863721,23.86703335,0,0,97.65374599,5,0,0,23.2933871,0,15.0068868,0.064543522,0.812282602,14.76739368,0.058416796
228.8495522,0.101784718,23.2933871,0,0,97.65351306,5,0,0,40.00029051,0,-0.573646248,-0.001079003,-3.176211704,18.50784815,0.054448273
230.2792274,0.173703425,40.00029051,0,0,97.65311306,5,0,0,19.93267322,0,16.70690341,0.071918707,1.429675213,25.99558195,0.051448035
231.6957602,0.086029512,19.93267322,0,0,97.65291373,5,0,0,17.73410026,0,-20.06761729,-0.087673913,1.416532767,23.19070615,0.048584189
227.380109,0.077993191,17.73410026,0,0,97.65273639,5,0,0,0.937078463,0,-2.198572958,-0.008036321,-4.31565117,24.96549689,0.03796029
230.5365087,0.004064773,0.937078463,0,0,97.65272702,5,0,0,19.14783728,0,-16.7970218,-0.073928418,3.156399715,20.37950591,0.060583991
228.1981646,0.083908814,19.14783728,0,0,97.65253554,5,0,0,1.191403059,0,18.21075882,0.079844041,-2.338344113,19.55039595,0.060145774
226.6295773,0.00525705,1.191403059,0,0,97.65252363,5,0,0,2.096612149,0,-17.95643422,-0.078651764,-1.568587306,11.78861846,0.042816488
227.3514004,0.009221901,2.096612149,0,0,97.65250266,5,0,0,21.11745607,0,0.90520909,0.003964851,0.721823158,8.221406242,0.041050874
233.1990795,0.090555486,21.11745607,0,0,97.65229149,5,0,0,30.26790218,0,19.02084392,0.081333585,5.847679034,8.898077404,0.044496539
231.1870469,0.130923867,30.26790218,0,0,97.65198881,5,0,0,11.26358764,0,9.150446109,0.040368381,-2.01203254,14.76424215,0.05484462
227.7521908,0.049455452,11.26358764,0,0,97.65187617,5,0,0,25.43405188,0,-19.00431454,-0.081468415,-3.434856117,13.18739222,0.053869459
229.3644278,0.110889261,25.43405188,0,0,97.65162183,5,0,0,15.34010502,0,14.17046424,0.061433809,1.612236939,18.03592198,0.048952218
232.571839,0.065958566,15.34010502,0,0,97.65146843,5,0,0,8.052247868,0,-10.09394686,-0.044930695,3.207411214,20.68462056,0.032910106
227.6405512,0.035372643,8.052247868,0,0,97.65138791,5,0,0,14.9503923,0,-7.287857152,-0.030585923,-4.931287776,18.07157892,0.040798794
232.0481313,0.06442798,14.9503923,0,0,97.6512384,5,0,0,6.101743322,0,6.898144434,0.029055337,4.407580083,15.00807694,0.028399999
229.2263268,0.026618859,6.101743322,0,0,97.65117738,5,0,0,3.180965696,0,-8.84864898,-0.037809121,-2.821804492,13.97570808,0.033028399
228.4136501,0.013926338,3.180965696,0,0,97.65114558,5,0,0,21.15910475,0,-2.920777625,-0.012692521,-0.812676709,9.525090842,0.023145883
225.6869431,0.093754226,21.15910475,0,0,97.65093398,5,0,0,13.42318884,0,17.97813906,0.079827888,-2.726707005,10.68889079,0.032148031
227.623071,0.058971126,13.42318884,0,0,97.65079975,5,0,0,8.887214467,0,-7.735915914,-0.0347831,1.936127926,11.76307898,0.031777403
226.9878784,0.039152815,8.887214467,0,0,97.65071088,5,0,0,-5.49112389,0,-4.535974372,-0.019818311,-0.635192576,10.55044342,0.031220082
230.9178542,-0.023779555,-5.49112389,0,0,97.65076579,6,0,0,-2.085095816,0,-14.37833836,-0.062932371,3.929975816,8.231869973,0.044534215
230.9561668,-0.009028102,-2.085095816,0,0,97.65078664,6,0,0,1.871633497,0,3.406028075,0.014751453,0.038312552,7.178657671,0.04844244
232.5924349,0.008046837,1.871633497,0,0,97.65076793,6,0,0,20.24595256,0,3.956729313,0.017074939,1.636268112,3.32116342,0.034080172
231.5435802,0.087439058,20.24595256,0,0,97.65056547,6,0,0,5.705537187,0,18.37431907,0.079392221,-1.048854749,4.685716165,0.044205047
231.8873655,0.024604778,5.705537187,0,0,97.65050841,6,0,0,28.78562928,0,-14.54041538,-0.06283428,0.343785325,4.049380709,0.043124948
229.175431,0.125605215,28.78562928,0,0,97.65022055,6,0,0,21.69285323,0,23.08009209,0.101000437,-2.711934501,10.90473134,0.056946431
228.4988661,0.094936371,21.69285323,0,0,97.65000363,6,0,0,23.89814232,0,-7.092776048,-0.030668844,-0.676564912,15.66032115,0.049747495
230.3684699,0.103738773,23.89814232,0,0,97.64976464,6,0,0,5.002968515,0,2.20528909,0.008802401,1.869603781,20.06562292,0.037836956
229.3557616,0.021813136,5.002968515,0,0,97.64971462,6,0,0,14.07414837,0,-18.89517381,-0.081925636,-1.012708258,17.01702611,0.047825421
229.0841101,0.061436598,14.07414837,0,0,97.64957387,6,0,0,24.63283232,0,9.071179854,0.039623462,-0.271651457,18.69074834,0.040575333
228.5864773,0.107761547,24.63283232,0,0,97.64932755,6,0,0,9.072018963,0,10.55868395,0.046324949,-0.497632821,17.86018895,0.036284863
227.9970278,0.039790076,9.072018963,0,0,97.64923683,6,0,0,36.89668039,0,-15.56081336,-0.067971471,-0.589449515,15.3360221,0.038158822
229.2098749,0.160973346,36.89668039,0,0,97.64886786,6,0,0,-3.198053628,0,27.82466143,0.12118327,1.212847117,17.93572971,0.056260564
232.1324829,-0.013776847,-3.198053628,0,0,97.64889984,6,0,0,22.30065399,0,-40.09473402,-0.174750192,2.922607937,16.29552528,0.066518729
225.5843473,0.098857276,22.30065399,0,0,97.64867683,6,0,0,5.585906852,0,25.49870762,0.112634122,-6.548135585,17.94082641,0.067241616
230.2051583,0.024264907,5.585906852,0,0,97.64862097,6,0,0,234.0605052,0,-16.71474714,-0.074592368,4.620811015,14.13144131,0.068581207
226.9474213,1.031342431,234.0605052,1,0,97.64628037,6,1,0,92.1256894,0,228.4745983,1.007077524,-3.257737024,59.12913855,0.436252979
228.2197674,0.403670946,92.1256894,1,0,97.64535911,6,1,0,91.47495191,0,-141.9348158,-0.627671485,1.272346163,70.17494035,0.435935782
225.0264723,0.406507514,91.47495191,1,0,97.64444436,6,1,0,110.5188154,0,-0.650737486,0.002836568,-3.1932951,89.10954146,0.396945483
227.288222,0.486249637,110.5188154,1,0,97.64333917,6,1,0,91.20172324,0,19.04386346,0.079742122,2.26174964,106.7531737,0.361413599
229.2873798,0.397761636,91.20172324,1,0,97.64242716,6,1,0,96.68064466,0,-19.31709214,-0.088488001,1.999157873,123.876337,0.274232436
228.1237301,0.423807925,96.68064466,1,0,97.64146035,6,1,0,95.6632611,0,5.478921424,0.026046289,-1.16364978,96.40036492,0.036338552
228.4170397,0.418809653,95.6632611,1,0,97.64050372,6,1,0,117.6633028,0,-1.017383561,-0.004998272,0.293309632,97.10787926,0.034863734
228.8463161,0.514158606,117.6633028,1,0,97.63932708,6,1,0,115.8088575,0,22.00004173,0.095348953,0.429276431,102.3455494,0.049500247
231.3191784,0.500645291,115.8088575,1,0,97.638169,6,1,0,108.0173535,0,-1.854445353,-0.013513314,2.472862282,103.4035579,0.052591845
232.5803411,0.464430282,108.0173535,1,0,97.63708882,6,1,0,114.2703622,0,-7.791504017,-0.036215009,1.261162716,106.7666839,0.043346952
231.001178,0.49467437,114.2703622,1,0,97.63594612,6,1,0,102.4866234,0,6.253008732,0.030244088,-1.579163138,110.2846274,0.038027771
230.6679945,0.444303613,102.4866234,1,0,97.63492125,6,1,0,99.37265246,0,-11.78373877,-0.050370757,-0.333183498,111.6492999,0.028542456
227.3697604,0.437053073,99.37265246,1,0,97.63392753,6,1,0,108.827557,0,-3.113970968,-0.007250541,-3.298234048,107.9911698,0.028761807
231.4525779,0.470193756,108.827557,1,0,97.63283925,6,1,0,77.91244024,0,9.454904565,0.033140683,4.082817505,106.5949097,0.022782031
228.5357551,0.340920134,77.91244024,1,0,97.63206013,6,1,0,99.75234929,0,-30.91511679,-0.129273622,-2.916822845,100.5739271,0.058548963
230.6042923,0.432569352,99.75234929,1,0,97.6310626,6,1,0,102.0420227,0,21.83990905,0.091649218,2.068537249,97.67032449,0.049211534
228.7767064,0.446033271,102.0420227,1,0,97.63004218,6,1,0,110.4330303,0,2.289673367,0.013463919,-1.827585958,97.58140434,0.049386849
233.1261031,0.473705127,110.4330303,1,0,97.62893785,6,1,0,114.1220671,0,8.391007648,0.027671856,4.34939667,99.79347991,0.054056771
227.5023339,0.501630314,114.1220671,1,0,97.62779663,6,1,0,98.76764053,0,3.68903676,0.027925186,-5.623769179,100.8523819,0.060904594
230.984889,0.427593515,98.76764053,1,0,97.62680895,6,1,0,108.8364885,0,-15.35442654,-0.074036799,3.482555145,105.023422,0.031025744
231.8022177,0.469523068,108.8364885,1,0,97.62572059,6,1,0,95.33121972,0,10.06884794,0.041929554,0.817328698,106.8402498,0.028233451
230.7298311,0.413172494,95.33121972,1,0,97.62476728,6,1,0,95.54406873,0,-13.50526876,-0.056350574,-1.072386595,105.4980892,0.036101479
228.1072991,0.418855815,95.54406873,1,0,97.62381184,6,1,0,93.59567175,0,0.212849011,0.005683321,-2.622531978,102.5202969,0.038082795
229.4062141,0.407991005,93.59567175,1,0,97.62287588,6,1,0,81.25400764,0,-1.948396979,-0.010864811,1.298914919,98.41501784,0.024629864
229.810382,0.353569786,81.25400764,1,0,97.62206334,6,1,0,111.1377304,0,-12.34166411,-0.054421218,0.404167911,94.91229126,0.041187089
229.9013258,0.483414917,111.1377304,1,0,97.62095196,6,1,0,97.38931865,0,29.88372279,0.129845131,0.090943868,95.37253965,0.046154095
230.7105658,0.422127692,97.38931865,1,0,97.61997807,6,1,0,94.25223208,0,-13.74841178,-0.061287225,0.809239943,95.78415944,0.046219716
228.1502019,0.413114831,94.25223208,1,0,97.61903555,6,1,0,86.9462849,0,-3.137086578,-0.009012861,-2.560363875,95.52579211,0.04623935
231.872348,0.37497479,86.9462849,1,0,97.61816608,6,1,0,106.1869333,0,-7.305947176,-0.038140041,3.722146101,94.19591474,0.049890134
229.0790249,0.463538438,106.1869333,1,0,97.61710422,6,1,0,123.3365993,0,19.24064841,0.088563648,-2.793323119,99.18249987,0.042844348
232.394732,0.530720289,123.3365993,1,0,97.61587085,6,1,0,111.5856439,0,17.14966603,0.067181851,3.315707152,101.6222737,0.059267891
231.6041893,0.481794584,111.5856439,1,0,97.61475499,6,1,0,123.0109878,0,-11.75095539,-0.048925705,-0.790542792,104.4615387,0.060537681
228.0408509,0.539425227,123.0109878,1,0,97.61352488,6,1,0,103.5050911,0,11.42534385,0.057630643,-3.563338344,110.2132899,0.065935908
230.0312601,0.449960979,103.5050911,1,0,97.61248983,6,1,0,97.1356196,0,-19.50589669,-0.089464248,1.990409187,113.5250511,0.040074885
228.8661407,0.424421102,97.1356196,1,0,97.61151848,6,1,0,13.64399777,0,-6.369471505,-0.025539878,-1.165119367,111.7147884,0.049899677
234.1188144,0.058278092,13.64399777,0,0,97.61138204,6,0,0,14.40140091,0,-83.49162184,-0.36614301,5.252673675,89.77626804,0.190768635
232.5626076,0.061924834,14.40140091,0,0,97.61123802,6,0,0,4.865920141,0,0.757403147,0.003646742,-1.556206831,70.33941944,0.229222202
229.0501775,0.021243905,4.865920141,0,0,97.61118936,6,0,0,10.47673659,0,-9.535480772,-0.04068093,-3.51243004,46.71040591,0.214417119
231.3410807,0.04528697,10.47673659,0,0,97.6110846,6,0,0,2.97122399,0,5.610816446,0.024043065,2.290903121,28.104735,0.169679435
230.8540357,0.012870574,2.97122399,0,0,97.61105488,6,0,0,19.70412578,0,-7.505512597,-0.032416396,-0.487044928,9.271855879,0.021968754
229.7376078,0.085767959,19.70412578,0,0,97.61085784,6,0,0,28.57839714,0,16.73290179,0.072897385,-1.116427919,10.48388148,0.029767154
228.2545171,0.125204081,28.57839714,0,0,97.61057206,6,0,0,16.67566307,0,8.874271364,0.039436122,-1.483090748,13.31928073,0.047001907
226.738007,0.073545954,16.67566307,0,0,97.6104053,6,0,0,5.192086929,0,-11.90273407,-0.051658127,-1.516510049,15.68122931,0.042345214
232.8555664,0.022297457,5.192086929,0,0,97.61035338,6,0,0,-6.806495132,0,-11.48357614,-0.051248497,6.117559423,14.62429938,0.046540868
230.1062827,-0.029579788,-6.806495132,0,0,97.61042145,7,0,0,3.130327494,0,-11.99858206,-0.051877245,-2.749283784,12.66875556,0.060086251
227.9934476,0.013729901,3.130327494,0,0,97.61039014,7,0,0,5.543346684,0,9.936822626,0.043309689,-2.112835096,9.3539959,0.059633272
229.9472513,0.024107036,5.543346684,0,0,97.61033471,7,0,0,11.20693672,0,2.41301919,0.010377135,1.953803773,4.746985809,0.036685903
231.0622224,0.048501813,11.20693672,0,0,97.61022264,7,0,0,16.54170899,0,5.663590037,0.024394777,1.11497107,3.653240539,0.028479125
230.1701703,0.071867301,16.54170899,0,0,97.61005722,7,0,0,-1.601080899,0,5.334772266,0.023365488,-0.892052125,5.923164951,0.0382525
230.4439013,-0.006947812,-1.601080899,0,0,97.61007323,7,0,0,15.09225506,0,-18.14278989,-0.078815113,0.273730981,6.964247797,0.030657199
230.641079,0.06543611,15.09225506,0,0,97.60992231,7,0,0,35.45970663,0,16.69333596,0.072383922,0.197177715,9.356633311,0.032364051
230.5321711,0.153816738,35.45970663,0,0,97.60956771,7,0,0,14.5518941,0,20.36745157,0.088380628,-0.108907902,15.3399053,0.057820114
224.7007891,0.064761206,14.5518941,0,0,97.60942219,7,0,0,7.058104083,0,-20.90781253,-0.089055532,-5.831382015,16.00889678,0.057003826
232.2530482,0.030389716,7.058104083,0,0,97.60935161,7,0,0,26.67392744,0,-7.493790018,-0.03437149,7.552259132,14.1121758,0.059584941
230.7475651,0.115597872,26.67392744,0,0,97.60908487,7,0,0,19.77673798,0,19.61582336,0.085208156,-1.505483055,19.76717746,0.048583968
231.4027436,0.085464579,19.77673798,0,0,97.60888711,7,0,0,9.40784031,0,-6.897189465,-0.030133293,0.65517843,20.70407405,0.04727256
230.5099926,0.040813156,9.40784031,0,0,97.60879303,7,0,0,43.38771994,0,-10.36889766,-0.044651423,-0.892750979,15.49370078,0.034398213
232.4242984,0.18667463,43.38771994,0,0,97.60835915,7,0,0,-12.05761063,0,33.97987963,0.145861474,1.914305785,21.26086595,0.063203149
228.4297795,-0.052784758,-12.05761063,0,0,97.60847973,7,0,0,14.14744645,0,-55.44533057,-0.239459388,-3.994518894,17.43772301,0.08905965
229.4148885,0.061667517,14.14744645,0,0,97.60833825,7,0,0,-9.450519773,0,26.20505708,0.114452275,0.985109073,14.93242681,0.086155193
229.8658039,-0.041113204,-9.450519773,0,0,97.60843276,7,0,0,2.691162084,0,-23.59796622,-0.102780721,0.450915383,9.08697526,0.096394313
232.3960317,0.011580069,2.691162084,0,0,97.60840585,7,0,0,-6.670930848,0,12.14168186,0.052693273,2.530227742,7.743639614,0.097144369
229.5962755,-0.029055048,-6.670930848,0,0,97.60847256,7,0,0,8.198074471,0,-9.362092932,-0.040635117,-2.799756161,-2.268090544,0.046806989
230.4024849,0.035581537,8.198074471,0,0,97.60839057,7,0,0,24.60701637,0,14.86900532,0.064636585,0.806209417,1.783046476,0.043123616
230.9103487,0.106565238,24.60701637,0,0,97.6081445,7,0,0,4.016646205,0,16.4089419,0.070983702,0.507863739,3.874960462,0.058937207
229.89665,0.01747153,4.016646205,0,0,97.60810434,7,0,0,5.485282423,0,-20.59037017,-0.089093709,-1.013698672,6.568393657,0.049660847
228.2263773,0.024034393,5.485282423,0,0,97.60804949,7,0,0,22.46589121,0,1.468636218,0.006562863,-1.670272646,7.127217725,0.048911173
230.4164617,0.097501242,22.46589121,0,0,97.60782483,7,0,0,-3.519650475,0,16.98060879,0.073466849,2.190084376,12.95458214,0.042432555
232.1623064,-0.015160301,-3.519650475,0,0,97.60786002,7,0,0,-2.104261511,0,-25.98554169,-0.112661543,1.745844712,10.61103715,0.053285636
230.372933,-0.009134153,-2.104261511,0,0,97.60788107,7,0,0,3.058957845,0,1.415388963,0.006026149,-1.789373446,5.268781571,0.044918996
227.7124745,0.013433422,3.058957845,0,0,97.60785048,7,0,0,11.25832798,0,5.163219357,0.022567575,-2.66045845,5.077243899,0.045077974
226.7809715,0.049644059,11.25832798,0,0,97.60773789,7,0,0,23.48702332,0,8.199370138,0.036210637,-0.931503083,6.231853011,0.046770901
229.6137764,0.10228926,23.48702332,0,0,97.60750302,7,0,0,21.09517698,0,12.22869534,0.052645201,2.832804903,6.436079432,0.048582588
228.5979466,0.092280693,21.09517698,0,0,97.60729207,7,0,0,-4.671107741,0,-2.391846342,-0.010008567,-1.01582976,11.35904492,0.048361842
228.3344693,-0.020457304,-4.671107741,0,0,97.60733878,7,0,0,11.78506367,0,-25.76628472,-0.112737998,-0.263477347,10.84567568,0.051938613
230.3466959,0.051162287,11.78506367,0,0,97.60722093,7,0,0,17.25786936,0,16.45617141,0.071619591,2.01222666,12.59089684,0.048382181
225.972509,0.076371544,17.25786936,0,0,97.60704835,7,0,0,37.13303125,0,5.472805685,0.025209257,-4.374186905,13.79080512,0.049115662
230.9632035,0.160774663,37.13303125,0,0,97.60667702,7,0,0,1.000701458,0,19.87516189,0.084403119,4.990694458,16.5200067,0.06575317
229.3911731,0.004362424,1.000701458,0,0,97.60666702,7,0,0,0.444379193,0,-36.13232979,-0.15641224,-1.57203033,12.5011116,0.070562324
227.7665779,0.001951029,0.444379193,0,0,97.60666257,7,0,0,7.421298898,0,-0.556322266,-0.002411395,-1.624595206,13.52420899,0.065117401
229.4807559,0.032339526,7.421298898,0,0,97.60658836,7,0,0,4.983534122,0,6.976919705,0.030388497,1.714178003,12.65145603,0.066213196
229.1595682,0.021747004,4.983534122,0,0,97.60653852,7,0,0,16.10223264,0,-2.437764775,-0.010592522,-0.321187686,10.19658898,0.066344672
231.5548208,0.069539613,16.10223264,0,0,97.6063775,7,0,0,-5.585872758,0,11.11869852,0.047792609,2.395252524,5.990429262,0.027388467
231.0924087,-0.024171598,-5.585872758,0,0,97.60643336,7,0,0,22.47057544,0,-21.6881054,-0.093711211,-0.462412064,4.673114419,0.034949927
230.0850149,0.097662055,22.47057544,0,0,97.60620865,7,0,0,17.44762107,0,28.0564482,0.121833653,-1.007393763,9.078353668,0.046652136
230.1626257,0.075805622,17.44762107,0,0,97.60603418,7,0,0,14.51757893,0,-5.022954369,-0.021856433,0.077610786,11.0836181,0.048993159
229.770708,0.063182897,14.51757893,0,0,97.605889,7,0,0,-9.915355133,0,-2.930042142,-0.012622726,-0.391917685,12.99042706,0.046876366
231.6158149,-0.042809491,-9.915355133,0,0,97.60598816,7,0,0,-6.025375934,0,-24.43293406,-0.105992388,1.845106901,7.78690951,0.063118578
229.3018174,-0.026277053,-6.025375934,0,0,97.60604841,7,0,0,33.51960565,0,3.889979199,0.016532438,-2.313997548,7.699008875,0.06360826
234.1044972,0.143182237,33.51960565,0,0,97.60571321,7,0,0,3.952362773,0,39.54498158,0.16945929,4.802679811,9.908814916,0.076944596
225.729234,0.017509308,3.952362773,0,0,97.60567369,7,0,0,13.98332573,0,-29.56724287,-0.125672929,-8.375263187,7.209763256,0.07505179
229.5355782,0.06092008,13.98332573,0,0,97.60553386,7,0,0,16.85895924,0,10.03096296,0.043410771,3.806344196,7.102912617,0.074815341
229.0223377,0.073612729,16.85895924,0,0,97.60536527,7,0,0,3.80245968,0,2.875633508,0.012692649,-0.513240511,12.45777549,0.063564479
228.0136807,0.016676454,3.80245968,0,0,97.60532724,7,0,0,23.5806742,0,-13.05649956,-0.056936275,-1.00865701,14.42334262,0.051864005
228.4924997,0.103201086,23.5806742,0,0,97.60509144,7,0,0,8.266010707,0,19.77821452,0.086524632,0.478818954,12.43555633,0.03734024
230.4728104,0.035865448,8.266010707,0,0,97.60500877,7,0,0,5.705819421,0,-15.31466349,-0.067335638,1.980310788,13.29828591,0.033514851
231.4710901,0.024650246,5.705819421,0,0,97.60495172,7,0,0,24.2324075,0,-2.560191287,-0.011215202,0.998279643,11.64278465,0.036529308
228.7909111,0.105915079,24.2324075,0,0,97.60470939,7,0,0,11.62008233,0,18.52658808,0.081264833,-2.680178996,13.1174743,0.043720839
231.8334149,0.050122552,11.62008233,0,0,97.60459319,7,0,0,10.26816298,0,-12.61232517,-0.055792528,3.042503829,14.68099883,0.038164534
229.9504937,0.044653798,10.26816298,0,0,97.60449051,7,0,0,8.153728299,0,-1.351919345,-0.005468753,-1.882921198,12.01849659,0.031513365
230.7525651,0.035335374,8.153728299,0,0,97.60440897,7,0,0,16.06070084,0,-2.114434685,-0.009318424,0.802071343,11.99604011,0.031583043
229.893883,0.069861367,16.06070084,0,0,97.60424837,7,0,0,14.76285905,0,7.906972545,0.034525992,-0.858682048,14.06701639,0.028017497
233.2488518,0.063292312,14.76285905,0,0,97.60410074,7,0,0,19.54318242,0,-1.297841799,-0.006569055,3.354968797,12.1731067,0.013960779
234.19011,0.083450076,19.54318242,0,0,97.60390531,7,0,0,16.66767753,0,4.78032337,0.020157764,0.941258148,13.75772672,0.019361818
231.7378352,0.071924714,16.66767753,0,0,97.63462178,8,0,0,6.36535629,1,-2.875504889,-0.011525362,-2.452274745,15.03762963,0.017990538
229.4698068,0.027739407,6.36535629,0,0,97.66907637,8,0,0,27.44463038,1,-10.30232124,-0.044185307,-2.26802837,14.67995522,0.021142421
231.7348239,0.118431188,27.44463038,0,0,97.68376344,8,0,0,24.4309829,1,21.07927409,0.090691781,2.265017037,16.95674113,0.032852353
228.8463301,0.106757154,24.4309829,0,0,97.69460641,8,0,0,3.599667257,1,-3.013647483,-0.011674034,-2.888493738,18.8903659,0.035310756
230.9531696,0.015586135,3.599667257,0,0,97.73648638,8,0,0,7.412955742,1,-20.83131565,-0.091171019,2.106839484,15.70166287,0.045904562
230.6741379,0.03213605,7.412955742,0,0,97.78602837,8,0,0,5.376143079,1,3.813288486,0.016549916,-0.279031686,13.85071852,0.048451232
231.2087104,0.023252338,5.376143079,0,0,97.79913264,8,0,0,6.977210241,1,-2.036812663,-0.008883712,0.53457243,13.65287587,0.049236349
229.2125469,0.030439914,6.977210241,0,0,97.82054761,8,0,0,10.96870887,1,1.601067162,0.007187576,-1.996163495,9.559391844,0.036989595
231.2291665,0.047436528,10.96870887,0,0,97.85565155,8,0,0,9.818128762,1,3.991498633,0.016996614,2.016619675,6.866937039,0.01185132
232.7712556,0.042179301,9.818128762,0,0,97.87681357,8,0,0,17.6386254,1,-1.150580112,-0.005257228,1.542089056,8.11062934,0.00965886
229.3347223,0.076912145,17.6386254,0,0,97.91570165,8,0,0,-12.2706363,1,7.820496637,0.034732844,-3.436533303,10.15576327,0.020692182
230.100012,-0.053327404,-12.2706363,0,0,97.95124816,8,0,0,12.28713964,1,-29.9092617,-0.130239549,0.765289677,6.626407395,0.048960898
230.8874241,0.053217016,12.28713964,0,0,97.98409045,8,0,0,9.7708339,1,24.55777594,0.10654442,0.787412156,7.688393275,0.050203824
228.6852998,0.042726113,9.7708339,0,0,98.0039095,8,0,0,7.552794236,1,-2.516305741,-0.010490903,-2.202124378,7.44881828,0.049915211
229.8464587,0.032860172,7.552794236,0,0,98.03261598,8,0,0,19.70330122,1,-2.218039664,-0.00986594,1.161158982,6.995751375,0.049629199
232.6164687,0.08470295,19.70330122,0,0,98.04734553,8,0,0,17.19865067,1,12.15050698,0.051842778,2.770009917,7.408686539,0.051537151
229.98932,0.074780214,17.19865067,0,0,98.08360482,8,0,0,9.316660225,1,-2.504650546,-0.009922736,-2.627148635,13.30254393,0.021692253
231.2303426,0.040291685,9.316660225,0,0,98.11756536,8,0,0,17.41326935,1,-7.881990445,-0.034488529,1.241022561,12.70844805,0.023079487
230.8240229,0.075439589,17.41326935,0,0,98.16614175,8,0,0,-9.585458319,1,8.096609124,0.035147903,-0.406319641,14.23693514,0.023339984
225.0099157,-0.04260016,-9.585458319,0,0,98.19976281,8,0,0,10.65705308,1,-26.99872767,-0.118039748,-5.814107267,10.80928463,0.05261681
233.5934477,0.045622226,10.65705308,0,0,98.24357116,8,0,0,11.45203508,1,20.24251139,0.088222386,8.583532013,9.000035,0.048248693
230.270872,0.049732886,11.45203508,0,0,98.26739995,8,0,0,14.41584936,1,0.794982008,0.00411066,-3.32257567,7.850711882,0.044739666
232.5998953,0.061977024,14.41584936,0,0,98.30011348,8,0,0,10.28844185,1,2.963814282,0.012244138,2.329023329,8.870549711,0.046553086
228.0231011,0.045120173,10.28844185,0,0,98.34607493,8,0,0,0.944573518,1,-4.127407514,-0.016856851,-4.57679427,7.445584211,0.042237308
233.9106884,0.00403818,0.944573518,0,0,98.36313081,8,0,0,-1.497427381,1,-9.343868334,-0.041081993,5.887587346,9.551590578,0.021911022
227.7056308,-0.006576154,-1.497427381,0,0,98.40148314,8,0,0,9.953595964,1,-2.442000898,-0.010614335,-6.205057663,7.120694487,0.030202166
233.0505576,0.042710029,9.953595964,0,0,98.44123173,8,0,0,9.844305704,1,11.45102334,0.049286183,5.344926872,6.821006663,0.029253352
234.3795773,0.042001551,9.844305704,0,0,98.47035786,8,0,0,12.85203135,1,-0.109290261,-0.000708478,1.329019641,5.906697931,0.024712944
228.7849586,0.056175159,12.85203135,0,0,98.49529954,8,0,0,12.68428686,1,3.007725646,0.014173608,-5.594618679,6.419415831,0.027273622
229.1273516,0.055359113,12.68428686,0,0,98.52549924,8,0,0,28.93715726,1,-0.167744488,-0.000816046,0.342393037,8.7673585,0.025772484
228.7585761,0.126496491,28.93715726,0,0,98.57501054,8,0,0,2.611695152,1,16.2528704,0.071137379,-0.368775493,14.85427543,0.035275328
231.1542654,0.011298494,2.611695152,0,0,98.61761013,8,0,0,5.25244587,1,-26.32546211,-0.115197997,2.395689288,13.38589527,0.042245415
229.1908333,0.022917347,5.25244587,0,0,98.62869455,8,0,0,8.124365364,1,2.640750718,0.011618853,-1.963432083,12.4675233,0.044863293
228.2693166,0.035591141,8.124365364,0,0,98.64312277,8,0,0,-3.385271342,1,2.871919494,0.012673794,-0.921516739,11.5219901,0.045603652
230.5990988,-0.014680332,-3.385271342,0,0,98.68899131,8,0,0,19.72727076,1,-11.50963671,-0.050271473,2.329782239,8.308078462,0.053710035
228.2870561,0.08641432,19.72727076,0,0,98.72818673,8,0,0,15.98519485,1,23.11254211,0.101094652,-2.312042761,6.466101162,0.037402432
231.6362217,0.06900991,15.98519485,0,0,98.7574235,8,0,0,10.13313448,1,-3.742075916,-0.01740441,3.349165643,9.140801101,0.039676649
233.8273191,0.043335973,10.13313448,0,0,98.79878927,8,0,0,-2.896062789,1,-5.85206037,-0.025673937,2.191097414,10.11693882,0.038532388
224.8967309,-0.012877301,-2.896062789,0,0,98.82118765,8,0,0,9.3150297,1,-13.02919727,-0.056213274,-8.930588249,7.912853192,0.046441043
228.9340044,0.040688712,9.3150297,0,0,98.86777818,8,0,0,23.50394009,1,12.21109249,0.053566012,4.037273478,10.4529134,0.037624014
233.598202,0.100616956,23.50394009,0,0,98.91214941,8,0,0,9.511230169,1,14.18891039,0.059928245,4.664197678,11.20824727,0.041806382
231.7740895,0.041036641,9.511230169,0,0,98.95950409,8,0,0,33.30822593,1,-13.99270992,-0.059580315,-1.824112585,9.913454331,0.04015697
228.0239867,0.146073343,33.30822593,0,0,99.00588365,8,0,0,-5.045251764,1,23.79699576,0.105036701,-3.750102774,14.54847262,0.061346771
232.4809034,-0.02170179,-5.045251764,0,0,99.03714987,8,0,0,11.06484456,1,-38.3534777,-0.167775133,4.456916723,14.11863483,0.064142536
230.380522,0.048028559,11.06484456,0,0,99.05447949,8,0,0,5.813755565,1,16.11009633,0.069730349,-2.100381424,14.4685978,0.063633645
229.9649222,0.025281054,5.813755565,0,0,99.09520832,8,0,0,42.92130395,1,-5.251089,-0.022747506,-0.415599762,10.93056089,0.06132094
229.7615451,0.18680804,42.92130395,0,0,99.11654799,8,0,0,9.338842576,1,37.10754838,0.161526986,-0.203377127,17.61257565,0.08672531
228.7579766,0.040824118,9.338842576,0,0,99.12859564,8,0,0,10.26716612,1,-33.58246137,-0.145983922,-1.003568453,12.81869898,0.078079608
231.2888606,0.044391096,10.26716612,0,0,99.17146765,8,0,0,7.749804016,1,0.928323548,0.003566979,2.53088395,15.88118256,0.066387759
228.2901305,0.033947171,7.749804016,0,0,99.22091653,8,0,0,-0.675530378,1,-2.517362108,-0.010443926,-2.998730111,15.21817445,0.067787269
231.7949466,-0.002914345,-0.675530378,0,0,99.2514341,8,0,0,14.12264585,1,-8.425334394,-0.036861515,3.504816113,13.92031726,0.073018368
229.2385368,0.06160677,14.12264585,0,0,99.29524212,8,0,0,-1.006194624,1,14.79817623,0.064521115,-2.556409786,8.160585637,0.02380656
228.4985035,-0.004403506,-1.006194624,0,0,99.31791781,8,0,0,13.03674458,1,-15.12884047,-0.066010277,-0.74003333,6.091578198,0.02927569
227.6690202,0.057261829,13.03674458,0,0,99.34414661,8,0,0,17.27990801,1,14.04293921,0.061665336,-0.829483311,6.64549389,0.031704404
231.1870065,0.074744287,17.27990801,0,0,99.35915956,8,0,0,5.140424411,1,4.243163422,0.017482458,3.517986357,8.551514687,0.037906912
230.8515031,0.022267234,5.140424411,0,0,99.37926042,8,0,0,21.75029376,1,-12.13948359,-0.052477053,-0.335503396,9.714705645,0.032526023
230.014218,0.094560649,21.75029376,0,0,99.39362973,8,0,0,33.16657565,1,16.60986935,0.072293415,-0.837285096,11.24023523,0.039916504
226.2906302,0.146566279,33.16657565,0,0,99.43087863,8,0,0,4.785573684,1,11.41628189,0.05200563,-3.72358785,18.07478928,0.046142631
229.605359,0.020842604,4.785573684,0,0,99.46429469,8,0,0,23.31645958,1,-28.38100196,-0.125723675,3.314728797,16.4245551,0.052836691
228.3887485,0.102091104,23.31645958,0,0,99.47677158,8,0,0,4.125526559,1,18.5308859,0.0812485,-1.216610466,17.63186542,0.054603991
227.5910516,0.018126928,4.125526559,0,0,99.51371189,9,0,0,22.30928983,1,-19.19093302,-0.083964177,-0.797696925,17.42888585,0.055667578
227.2486775,0.098171264,22.30928983,0,0,99.52694267,9,0,0,21.21025155,1,18.18376327,0.080044336,-0.342374101,17.54068506,0.055983965
232.3039534,0.091303877,21.21025155,0,0,99.56249502,9,0,0,28.70898181,1,-1.099038283,-0.006867387,5.055275881,15.14942024,0.042745784
229.0236771,0.125353772,28.70898181,0,0,99.58134497,9,0,0,10.67895556,1,7.498730267,0.034049895,-3.280276285,19.93410187,0.040575773
231.0233807,0.046224566,10.67895556,0,0,99.62751391,9,0,0,12.31516943,1,-18.03002626,-0.079129206,1.999703634,17.40660106,0.043003788
231.2005615,0.053266174,12.31516943,0,0,99.64083408,9,0,0,3.092297888,1,1.636213877,0.007041608,0.177180795,19.04452964,0.032899103
227.9142135,0.013567815,3.092297888,0,0,99.68960687,9,0,0,25.3287221,1,-9.222871545,-0.039698359,-3.28634798,15.20113125,0.043201541
232.7394339,0.108828666,25.3287221,0,0,99.71879374,9,0,0,10.24666567,1,22.23642421,0.095260851,4.825220398,16.02482536,0.046368272
229.2666701,0.04469322,10.24666567,0,0,99.74901659,9,0,0,8.560006784,1,-15.08205643,-0.064135446,-3.472763798,12.33236213,0.034591247
225.0531936,0.038035482,8.560006784,0,0,99.79691609,9,0,0,7.093123514,1,-1.686658882,-0.006657737,-4.213476563,11.90857237,0.035199476
232.6951082,0.030482478,7.093123514,0,0,99.81361919,9,0,0,18.14426477,1,-1.46688327,-0.007553004,7.641914623,10.86416319,0.036396887
231.6490504,0.078326523,18.14426477,0,0,99.83548183,9,0,0,-9.494577348,1,11.05114126,0.047844045,-1.046057775,13.87455657,0.03281804
229.3565628,-0.04139658,-9.494577348,0,0,99.8551177,9,0,0,-2.77453094,1,-27.63884212,-0.119723104,-2.292487595,6.909896677,0.043913588
231.1831026,-0.012001443,-2.77453094,0,0,99.87085544,9,0,0,-4.840443551,1,6.720046409,0.029395137,1.826539777,4.305657356,0.046427866
233.5102837,-0.020729038,-4.840443551,0,0,99.9149126,9,0,0,21.39454061,1,-2.065912612,-0.008727595,2.327181055,1.625567289,0.047725944
230.4862366,0.092823506,21.39454061,0,0,99.94815538,9,0,0,-3.815502377,1,26.23498417,0.113552544,-3.024047062,4.48585071,0.061554774
228.6187267,-0.016689369,-3.815502377,0,0,99.98645059,9,0,0,3135.402753,1,-25.21004299,-0.109512876,-1.867509876,0.09389728,0.052870921
227.5111678,13.78131361,3135.402753,0,1,100,9,2,0,1264.387669,1,3139.218255,13.79800298,-1.107558899,629.0733633,6.158520758
227.6337336,5.554482849,1264.387669,0,1,100,9,2,0,1265.020092,1,-1871.015084,-8.226830758,0.122565746,882.5058033,6.032878031
229.8271862,5.504223031,1265.020092,0,1,100,9,2,0,1273.605743,1,0.632422825,-0.050259818,2.19345268,1136.47791,5.632923488
233.2701105,5.459789683,1273.605743,0,1,100,9,2,0,1266.01511,1,8.585651009,-0.044433348,3.442924279,1386.920151,4.936331344
230.5401351,5.491517168,1266.01511,0,1,100,9,2,0,1261.959704,1,-7.590632787,0.031727485,-2.729975402,1640.886273,3.702553565
229.7585363,5.492547629,1261.959704,0,1,100,9,2,0,1251.00066,1,-4.055406036,0.001030461,-0.781598789,1266.197663,0.034384843
227.2120629,5.505872551,1251.00066,0,1,100,9,2,0,1261.93579,1,-10.95904363,0.013324923,-2.546473461,1263.520262,0.018524088
227.6315793,5.543764157,1261.93579,0,1,100,9,2,0,1292.658632,1,10.93512982,0.037891606,0.419516394,1262.903401,0.030354906
231.7823733,5.577035962,1292.658632,0,1,100,9,2,0,1259.138902,1,30.72284144,0.033271805,4.150794079,1266.713979,0.037280245
228.5113964,5.510179896,1259.138902,0,1,100,9,2,0,1261.888762,1,-33.51972932,-0.066856066,-3.270976991,1265.338738,0.034258626
229.0245467,5.509840672,1261.888762,0,1,100,9,2,0,1276.06687,1,2.749860012,-0.000339224,0.513150317,1265.324549,0.030744982
228.8821681,5.575213136,1276.06687,0,1,100,9,2,0,1283.152078,1,14.17810782,0.065372464,-0.142378616,1270.337791,0.0330651
229.5319662,5.590297939,1283.152078,0,1,100,9,2,0,1264.564975,1,7.085207704,0.015084802,0.649798183,1274.581049,0.039234528
228.4071044,5.536452022,1264.564975,0,1,100,9,2,0,1249.05383,1,-18.58710272,-0.053845917,-1.124861833,1268.962317,0.037029053
223.9142636,5.578268262,1249.05383,0,1,100,9,2,0,1270.186594,1,-15.51114512,0.04181624,-4.492840823,1266.945303,0.03366707
225.5707741,5.630989204,1270.186594,0,1,100,9,2,0,1285.407814,1,21.13276395,0.052720942,1.656510556,1268.604869,0.033923095
233.7368154,5.499381051,1285.407814,0,1,100,9,2,0,1276.418542,1,15.22121968,-0.131608153,8.166041274,1270.473058,0.050670151
230.7690642,5.531151006,1276.418542,0,1,100,9,2,0,1282.477304,1,-8.989271792,0.031769955,-2.967751181,1269.126351,0.050797963
232.8861249,5.506885841,1282.477304,0,1,100,9,2,0,1307.367978,1,6.05876192,-0.024265164,2.117060633,1272.708817,0.055073879
231.2101912,5.65445654,1307.367978,0,1,100,9,2,0,1250.96076,1,24.89067401,0.147570698,-1.675933662,1284.371646,0.072775324
227.3188782,5.503109859,1250.96076,0,1,100,9,2,0,1251.373908,1,-56.40721811,-0.15134668,-3.891313049,1280.526479,0.065728422
227.8571754,5.491922322,1251.373908,0,1,100,9,2,0,1287.078685,1,0.413148355,-0.011187537,0.538297246,1273.719698,0.066926032
228.2691914,5.638424864,1287.078685,0,1,100,9,2,0,1243.706058,1,35.70477662,0.146502542,0.412016004,1275.851727,0.080248458
228.3225097,5.447146053,1243.706058,0,1,100,9,2,0,1295.178087,1,-43.37262697,-0.191278811,0.053318293,1268.097477,0.093322182
231.5186145,5.594271932,1295.178087,0,1,100,9,2,0,1270.079105,1,51.47202918,0.147125879,3.196104768,1265.659499,0.07874142
230.4297442,5.511784554,1270.079105,0,1,100,9,2,0,1274.759644,1,-25.09898189,-0.082487378,-1.088870276,1269.483168,0.077955443
229.9958421,5.54253343,1274.759644,0,1,100,9,2,0,1261.950711,1,4.680538828,0.030748876,-0.433902065,1274.160315,0.073864554
224.9607711,5.60964787,1261.950711,0,1,100,9,2,0,1271.297201,1,-12.80893303,0.06711444,-5.035070982,1269.134721,0.065602699
231.1178867,5.500643931,1271.297201,0,1,100,9,2,0,1282.23434,1,9.346490242,-0.109003939,6.157115589,1274.652949,0.048616579
229.3306434,5.591203689,1282.23434,0,1,100,9,2,0,1280.023186,1,10.93713878,0.090559759,-1.787243293,1272.0642,0.047961038
231.112647,5.538525056,1280.023186,0,1,100,9,2,0,1246.059926,1,-2.21115327,-0.052678633,1.782003608,1274.053016,0.043781005
226.4948338,5.501493808,1246.059926,0,1,100,9,2,0,1265.370545,1,-33.9632608,-0.037031248,-4.617813258,1268.313073,0.050402772
227.5596962,5.560609218,1265.370545,0,1,100,9,2,0,1278.561349,1,19.31061892,0.05911541,1.06486246,1268.997039,0.038952013
226.1448063,5.653728557,1278.561349,0,1,100,9,2,0,1273.755406,1,13.19080471,0.093119339,-1.414889969,1270.449869,0.057506701
229.2362662,5.556517857,1273.755406,0,1,100,9,2,0,1302.021351,1,-4.805942833,-0.0972107,3.091459882,1268.754082,0.056253968
232.0086947,5.611950678,1302.021351,0,1,100,9,2,0,1289.435614,1,28.2659449,0.055432821,2.772428508,1273.153715,0.058090628
232.4457426,5.547254165,1289.435614,0,1,100,9,2,0,1228.162135,1,-12.58573774,-0.064696513,0.437047911,1281.828853,0.0454855
225.0419827,5.457480065,1228.162135,0,1,100,9,2,0,1288.81918,1,-61.27347885,-0.089774099,-7.403759828,1274.387171,0.074202046
229.674256,5.61150911,1288.81918,0,1,100,9,2,0,1264.636391,1,60.65704536,0.154029045,4.632273279,1276.438737,0.06322625
228.7962524,5.527347488,1264.636391,0,1,100,9,2,0,1312.740602,1,-24.18278887,-0.084161622,-0.878003605,1274.614934,0.064605978
232.457894,5.647218858,1312.740602,0,1,100,9,2,0,1281.430587,1,48.10421118,0.119871369,3.661641534,1276.758784,0.074132323
228.6408323,5.604557043,1281.430587,0,1,100,9,2,0,1238.513566,1,-31.31001561,-0.042661815,-3.817061687,1275.157779,0.076418596
227.1464331,5.452489607,1238.513566,0,1,100,9,2,0,1273.898925,1,-42.9170209,-0.152067436,-1.494399152,1277.228065,0.078259848
231.4021995,5.505128853,1273.898925,0,1,99.99825958,10,2,0,1287.631849,1,35.38535921,0.052639246,4.25576636,1274.244014,0.078146744
230.5567021,5.584881451,1287.631849,0,1,100,10,2,0,1267.430648,1,13.73292402,0.079752597,-0.845497342,1278.843106,0.078699301
227.4158398,5.573185442,1267.430648,0,1,100,10,2,0,1294.68918,1,-20.2012013,-0.011696009,-3.140862295,1269.781115,0.063394291
231.2459711,5.598753456,1294.68918,0,1,100,10,2,0,1275.355162,1,27.25853237,0.025568015,3.830131295,1272.432834,0.062048281
229.3365154,5.561064534,1275.355162,0,1,100,10,2,0,1284.954126,1,-19.33401793,-0.037688922,-1.909455734,1279.801153,0.036058364
232.8741465,5.517804984,1284.954126,0,1,100,10,2,0,1259.211898,1,9.598963951,-0.04325955,3.537631084,1282.012193,0.030909433
228.1627692,5.518919248,1259.211898,0,1,100,10,2,0,2327.67811,1,-25.74222779,0.001114264,-4.71137733,1276.328203,0.035219257
151.0574192,15.40922731,2327.67811,0,1,100,10,2,1,1256.276034,1,1068.466211,9.890308063,-77.10534994,1488.377695,4.409694615
227.6550582,5.518331304,1256.276034,0,1,100,10,2,0,1282.205269,1,-1071.402076,-9.890896007,76.59763894,1480.695066,4.418597281
230.203945,5.569866619,1282.205269,0,1,99.99732654,10,2,0,1282.383865,1,25.92923489,0.051535315,2.548886851,1482.065087,4.417630788
229.2176099,5.594613195,1282.383865,0,1,100,10,2,0,1269.535559,1,0.178596337,0.024746577,-0.986335075,1481.551035,4.40911045
227.5522495,5.579094742,1269.535559,0,1,100,10,2,0,1292.221357,1,-12.84830616,-0.015518453,-1.665360395,1483.615767,4.402352238
234.1987088,5.517628017,1292.221357,0,1,100,10,2,0,1292.04211,1,22.68579802,-0.061466726,6.646459235,1276.524417,0.035734876
231.2416855,5.587410016,1292.04211,0,1,100,10,2,0,1248.370472,1,-0.179247225,0.069781999,-2.957023243,1283.677632,0.0305536
226.7481947,5.505536545,1248.370472,0,1,100,10,2,0,1273.642853,1,-43.67163741,-0.081873471,-4.493490835,1276.910673,0.041911325
230.9174603,5.515576223,1273.642853,0,1,100,10,2,0,1272.071669,1,25.27238102,0.010039678,4.169265597,1275.16247,0.038908102
230.1557281,5.527004168,1272.071669,0,1,100,10,2,0,1273.041209,1,-1.571184686,0.011427946,-0.761732164,1275.669692,0.032643782
230.6682428,5.518927068,1273.041209,0,1,100,10,2,0,1290.599342,1,0.96954026,-0.0080771,0.51251469,1271.833663,0.032519352
231.9439811,5.564271754,1290.599342,0,1,100,10,2,0,1303.978099,1,17.55813353,0.045344686,1.275738275,1271.545109,0.022598804
232.4370846,5.610026048,1303.978099,0,1,100,10,2,0,1244.049031,1,13.37875651,0.045754294,0.493103494,1282.666634,0.040143004
225.6782251,5.512490318,1244.049031,0,1,100,10,2,0,1264.222295,1,-59.92906791,-0.09753573,-6.758859445,1276.74787,0.040768851
227.4143961,5.559112866,1264.222295,0,1,100,10,2,0,1261.441404,1,20.17326411,0.046622548,1.736170944,1275.177995,0.039428362
228.3093782,5.525140551,1261.441404,0,1,100,10,2,0,1260.908696,1,-2.780891619,-0.033972315,0.894982101,1272.858034,0.038165013
229.1054387,5.503617474,1260.908696,0,1,100,10,2,0,1277.673028,1,-0.532707464,-0.021523077,0.796060561,1266.919905,0.043441466
229.1388682,5.575976865,1277.673028,0,1,100,10,2,0,1236.984883,1,16.76433185,0.072359391,0.033429454,1261.658891,0.031019885
227.7308328,5.431784832,1236.984883,0,1,100,10,2,0,1275.179723,1,-40.68814446,-0.144192033,-1.408035368,1260.246061,0.056427252
230.8050916,5.524920244,1275.179723,0,1,100,10,2,0,1277.816953,1,38.19483942,0.093135412,3.074258745,1262.437547,0.052289988
232.0371518,5.506949829,1277.816953,0,1,100,10,2,0,1264.897505,1,2.637230401,-0.017970415,1.232060183,1265.712657,0.051802747
228.6021307,5.533183357,1264.897505,0,1,100,10,2,0,1255.663796,1,-12.91944806,0.026233528,-3.435021014,1266.510419,0.052763241
228.9397455,5.484691147,1255.663796,0,1,100,10,2,0,1298.116651,1,-9.233709613,-0.04849221,0.337614803,1262.108572,0.040589073
230.8122645,5.62412337,1298.116651,0,1,100,10,2,0,1286.844747,1,42.45285491,0.139432223,1.872518903,1274.334926,0.053304346
231.6894552,5.554179175,1286.844747,0,1,100,10,2,0,1261.043472,1,-11.27190361,-0.069944195,0.877190712,1276.66793,0.053557643
229.4564408,5.495785901,1261.043472,0,1,100,10,2,0,1251.701011,1,-25.80127479,-0.058393274,-2.233014373,1273.313234,0.05550967
229.1658679,5.461987087,1251.701011,0,1,100,10,2,0,1283.20464,1,-9.342460978,-0.033798814,-0.290572895,1270.673935,0.065425868
229.293043,5.596352261,1283.20464,0,1,100,10,2,0,1277.498188,1,31.50362863,0.134365174,0.127175148,1276.182104,0.067609091
233.4349601,5.472608678,1277.498188,0,1,100,10,2,0,1271.975431,1,-5.706451487,-0.123743582,4.141917023,1272.058412,0.057277351
229.4708671,5.543080248,1271.975431,0,1,100,10,2,0,1266.696899,1,-5.522757164,0.07047157,-3.964092932,1269.084549,0.055627976
227.2298975,5.574516879,1266.696899,0,1,100,10,2,0,1250.349276,1,-5.27853229,0.031436631,-2.240969679,1270.215234,0.060155143
228.340666,5.475806381,1250.349276,0,1,100,10,2,0,1278.872459,1,-16.34762303,-0.098710499,1.110768535,1269.944887,0.056470355
230.1380676,5.556979217,1278.872459,0,1,100,10,2,0,1260.671828,1,28.52318287,0.081172836,1.797401619,1269.078451,0.047343275
228.9663218,5.505926892,1260.671828,0,1,100,10,2,0,1255.965097,1,-18.20063031,-0.051052325,-1.171745827,1265.713179,0.039966312
227.9715507,5.509306287,1255.965097,0,1,100,10,2,0,1322.462505,1,-4.706730988,0.003379395,-0.994771093,1262.511112,0.040322033
234.9396003,5.628946775,1322.462505,0,1,100,10,2,0,1278.288704,1,66.4974078,0.119640488,6.968049591,1273.664233,0.059828101
232.4432288,5.49935875,1278.288704,0,1,100,10,2,0,1271.621471,1,-44.17380096,-0.129588025,-2.496371454,1279.252119,0.054668457
230.7310081,5.511272548,1271.621471,0,1,100,10,2,0,1312.174991,1,-6.667233176,0.011913798,-1.712220694,1277.801921,0.054961765
235.106264,5.581199617,1312.174991,0,1,100,10,2,0,1289.867174,1,40.55351947,0.069927069,4.375255876,1288.102554,0.056672325
230.7196543,5.590625463,1289.867174,0,1,100,10,2,0,1493.580265,1,-22.30781636,0.009425846,-4.386609681,1294.882969,0.055151428
229.4655328,6.508952549,1493.580265,1,1,100,10,3,0,1339.047338,1,203.7130905,0.918327087,-1.254121524,1329.106521,0.432732029
227.9426968,5.874491076,1339.047338,1,1,100,10,3,0,3622.551612,1,-154.5329267,-0.634461473,-1.522836049,1341.258248,0.413022982
155.7152197,23.26395339,3622.551612,1,1,99.99831193,10,3,1,1351.950815,1,2283.504274,17.38946231,-72.22747707,1811.444276,7.779534155
229.9272559,5.879906709,1351.950815,1,1,100,10,3,0,1358.328121,1,-2270.600798,-17.38404668,74.21203623,1819.399441,7.744291151
228.8207511,5.936210393,1358.328121,1,1,100,10,3,0,1361.203544,1,6.377306442,0.056303684,-1.106504772,1833.09163,7.702962064
227.5869613,5.981026049,1361.203544,1,1,100,10,3,0,1367.120174,1,2.875422719,0.044815656,-1.233789855,1806.616286,7.757510313
228.2901095,5.988521257,1367.120174,1,1,99.99687008,10,3,0,1366.948664,1,5.916629915,0.007495208,0.703148253,1812.230853,7.744759139
229.7567566,5.949547185,1366.948664,1,1,100,10,3,0,1363.048321,1,-0.171509267,-0.038974072,1.46664707,1361.110263,0.043319139
230.3066666,5.91840584,1363.048321,1,1,99.99979086,10,3,0,1371.12617,1,-3.900343834,-0.031141345,0.549909993,1363.329765,0.0296758
230.1580108,5.957325424,1371.12617,1,1,100,10,3,0,1344.881583,1,8.077848963,0.038919584,-0.148655763,1365.889374,0.02782396
228.2172981,5.892987052,1344.881583,1,1,100,10,3,0,1370.469036,1,-26.24458659,-0.064338372,-1.940712719,1362.624982,0.036786357
230.8056882,5.937761093,1370.469036,1,1,100,10,3,0,1354.645483,1,25.58745273,0.04477404,2.588390126,1363.294755,0.025913918
228.6047152,5.925711031,1354.645483,1,1,100,10,3,0,1356.845259,1,-15.82355308,-0.012050062,-2.200973058,1360.834118,0.023802602
230.1845478,5.894597497,1356.845259,1,1,100,11,3,0,1373.708908,1,2.199776883,-0.031113534,1.579832633,1359.593506,0.027848672
229.1684006,5.994320789,1373.708908,1,1,100,11,3,0,1351.690176,1,16.86364845,0.099723292,-1.016147212,1360.110054,0.041336472
231.2206466,5.845888746,1351.690176,1,1,100,11,3,0,1365.043562,1,-22.01873225,-0.148432043,2.052245985,1361.471772,0.054792392
229.625188,5.94465953,1365.043562,1,1,99.99967334,11,3,0,1367.782102,1,13.35338661,0.098770784,-1.595458568,1360.386678,0.055445224
227.5795125,6.010128449,1367.782102,1,1,100,11,3,0,1368.460814,1,2.738540025,0.065468919,-2.045675534,1363.014002,0.06853306
229.2920411,5.968200237,1368.460814,1,1,100,11,3,0,1375.255866,1,0.678711861,-0.041928211,1.712528617,1365.337112,0.064699013
228.5092137,6.018382558,1375.255866,1,1,100,11,3,0,1394.840436,1,6.795051634,0.050182321,-0.78282745,1365.646504,0.069305254
232.0237163,6.011628718,1394.840436,1,1,100,11,3,0,1359.926297,1,19.58457033,-0.00675384,3.514502644,1374.276556,0.032433447
230.7440534,5.893656961,1359.926297,1,1,100,11,3,0,1358.424681,1,-34.91413939,-0.117971757,-1.279662877,1373.253103,0.052380524
229.5058617,5.918910615,1358.424681,1,1,100,11,3,0,1392.619388,1,-1.501616036,0.025253653,-1.238191768,1371.381619,0.055244434
232.4234893,5.99173256,1392.619388,1,1,100,11,3,0,1351.201824,1,34.19470772,0.072821946,2.917627613,1376.213334,0.056866697
229.0093221,5.900204461,1351.201824,1,1,100,11,3,0,1347.563617,1,-41.41756451,-0.091528099,-3.414167159,1371.402525,0.054614555
227.2953696,5.928689263,1347.563617,1,1,100,11,3,0,1383.59473,1,-3.638206685,0.028484802,-1.713952524,1361.947161,0.039011866
232.8310982,5.942482516,1383.59473,1,1,100,11,3,0,1351.714009,1,36.03111281,0.013793253,5.535728574,1366.680848,0.034547577
229.45341,5.891017305,1351.714009,1,1,100,11,3,0,1356.309408,1,-31.88072097,-0.051465211,-3.377688161,1365.338714,0.039913844
229.7087671,5.904473846,1356.309408,1,1,100,11,3,0,1382.455349,1,4.595398641,0.01345654,0.255357139,1358.076718,0.021414565
230.2630825,6.003808054,1382.455349,1,1,100,11,3,0,1364.04955,1,26.14594134,0.099334208,0.554315343,1364.327423,0.043853685
230.8719506,5.908251509,1364.04955,1,1,100,11,3,0,1384.202981,1,-18.40579854,-0.095556544,0.608868101,1367.624609,0.045408352
229.4657674,6.032285324,1384.202981,1,1,100,11,3,0,1354.896599,1,20.15343054,0.124033814,-1.406183162,1367.746259,0.065076965
226.7708152,5.974739731,1354.896599,1,1,100,11,3,0,1361.808084,1,-29.30638163,-0.057545592,-2.694952231,1368.382778,0.057034273
229.3902892,5.936642256,1361.808084,1,1,100,11,3,0,1369.621997,1,6.911484432,-0.038097475,2.619473974,1369.482513,0.049909836
229.7703631,5.960829666,1369.621997,1,1,100,11,3,0,1344.461013,1,7.81391273,0.02418741,0.380073895,1366.915842,0.046459934
227.9539084,5.897951137,1344.461013,1,1,100,11,3,0,1345.239172,1,-25.16098347,-0.062878529,-1.816454683,1362.998135,0.049592245
226.3786643,5.942429145,1345.239172,1,1,100,11,3,0,1359.115999,1,0.778159373,0.044478008,-1.575244095,1355.205373,0.029130288
228.4624513,5.94896882,1359.115999,1,1,100,11,3,0,1389.609856,1,13.87682675,0.006539675,2.083787004,1356.049253,0.023795271
229.7229509,6.049068456,1389.609856,1,1,100,11,3,0,1376.269737,1,30.49385667,0.100099636,1.260499603,1361.609607,0.055259045
227.6811324,6.044724579,1376.269737,1,1,100,11,3,0,1336.765645,1,-13.34011892,-0.004343877,-2.041818531,1362.939156,0.067099561
228.1481848,5.859199126,1336.765645,1,1,100,11,3,0,1359.162794,1,-39.50409229,-0.185525454,0.467052416,1361.400082,0.079543362
230.1578099,5.905351616,1359.162794,1,1,100,11,3,0,1350.673015,1,22.39714972,0.04615249,2.009625102,1364.184806,0.084216534
228.3797209,5.914154766,1350.673015,1,1,100,11,3,0,1392.083403,1,-8.489779364,0.00880315,-1.778088935,1362.496209,0.086904007
232.8923322,5.977368985,1392.083403,1,1,99.99947656,11,3,0,1361.330264,1,41.41038835,0.063214219,4.512611273,1362.990919,0.072043075
229.4491142,5.933037784,1361.330264,1,1,100,11,3,0,1359.35367,1,-30.75313941,-0.044331201,-3.443218031,1360.003024,0.042962088
230.4145024,5.899601181,1359.35367,1,1,100,11,3,0,1381.976548,1,-1.976593478,-0.033436603,0.965388235,1364.520629,0.031431747
230.4634404,5.996510966,1381.976548,1,1,100,11,3,0,1364.675479,1,22.62287709,0.096909785,0.048937996,1369.08338,0.041391313
227.9352714,5.987118492,1364.675479,1,1,100,11,3,0,1355.006972,1,-17.30106898,-0.009392474,-2.528168964,1371.883873,0.041039697
228.9183369,5.919171835,1355.006972,1,1,100,11,3,0,1399.502457,1,-9.668506378,-0.067946657,0.983065434,1364.468587,0.042652048
231.2675779,6.051442532,1399.502457,1,1,100,11,3,0,1355.699919,1,44.49548512,0.132270697,2.349241043,1372.103025,0.061573735
226.8694966,5.975681788,1355.699919,1,1,100,11,3,0,1339.377535,1,-43.80253826,-0.075760745,-4.398081308,1371.372275,0.047346923
228.1948281,5.869447375,1339.377535,1,1,99.99718119,11,3,0,1331.889053,1,-16.32238456,-0.106234413,1.325331449,1362.852472,0.069296729
226.7559067,5.873668616,1331.889053,1,1,100,11,3,0,1380.301135,1,-7.48848186,0.004221241,-1.438921364,1356.295187,0.076618446
231.5267675,5.961734575,1380.301135,1,1,100,11,3,0,1364.475722,1,48.41208214,0.088065959,4.77086081,1361.35402,0.076384008
229.6148899,5.942453135,1364.475722,1,1,100,11,3,0,1372.126016,1,-15.82541262,-0.01928144,-1.911877627,1354.348673,0.04985699
230.0520826,5.964414669,1372.126016,1,1,100,11,3,0,1367.102639,1,7.650293582,0.021961534,0.43719268,1357.633892,0.047152099
231.3739801,5.908627401,1367.102639,1,1,100,11,3,0,1371.893242,1,-5.023376981,-0.055787268,1.321897555,1363.178913,0.03865354
230.7835499,5.94450186,1371.893242,1,1,100,11,3,0,1391.864096,1,4.790602921,0.035874459,-0.590430214,1371.179751,0.022274085
232.4000661,5.989086491,1391.864096,1,1,99.9984368,11,3,0,1362.528212,1,19.97085436,0.044584631,1.616516153,1373.492343,0.029724759
227.4914101,5.989361142,1362.528212,1,1,100,11,3,0,1380.634102,1,-29.33588431,0.000274651,-4.908655962,1373.102841,0.033925332
231.9546174,5.952173391,1380.634102,1,1,100,11,3,0,1372.675788,1,18.10588994,-0.037187751,4.46320731,1374.804458,0.033896467
229.1093402,5.991356732,1372.675788,1,1,100,11,3,0,1359.810644,1,-7.958314087,0.03918334,-2.845277215,1375.919088,0.022961302
228.3532884,5.954854663,1359.810644,1,1,100,11,3,0,1369.305197,1,-12.86514358,-0.036502069,-0.756051826,1373.502568,0.019990194
229.5825659,5.964325693,1369.305197,1,1,100,11,3,0,1374.284601,1,9.494552563,0.00947103,1.229277554,1368.990788,0.018771471
228.039417,6.026522166,1374.284601,1,1,100,11,3,0,1346.443244,1,4.9794044,0.062196473,-1.543148961,1371.342066,0.031314502
229.1961592,5.874632667,1346.443244,1,1,100,11,3,0,1366.755057,1,-27.84135698,-0.151889499,1.156742255,1364.503895,0.056377901
228.9769051,5.968964673,1366.755057,1,1,100,11,3,0,1289.779469,1,20.31181343,0.094332006,-0.219254098,1363.319749,0.054349409
233.1734655,5.531416134,1289.779469,0,1,100,11,2,0,1261.503551,1,-76.97558847,-0.437548539,4.196560383,1349.313514,0.198620688
229.4202662,5.498657864,1261.503551,0,1,100,11,2,0,1265.261083,1,-28.27591775,-0.032758269,-3.753199254,1327.753185,0.248185161
231.8608668,5.456984182,1265.261083,0,1,100,11,2,0,1292.42164,1,3.7575314,-0.041673682,2.440600567,1305.948481,0.237233491
229.5743552,5.629642908,1292.42164,0,1,100,11,2,0,1305.213974,1,27.16055788,0.172658726,-2.286511614,1295.14416,0.206744653
230.638301,5.659138005,1305.213974,0,1,100,11,2,0,1245.72915,1,12.79233388,0.029495097,1.063945763,1282.835944,0.086246569
227.5101314,5.475488684,1245.72915,0,1,100,11,2,0,1515.429125,1,-59.48482434,-0.183649321,-3.128169547,1274.02588,0.093425008
227.2770611,6.667761004,1515.429125,1,1,100,12,3,0,1367.307021,1,269.6999752,1.19227232,-0.233070299,1324.810995,0.505563226
230.8027134,5.924137549,1367.307021,1,1,100,12,3,0,1391.02705,1,-148.1221041,-0.743623455,3.525652321,1345.220182,0.473608323
231.7203509,6.003042221,1391.02705,1,1,100,12,3,0,1373.725229,1,23.72002887,0.078904672,0.917637478,1364.941264,0.455066312
230.278356,5.96549868,1373.725229,1,1,100,12,3,0,1345.89504,1,-17.30182108,-0.037543541,-1.441994879,1378.643515,0.426530603
226.1082406,5.952436922,1345.89504,1,1,100,12,3,0,1346.989259,1,-27.83018877,-0.013061757,-4.17011538,1398.676693,0.31721967
225.3609136,5.977031408,1346.989259,1,1,99.99945353,12,3,0,1363.150665,1,1.094218631,0.024594486,-0.747327045,1364.98872,0.029232502
230.4204482,5.915927497,1363.150665,1,1,100,12,3,0,1391.925784,1,16.16140661,-0.061103911,5.059534601,1364.157449,0.032146836
232.8277255,5.978350651,1391.925784,1,1,100,12,3,0,1367.869231,1,28.77511905,0.062423154,2.407277313,1364.337195,0.025658834
231.7109798,5.903342314,1367.869231,1,1,100,12,3,0,1347.966408,1,-24.05655294,-0.075008337,-1.116745753,1363.165996,0.034544484
228.4612751,5.900196466,1347.966408,1,1,100,12,3,0,1372.014591,1,-19.90282324,-0.003145848,-3.249704628,1363.58027,0.039443532
228.9518592,5.992589866,1372.014591,1,1,99.9967249,12,3,0,1370.387957,1,24.04818324,0.0923934,0.490584099,1368.585336,0.043947847
231.9388196,5.908402737,1370.387957,1,1,100,12,3,0,1361.240115,1,-1.626634729,-0.084187129,2.986960397,1370.032794,0.045012098
228.8666788,5.947742684,1361.240115,1,1,100,12,3,0,1341.441921,1,-9.147842047,0.039339947,-3.07214081,1363.895661,0.03967551
231.1631598,5.803009104,1341.441921,1,1,100,12,3,0,1366.896402,1,-19.79819366,-0.14473358,2.296481003,1358.610198,0.070339454
230.2473096,5.936644405,1366.896402,1,1,100,12,3,0,1340.960307,1,25.45448112,0.133635301,-0.915850269,1362.396197,0.070905542
228.3751406,5.871743759,1340.960307,1,1,100,12,3,0,-1140.910287,1,-25.93609541,-0.064900646,-1.872168928,1356.18534,0.058497299
228.1820574,-5,-1140.910287,1,1,100,12,3,1,1374.480251,1,-2481.870594,-10.87174376,-0.193083223,853.9256915,4.870404093
228.1988266,6.02316967,1374.480251,1,1,100,12,3,0,1369.633211,1,2515.390538,11.02316967,0.016769203,856.5737188,4.879169809
229.0602392,5.97935816,1369.633211,1,1,100,12,3,0,1333.799802,1,-4.847040555,-0.04381151,0.861412625,862.2119767,4.898528002
227.0642578,5.874107248,1333.799802,1,1,100,12,3,0,1363.772026,1,-35.83340823,-0.105250912,-1.99598145,855.5926568,4.891662954
227.1175087,6.004697893,1363.772026,1,1,100,12,3,0,1357.048804,1,29.97222339,0.130590645,0.053250902,860.1550006,4.906421371
227.1711602,5.973684345,1357.048804,1,1,99.99749213,12,3,0,1366.526032,1,-6.723222246,-0.031013547,0.053651545,1359.746819,0.057711551
229.4307581,5.956158816,1366.526032,1,1,100,12,3,0,1357.463635,1,9.477228752,-0.017525529,2.259597839,1358.155975,0.049808262
227.5706276,5.965021276,1357.463635,1,1,100,12,3,0,1382.210285,1,-9.062396893,0.00886246,-1.860130474,1355.72206,0.048641642
230.7360277,5.990439806,1382.210285,1,1,100,12,3,0,1355.500397,1,24.74664959,0.02541853,3.165400092,1365.404156,0.019568059
228.6968781,5.927061218,1355.500397,1,1,100,12,3,0,1390.91969,1,-26.70988834,-0.063378589,-2.0391496,1363.749831,0.02349571
232.7920918,5.974943908,1390.91969,1,1,100,12,3,0,1364.322484,1,35.41929378,0.04788269,4.095213683,1370.524008,0.023652195
228.7297121,5.964780315,1364.322484,1,1,100,12,3,0,1378.554511,1,-26.59720652,-0.010163593,-4.062379705,1370.083298,0.023366368
230.6198461,5.977605717,1378.554511,1,1,100,12,3,0,1363.329964,1,14.23202691,0.012825403,1.890134076,1374.301473,0.024109329
231.4554735,5.890247242,1363.329964,1,1,100,12,3,0,1371.558286,1,-15.22454644,-0.087358475,0.835627349,1370.525409,0.037590278
232.127831,5.908633532,1371.558286,1,1,100,12,3,0,1369.588185,1,8.228321387,0.01838629,0.672357465,1373.736987,0.04079205
231.5865718,5.91393609,1369.588185,1,1,100,12,3,0,1384.174445,1,-1.970101151,0.005302558,-0.541259207,1369.470686,0.037965173
231.7774533,5.971997818,1384.174445,1,1,100,12,3,0,1375.174709,1,14.58626063,0.058061728,0.190881545,1373.441078,0.03966776
229.0679726,6.003347799,1375.174709,1,1,100,12,3,0,1358.388455,1,-8.999736023,0.031349981,-2.709480669,1372.765118,0.047820754
228.4495918,5.946118987,1358.388455,1,1,100,12,3,0,1383.400613,1,-16.78625385,-0.057228812,-0.618380814,1371.776816,0.03984227
229.9551343,6.015958795,1383.400613,1,1,100,12,3,0,1360.813665,1,25.01215738,0.069839808,1.505542502,1374.145281,0.041657451
227.995743,5.968592426,1360.813665,1,1,100,12,3,0,1387.00506,1,-22.58694772,-0.047366369,-1.959391288,1372.390378,0.028164727
233.5565266,5.938626851,1387.00506,1,1,100,12,3,0,1366.620575,1,26.19139491,-0.029965576,5.560783563,1372.956501,0.034199003
230.3956984,5.931623655,1366.620575,1,1,100,12,3,0,1379.125873,1,-20.38448516,-0.007003196,-3.16082814,1371.245674,0.03413121
228.3915923,6.038426631,1379.125873,1,1,100,12,3,0,1339.48918,1,12.50529858,0.106802977,-2.004106126,1375.393157,0.047116017
224.6049642,5.963755897,1339.48918,1,1,100,12,3,0,1369.939618,1,-39.6366939,-0.074670735,-3.786628149,1366.610871,0.042320456
227.4065683,6.024186671,1369.939618,1,1,100,12,3,0,1361.826855,1,30.45043832,0.060430775,2.801604136,1368.436061,0.049192802
229.4761598,5.934502547,1361.826855,1,1,100,12,3,0,107.7133667,1,-8.112762844,-0.089684124,2.0695915,1363.40042,0.050072521
230.9384532,0.466415901,107.7133667,1,0,100,12,1,0,92.42086663,1,-1254.113488,-5.468086647,1.462293386,1111.618978,2.470687837
230.5935322,0.400795572,92.42086663,1,0,100,12,1,0,103.9276421,1,-15.29250003,-0.065620329,-0.344921032,854.2779771,3.03494118
230.5681303,0.450745912,103.9276421,1,0,100,12,1,0,106.5820985,1,11.5067755,0.04995034,-0.025401913,607.1656696,3.034659342
229.2924797,0.464830328,106.5820985,1,0,100,12,1,0,89.87979862,1,2.654456383,0.014084416,-1.27565051,354.4941658,2.454812961
230.5544861,0.389841899,89.87979862,1,0,100,12,1,0,94.16692565,1,-16.7022999,-0.074988429,1.262006351,100.1047545,0.03651306
230.4523109,0.408617841,94.16692565,1,0,100,12,1,0,102.3924534,1,4.287127037,0.018775942,-0.102175191,97.39546631,0.032859356
229.6491116,0.445864792,102.3924534,1,0,100,12,1,0,91.12269883,1,8.225527775,0.037246952,-0.803199284,99.38978367,0.031406612
228.6679129,0.398493596,91.12269883,1,0,100,12,1,0,108.092637,1,-11.2697546,-0.047371197,-0.981198708,96.82879501,0.032282488
227.241463,0.475673038,108.092637,1,0,100,12,1,0,103.636076,1,16.96993816,0.077179442,-1.426449924,97.1309027,0.036061337
231.1478458,0.448354064,103.636076,1,0,100,12,1,0,90.70284115,1,-4.456560998,-0.027318974,3.90638284,99.88215818,0.031538088
232.4405167,0.390219581,90.70284115,1,0,100,12,1,0,109.8048101,1,-12.93323485,-0.058134482,1.292670914,99.18934128,0.036176358
229.8381169,0.477748476,109.8048101,1,0,100,12,1,0,93.97012556,1,19.10196896,0.087528895,-2.602399867,100.6718126,0.041683577
230.5950484,0.407511463,93.97012556,1,0,100,12,1,0,125.3401752,1,-15.83468455,-0.070237013,0.756931577,101.241298,0.039688946
232.4766,0.539151791,125.3401752,1,0,100,12,1,0,119.9990729,1,31.3700496,0.131640328,1.881551553,104.6908056,0.05930004
229.6614153,0.522504282,119.9990729,1,0,100,12,1,0,96.77074325,1,-5.341102286,-0.016647509,-2.815184717,107.963405,0.066774513
230.6871392,0.419489112,96.77074325,1,0,100,12,1,0,114.1773695,1,-23.22832963,-0.10301517,1.025723875,109.1769854,0.059163016
232.9945543,0.490043082,114.1773695,1,0,100,12,1,0,92.97558473,1,17.40662622,0.07055397,2.307415112,110.0514973,0.059648611
229.9776721,0.404280919,92.97558473,1,0,100,13,1,0,99.12937176,1,-21.20178475,-0.085762163,-3.016882123,109.8525891,0.060582601
228.6918054,0.433462719,99.12937176,1,0,100,13,1,0,99.79867019,1,6.153787035,0.0291818,-1.285866753,104.6104284,0.050191381
228.4501625,0.436850949,99.79867019,1,0,100,13,1,0,98.92433337,1,0.669298431,0.00338823,-0.241642939,100.5703479,0.032415737
227.3381454,0.435141816,98.92433337,1,0,100,13,1,0,111.3445638,1,-0.874336826,-0.001709133,-1.112017046,101.0010659,0.03104999
235.7191054,0.472361218,111.3445638,1,0,100,13,1,0,98.89605573,1,12.42023039,0.037219402,8.38096001,100.4345048,0.024162247
229.2720268,0.431348111,98.89605573,1,0,100,13,1,0,123.1837537,1,-12.44850802,-0.041013107,-6.447078651,101.618599,0.017186909
230.9799056,0.533309395,123.1837537,1,0,100,13,1,0,115.6439997,1,24.28769792,0.101961283,1.7078788,106.4294753,0.043259578
230.2212107,0.502316878,115.6439997,1,0,100,13,1,0,102.5981943,1,-7.53975392,-0.030992517,-0.758694853,109.5985412,0.04372433
229.5171919,0.447017469,102.5981943,1,0,100,13,1,0,99.19223758,1,-13.04580543,-0.055299408,-0.704018826,110.3333134,0.041279206
226.2743808,0.438371491,99.19223758,1,0,100,13,1,0,98.78819948,1,-3.405956721,-0.008645979,-3.242811075,107.9028482,0.04492736
228.8083824,0.431750788,98.78819948,1,0,100,13,1,0,110.5790853,1,-0.404038098,-0.006620702,2.53400156,107.881277,0.044839969
228.4559738,0.484027988,110.5790853,1,0,100,13,1,0,98.62830674,1,11.79088579,0.052277199,-0.352408603,105.3603433,0.030822031
231.2342334,0.426529867,98.62830674,1,0,100,13,1,0,109.8161814,1,-11.95077854,-0.057498121,2.778259608,101.9572047,0.022838691
235.576878,0.466158573,109.8161814,1,0,100,13,1,0,110.0709176,1,11.18787466,0.039628707,4.342644659,103.4008021,0.024678471
228.521051,0.481666425,110.0709176,1,0,100,13,1,0,103.1936517,1,0.254736188,0.015507851,-7.055827055,105.5765381,0.027310735
226.6466553,0.455306307,103.1936517,1,0,100,13,1,0,104.5573131,1,-6.877265895,-0.026360117,-1.874395671,106.4576285,0.02339609
229.7801355,0.455031993,104.5573131,1,0,100,13,1,0,101.8419335,1,1.363661365,-0.000274314,3.13348022,105.2532741,0.020170918
230.3530841,0.442112307,101.8419335,1,0,100,13,1,0,96.15158592,1,-2.71537956,-0.012919686,0.572948566,105.8959994,0.014781984
229.4067418,0.419131474,96.15158592,1,0,100,13,1,0,105.0348033,1,-5.690347576,-0.022980833,-0.94634229,103.1630803,0.022744292
230.4839287,0.455714218,105.0348033,1,0,100,13,1,0,91.23652368,1,8.883217429,0.036582744,1.077186883,102.1558575,0.01579652
228.2121462,0.399788202,91.23652368,1,0,100,13,1,0,101.9775065,1,-13.79827966,-0.055926016,-2.271782469,99.7644319,0.024344144
230.9772823,0.441504487,101.9775065,1,0,100,13,1,0,125.4036283,1,10.74098285,0.041716285,2.765136106,99.2484706,0.022122076
231.1237899,0.542582087,125.4036283,1,0,100,13,1,0,115.0311259,1,23.42612179,0.1010776,0.146507558,103.9608096,0.055079829
231.7414948,0.496376905,115.0311259,1,0,100,13,1,0,97.08498579,1,-10.37250241,-0.046205182,0.617704885,107.7367176,0.054475416
230.2072626,0.421728597,97.08498579,1,0,100,13,1,0,107.9443275,1,-17.94614012,-0.074648308,-1.53423214,106.1467541,0.058254916
230.0834074,0.469153029,107.9443275,1,0,100,13,1,0,105.7015457,1,10.85934166,0.047424432,-0.123855193,109.4883148,0.047475304
231.7799895,0.456042586,105.7015457,1,0,100,13,1,0,94.64814707,1,-2.242781746,-0.013110443,1.696582071,110.2331226,0.045365281
231.887601,0.408163898,94.64814707,1,0,100,13,1,0,110.1448793,1,-11.05339863,-0.047878688,0.107611479,104.0820264,0.035718591
232.5060624,0.473729064,110.1448793,1,0,100,13,1,0,97.39775154,1,15.4967322,0.065565166,0.618461403,103.1047771,0.029266914
230.8760345,0.421861679,97.39775154,1,0,100,13,1,0,104.7018672,1,-12.74712773,-0.051867385,-1.630027885,103.1673302,0.029239639
229.354448,0.456506809,104.7018672,1,0,100,13,1,0,95.61220229,1,7.304115613,0.03464513,-1.521586556,102.5188381,0.027188512
229.2480541,0.417068763,95.61220229,1,0,100,13,1,0,98.69129696,1,-9.089664865,-0.039438046,-0.106393842,100.5009695,0.028176756
229.3286989,0.430348654,98.69129696,1,0,100,13,1,0,-1159.425834,1,3.079094675,0.013279891,0.080644839,101.3095994,0.024279962
231.8851669,-5,-1159.425834,1,0,100,13,1,1,95.13219082,1,-1258.117131,-5.430348654,2.556467937,-152.6045433,2.429064453
229.7778957,0.414018026,95.13219082,1,0,100,13,1,0,102.370672,1,1254.558025,5.414018026,-2.10727115,-153.0576554,2.428197639
233.4410216,0.438529061,102.370672,1,0,100,13,1,0,81.12167728,1,7.238481222,0.024511035,3.663125876,-153.5238945,2.426150146
231.2100138,0.35085711,81.12167728,1,0,100,13,1,0,96.82566152,1,-21.24899477,-0.087671951,-2.231007773,-156.4219995,2.41897165
230.4884581,0.420088981,96.82566152,1,0,100,13,1,0,95.96596927,1,15.70398424,0.069231871,-0.721555763,-156.7951266,2.417805537
229.7263245,0.417740411,95.96596927,1,0,100,13,1,0,108.0654398,1,-0.859692249,-0.00234857,-0.762133556,94.28323419,0.033444973
230.9289469,0.467959696,108.0654398,1,0,100,13,1,0,106.407178,1,12.09947055,0.050219285,1.202622345,96.86988399,0.043083221
227.7384299,0.467234178,106.407178,1,0,100,13,1,0,117.5310107,1,-1.658261811,-0.000725519,-3.190516974,97.67718518,0.04796613
232.1639882,0.50624135,117.5310107,1,0,100,13,1,0,89.42041253,1,11.12383271,0.039007172,4.425558352,104.9590519,0.037238164
233.0332383,0.383723855,89.42041253,1,0,100,13,1,0,-1133.52551,1,-28.11059818,-0.122517495,0.86925003,103.4780021,0.047973383
226.7051019,-5,-1133.52551,1,0,100,13,1,1,106.0322556,1,-1222.945922,-5.383723855,-6.328136363,-142.4202937,2.440537614
231.1911593,0.45863456,106.0322556,1,0,100,13,1,0,100.2566885,1,1239.557765,5.45863456,4.486057367,-142.8269305,2.439487397
230.1249866,0.435661898,100.2566885,1,0,100,13,1,0,92.47974291,1,-5.775567135,-0.022972662,-1.06617272,-144.0570284,2.43595344
228.5140125,0.404700534,92.47974291,1,0,100,13,1,0,99.71020976,1,-7.776945547,-0.030961364,-1.610974099,-149.067282,2.424371324
225.2608885,0.442643241,99.71020976,1,0,100,13,1,0,109.1274527,1,7.230466855,0.037942707,-3.253123943,-147.0093226,2.430868201
231.5724715,0.47124536,109.1274527,1,0,100,13,1,0,104.936264,1,9.417242967,0.028602119,6.311582947,101.5212699,0.02530894
230.3925285,0.455467305,104.936264,1,0,100,13,1,0,102.2206969,1,-4.191188742,-0.015778056,-1.179942913,101.3020716,0.024841895
226.6461745,0.451014437,102.2206969,1,0,100,13,1,0,103.7557513,1,-2.715567137,-0.004452867,-3.746354066,101.6948732,0.024820139
228.4921706,0.454088869,103.7557513,1,0,100,13,1,0,109.1154048,1,1.535054454,0.003074432,1.84599612,103.9500749,0.010410043
230.1577239,0.474089693,109.1154048,1,0,100,13,1,0,99.41701221,1,5.359653444,0.020000824,1.665553315,105.8311139,0.010656328
230.2321604,0.431812011,99.41701221,1,0,100,13,1,0,107.399062,1,-9.69839254,-0.042277682,0.074436471,103.8890258,0.015037355
230.6377953,0.465661154,107.399062,1,0,100,13,1,0,118.8893121,1,7.982049755,0.033849143,0.405634926,104.3815854,0.016061749
232.6557481,0.511009563,118.8893121,1,0,100,13,1,0,136.6100538,1,11.49025018,0.045348409,2.017952744,107.7153085,0.029125752
230.8998896,0.591641919,136.6100538,1,0,100,13,1,0,82.0592323,1,17.72074166,0.080632356,-1.755858477,114.286169,0.061005274
230.3032078,0.35630955,82.0592323,1,0,100,13,1,0,104.2877791,1,-54.55082151,-0.235332369,-0.596681813,108.8749345,0.087853468
228.8533898,0.455696895,104.2877791,1,0,100,13,1,0,106.4109697,1,22.22854682,0.099387345,-1.449818012,109.8490879,0.085795708
229.2068328,0.464257406,106.4109697,1,0,100,13,1,0,123.5319408,1,2.123190541,0.008560511,0.353443025,109.6514694,0.085840544
228.7126177,0.540118608,123.5319408,1,0,100,14,1,0,83.84278883,1,17.1209711,0.075861202,-0.494215042,110.5799951,0.08972609
230.9863611,0.362977227,83.84278883,1,0,100,14,1,0,121.7623605,1,-39.68915194,-0.177141381,2.273743322,100.0265421,0.076990169
230.7963049,0.527575,121.7623605,1,0,100,14,1,0,98.18350609,1,37.91957163,0.164597772,-0.190056128,107.9671678,0.070574166
227.4016517,0.431762502,98.18350609,1,0,100,14,1,0,95.43646234,1,-23.57885437,-0.095812498,-3.39465324,106.7463132,0.072580633
231.3916362,0.412445601,95.43646234,1,0,100,14,1,0,62.85556736,1,-2.747043752,-0.019316901,3.989984486,104.5514117,0.076373022
229.7313496,0.273604658,62.85556736,1,0,100,14,1,0,76.31928432,1,-32.58089498,-0.138840942,-1.660286584,92.41613702,0.093235728
228.0219765,0.334701442,76.31928432,1,0,100,14,1,0,103.2056139,1,13.46371696,0.061096784,-1.709373132,90.91143612,0.096952986
231.4056254,0.445994403,103.2056139,1,0,100,14,1,0,100.7625882,1,26.88632954,0.111292961,3.383648957,87.2000868,0.073244143
227.8574942,0.442217573,100.7625882,1,0,100,14,1,0,119.8966046,1,-2.443025667,-0.00377683,-3.548131171,87.71590322,0.075224436
230.2917691,0.520629135,119.8966046,1,0,100,14,1,0,118.9994507,1,19.13401637,0.078411562,2.434274819,92.60793166,0.098272676
232.0381379,0.512844361,118.9994507,1,0,100,14,1,0,106.6463881,1,-0.897153907,-0.007784774,1.74636885,103.8367083,0.074666087
228.4087523,0.466910252,106.6463881,1,0,100,14,1,0,99.13814314,1,-12.35306261,-0.04593411,-3.629385643,109.9021291,0.036941511
231.3163583,0.4285825,99.13814314,1,0,100,14,1,0,72.78169122,1,-7.508244907,-0.038327752,2.907606057,109.0886349,0.041249293
230.4374697,0.315841392,72.78169122,1,0,100,14,1,0,109.551015,1,-26.35645193,-0.112741108,-0.878888637,103.4924555,0.083180067
228.8756599,0.478648604,109.551015,1,0,100,14,1,0,97.12261918,1,36.76932381,0.162807212,-1.561809807,101.4233376,0.075941257
229.3336624,0.423499185,97.12261918,1,0,100,14,1,0,125.4279309,1,-12.42839584,-0.055149418,0.458002504,97.04797132,0.064301627
230.4652705,0.544237883,125.4279309,1,0,100,14,1,0,87.3528534,1,28.30531171,0.120738698,1.131608103,100.8042799,0.083905235
226.7869341,0.385175864,87.3528534,1,0,100,14,1,0,111.5735149,1,-38.0750775,-0.159062018,-3.678336373,98.44722194,0.08732022
230.2648518,0.484544272,111.5735149,1,0,100,14,1,0,102.9727323,1,24.22066149,0.099368407,3.477917664,106.2055867,0.06108456
225.1729861,0.457305,102.9727323,1,0,100,14,1,0,91.12165011,1,-8.60078255,-0.027239272,-5.091865736,104.8899301,0.060479705
229.5107469,0.397025635,91.12165011,1,0,100,14,1,0,117.1743605,1,-11.85108222,-0.060279364,4.33776084,103.6897363,0.065324201
228.7768174,0.512177597,117.1743605,1,0,100,14,1,0,122.3009983,1,26.05271038,0.115151961,-0.733929469,102.0390222,0.054961904
225.8657262,0.541476568,122.3009983,1,0,100,14,1,0,105.7349245,1,5.126637795,0.029298972,-2.911091215,109.0286512,0.05528124
230.2156823,0.459286367,105.7349245,1,0,100,14,1,0,108.0327654,1,-16.56607383,-0.082190201,4.349956122,107.8609331,0.055743595
228.8715435,0.47202358,108.0327654,1,0,100,14,1,0,106.6245866,1,2.297840903,0.012737213,-1.344138831,108.8729397,0.055062045
230.8230685,0.461932108,106.6245866,1,0,100,14,1,0,106.802994,1,-1.40817874,-0.010091472,1.951525003,111.973527,0.03603485
231.768852,0.460816857,106.802994,1,0,100,14,1,0,73.3291032,1,0.178407417,-0.001115251,0.945783498,109.8992537,0.035222513
229.2135472,0.319916096,73.3291032,1,0,100,14,1,0,80.98418717,1,-33.47389084,-0.140900761,-2.555304809,100.1048747,0.064413734
231.9337715,0.349169449,80.98418717,1,0,100,14,1,0,78.60805283,1,7.655083974,0.029253353,2.720224311,95.15472728,0.072289829
228.5054549,0.344009524,78.60805283,1,0,100,14,1,0,96.00787974,1,-2.376134341,-0.005159925,-3.428316563,89.26978477,0.068635247
230.8618754,0.415867191,96.00787974,1,0,100,14,1,0,93.32872998,1,17.39982691,0.071857667,2.356420463,87.14644339,0.058422683
231.4763754,0.403189007,93.32872998,1,0,100,14,1,0,97.37111217,1,-2.679149761,-0.012678184,0.614500013,84.45159058,0.04110781
228.1753823,0.426738026,97.37111217,1,0,100,14,1,0,105.1331102,1,4.042382192,0.023549019,-3.300993138,89.25999238,0.038570338
230.2168511,0.456669917,105.1331102,1,0,100,14,1,0,92.41569785,1,7.761998051,0.029931891,2.041468824,94.08977699,0.041506964
232.8493522,0.396890509,92.41569785,1,0,100,14,1,0,94.4759289,1,-12.71741238,-0.059779408,2.632501127,96.85130599,0.023578267
230.8183004,0.409308659,94.4759289,1,0,100,14,1,0,100.0795028,1,2.06023105,0.01241815,-2.031051832,96.54491582,0.024034701
228.5271467,0.437932667,100.0795028,1,0,100,14,1,0,109.7730264,1,5.603573884,0.028624008,-2.291153733,97.89507038,0.023496435
229.4324186,0.478454732,109.7730264,1,0,100,14,1,0,121.3499417,1,9.693523653,0.040522066,0.905271935,100.3754532,0.033448671
230.0754086,0.527435515,121.3499417,1,0,100,14,1,0,107.8051343,1,11.57691526,0.048980783,0.64299001,103.6188195,0.053450806
230.6161843,0.467465606,107.8051343,1,0,100,14,1,0,114.3369754,1,-13.54480736,-0.059969909,0.540775663,106.6967068,0.044484805
230.7534381,0.495494136,114.3369754,1,0,100,14,1,0,103.5442356,1,6.531841022,0.02802853,0.13725387,110.6689161,0.033204498
232.5544707,0.445247237,103.5442356,1,0,100,14,1,0,108.765841,1,-10.79273973,-0.050246898,1.801032523,111.3618627,0.030893783
230.3423342,0.472192145,108.765841,1,0,100,14,1,0,95.83971787,1,5.221605356,0.026944908,-2.212136424,111.1604256,0.031239991
230.646949,0.415525626,95.83971787,1,0,100,14,1,0,113.9169084,1,-12.9261231,-0.056666519,0.304614769,106.0583808,0.03023454
229.057534,0.497328799,113.9169084,1,0,100,14,1,0,123.1711146,1,18.07719049,0.081803173,-1.589415019,107.2807356,0.034873097
234.0636176,0.526229219,123.1711146,1,0,100,14,1,0,98.26664726,1,9.254206289,0.028900419,5.006083612,109.0475635,0.043258064
231.9523726,0.423650106,98.26664726,1,0,100,14,1,0,104.3978473,1,-24.90446738,-0.102579113,-2.111245016,107.9920458,0.047391239
229.9869332,0.453929473,104.3978473,1,0,100,14,1,0,102.4243953,1,6.131200061,0.030279367,-1.965439389,107.1184471,0.047592941
230.4774325,0.444400973,102.4243953,1,0,100,14,1,0,114.9445422,1,-1.973452016,-0.009528499,0.490499266,108.4353826,0.041732757
233.5865984,0.492085346,114.9445422,1,0,100,14,1,0,102.0163431,1,12.52014686,0.047684373,3.109165938,108.6409093,0.040903959
230.9275838,0.44176768,102.0163431,1,0,100,14,1,0,102.8669379,1,-12.92819911,-0.050317666,-2.659014597,104.409955,0.025363596
226.9638854,0.453230424,102.8669379,1,0,100,14,1,0,84.91935152,1,0.85059486,0.011462743,-3.96369842,105.3300132,0.020281421
228.8408433,0.371084769,84.91935152,1,0,100,14,1,0,98.01709194,1,-17.9475864,-0.082145654,1.876957886,101.434314,0.04375617
228.9454686,0.428124184,98.01709194,1,0,100,14,1,0,103.1132293,1,13.09774042,0.057039415,0.104625344,100.5528533,0.043999479
229.1783688,0.449925662,103.1132293,1,0,100,14,1,0,116.0250206,1,5.096137359,0.021801478,0.232900185,98.18659075,0.033700152
229.7327959,0.505043349,116.0250206,1,0,100,14,1,0,94.73046484,1,12.9117913,0.055117687,0.55442709,100.9883263,0.048434407
228.4001151,0.414756642,94.73046484,1,0,100,14,1,0,113.8213116,1,-21.29455575,-0.090286707,-1.332680754,99.36103164,0.049152099
226.9876087,0.501442842,113.8213116,1,0,100,14,1,0,122.8834377,1,19.09084676,0.0866862,-1.412506412,105.1414237,0.041565712
228.7718818,0.537143974,122.8834377,1,0,100,14,1,0,120.9803275,1,9.062126071,0.035701132,1.784273104,110.1146928,0.048733306
227.0201708,0.532905631,120.9803275,1,0,100,14,1,0,109.6195436,1,-1.903110209,-0.004238342,-1.751711023,113.6881124,0.049348856
228.1293016,0.480514966,109.6195436,1,0,100,15,1,0,86.5707569,1,-11.36078384,-0.052390665,1.109130817,112.407017,0.049723506
231.1091619,0.374588165,86.5707569,1,0,100,15,1,0,90.52360475,1,-23.04878673,-0.105926801,2.979860281,110.7750755,0.066133747
229.4507631,0.394523006,90.52360475,1,0,100,15,1,0,71.39427586,1,3.95284785,0.019934841,-1.658398769,106.1155341,0.076145057
228.5836472,0.312333261,71.39427586,1,0,100,15,1,0,96.50552011,1,-19.12932889,-0.082189745,-0.867115919,95.81770172,0.08761836
229.8775504,0.419812722,96.50552011,1,0,100,15,1,0,86.66149277,1,25.11124425,0.107479461,1.293903184,90.92274025,0.061583213
230.9391941,0.375256756,86.66149277,1,0,100,15,1,0,110.9417658,1,-9.844027342,-0.044555966,1.06164371,86.33113008,0.039737341
227.9869206,0.486614607,110.9417658,1,0,100,15,1,0,102.7561368,1,24.280273,0.111357851,-2.952273503,91.20533185,0.063631856
229.6824585,0.447383476,102.7561368,1,0,100,15,1,0,111.1686574,1,-8.185629016,-0.039231131,1.695537928,93.65183825,0.067258285
230.1290739,0.483070894,111.1686574,1,0,100,15,1,0,105.6107725,1,8.41252069,0.035687418,0.446615382,101.6067146,0.046508829
230.1594106,0.458859241,105.6107725,1,0,100,15,1,0,3448.469401,1,-5.557884915,-0.024211653,0.030336711,103.4277651,0.045016435
230.4529072,14.96387892,3448.469401,1,1,100,15,3,0,1348.026122,1,3342.858628,14.50501968,0.293496527,775.7893466,6.48233574
229.8913689,5.863752644,1348.026122,1,1,100,15,3,0,1371.125466,1,-2100.443278,-9.100126281,-0.561538234,1023.206218,6.329036226
231.0721506,5.933754725,1371.125466,1,1,100,15,3,0,1373.393394,1,23.09934317,0.070002081,1.180781707,1276.880084,5.925788423
230.3091559,5.963260075,1373.393394,1,1,100,15,3,0,1387.989526,1,2.267928572,0.02950535,-0.762994741,1529.325031,5.221415668
231.0133658,6.008265023,1387.989526,1,1,100,15,3,0,1360.340486,1,14.59613153,0.045004949,0.704209912,1785.800782,4.034933302
229.1734424,5.935855708,1360.340486,1,1,100,15,3,0,1365.705579,1,-27.64903963,-0.072409315,-1.839923437,1368.174999,0.052598012
229.2429518,5.957459404,1365.705579,1,1,99.99850169,15,3,0,1382.424187,1,5.365092994,0.021603696,0.06950944,1371.71089,0.030074747
228.6876299,6.045032639,1382.424187,1,1,100,15,3,0,1343.682524,1,16.71860763,0.087573235,-0.55532193,1373.970634,0.044004781
228.0312862,5.892535829,1343.682524,1,1,100,15,3,0,1379.11958,1,-38.74166262,-0.15249681,-0.656343655,1368.02846,0.059988239
232.5942505,5.929293511,1379.11958,1,1,100,15,3,0,1366.351496,1,35.4370559,0.036757682,4.562964255,1366.254471,0.057002371
231.1448716,5.911234311,1366.351496,1,1,100,15,3,0,1387.511771,1,-12.76808417,-0.0180592,-1.449378858,1367.456673,0.059746937
231.1133278,6.00359912,1387.511771,1,1,100,15,3,0,1350.876446,1,21.16027531,0.092364809,-0.031543849,1371.817912,0.065070763
231.1301003,5.844658244,1350.876446,1,1,100,15,3,0,1386.064414,1,-36.63532516,-0.158940876,0.016772504,1365.508363,0.058122499
230.6703226,6.008854537,1386.064414,1,1,100,15,3,0,1371.45525,1,35.1879684,0.164196293,-0.459777703,1373.984741,0.068587217
229.7383188,5.969640836,1371.45525,1,1,100,15,3,0,1356.804235,1,-14.60916461,-0.039213702,-0.932003714,1372.451875,0.069450138
230.1946324,5.894161045,1356.804235,1,1,100,15,3,0,1390.289431,1,-14.6510145,-0.075479791,0.456313572,1370.542423,0.072055807
231.3893813,6.008440939,1390.289431,1,1,100,15,3,0,1376.818197,1,33.48519597,0.114279893,1.194748852,1371.097955,0.073079201
230.8299453,5.964642912,1376.818197,1,1,100,15,3,0,1351.682859,1,-13.47123374,-0.043798026,-0.559435928,1376.286306,0.046808456
229.8890191,5.879719109,1351.682859,1,1,100,15,3,0,1341.758931,1,-25.13533853,-0.084923803,-0.940926197,1369.409994,0.054428544
230.1214947,5.830654509,1341.758931,1,1,100,15,3,0,1367.905564,1,-9.923927901,-0.0490646,0.232475595,1363.470731,0.070688439
230.7706649,5.927553941,1367.905564,1,1,100,15,3,0,1363.00359,1,26.14663324,0.096899432,0.649170148,1365.690997,0.06973659
227.2164822,5.998700345,1363.00359,1,1,100,15,3,0,1375.470299,1,-4.901973873,0.071146404,-3.554182667,1360.233828,0.066799401
229.9182565,5.982431843,1375.470299,1,1,100,15,3,0,1369.800585,1,12.46670873,-0.016268503,2.701774309,1359.964249,0.070144589
227.8043602,6.013056919,1369.800585,1,1,100,15,3,0,1346.636747,1,-5.669714543,0.030625076,-2.113896286,1363.587794,0.074407233
224.9632668,5.986029482,1346.636747,1,1,100,15,3,0,1390.118512,1,-23.16383738,-0.027027437,-2.841093475,1364.563357,0.032493222
233.018707,5.965694903,1390.118512,1,1,100,15,3,0,1358.6443,1,43.48176523,-0.020334579,8.055440186,1369.005947,0.01780279
229.359518,5.92364473,1358.6443,1,1,100,15,3,0,1352.105635,1,-31.47421259,-0.042050174,-3.659188982,1368.134089,0.032961068
226.3977958,5.972256177,1352.105635,1,1,100,15,3,0,1386.911083,1,-6.538665127,0.048611448,-2.961722143,1363.461156,0.032636084
230.6685454,6.012571329,1386.911083,1,1,100,15,3,0,1401.309347,1,34.80544824,0.040315152,4.270749614,1366.883255,0.03248424
231.9083122,6.042514537,1401.309347,1,1,100,15,3,0,1373.777949,1,14.39826451,0.029943207,1.239766716,1377.817775,0.045699623
231.2965773,5.939465099,1373.777949,1,1,100,15,3,0,1353.292054,1,-27.53139886,-0.103049437,-0.611734845,1374.549663,0.049572389
229.2958572,5.901947253,1353.292054,1,1,100,15,3,0,1364.626055,1,-20.48589424,-0.037517846,-2.000720156,1373.479214,0.056055726
230.2914626,5.925647613,1364.626055,1,1,100,15,3,0,1346.268645,1,11.33400111,0.023700359,0.995605417,1375.983298,0.060096164
227.3236162,5.922255978,1346.268645,1,1,100,15,3,0,1323.775443,1,-18.35741072,-0.003391635,-2.967846423,1367.85481,0.055397954
227.2377148,5.825509397,1323.775443,1,1,100,15,3,0,1379.235422,1,-22.49320157,-0.096746581,-0.085901314,1352.348029,0.045330195
231.8770853,5.948131616,1379.235422,1,1,100,15,3,0,1338.639765,1,55.45997901,0.122622219,4.63937049,1353.439524,0.047201825
226.2436558,5.916805758,1338.639765,1,1,100,15,3,0,1365.297256,1,-40.59565676,-0.031325858,-5.633429515,1350.509066,0.047452382
228.5654898,5.973330696,1365.297256,1,1,99.99706156,15,3,0,1362.921641,1,26.65749104,0.056524938,2.321834005,1350.643306,0.055991751
229.6360914,5.935136905,1362.921641,1,1,100,15,3,0,1371.449582,1,-2.375615493,-0.038193792,1.070601622,1353.973906,0.056575433
230.5449794,5.948728899,1371.449582,1,1,100,15,3,0,1357.624168,1,8.527940852,0.013591995,0.908887999,1363.508733,0.020717704
228.377066,5.944660695,1357.624168,1,1,100,15,3,0,1350.456943,1,-13.82541427,-0.004068205,-2.16791349,1359.186482,0.020620454
228.331416,5.914459631,1350.456943,1,1,99.99967291,15,3,0,1337.792495,1,-7.167224978,-0.030201064,-0.045649906,1361.549918,0.021398385
227.840357,5.871622185,1337.792495,1,1,100,15,3,0,1353.106856,1,-12.66444766,-0.042837446,-0.491059023,1356.048966,0.031587393
226.9553644,5.961995477,1353.106856,1,1,100,15,3,0,1367.791807,1,15.31436107,0.090373292,-0.884992622,1354.086009,0.036139756
230.1670973,5.942603537,1367.791807,1,1,99.99677904,15,3,0,1342.92906,1,14.68495082,-0.01939194,3.211732939,1353.354454,0.035369457
225.1405881,5.964846548,1342.92906,1,1,100,15,3,0,1373.427971,1,-24.86274714,0.022243011,-5.026509269,1350.415432,0.038859373
232.3352351,5.911406295,1373.427971,1,1,100,15,3,0,1380.537942,1,30.4989115,-0.053440254,7.194647016,1355.009638,0.039208776
229.7168699,6.009736865,1380.537942,1,1,100,15,3,0,1367.820333,1,7.109970631,0.098330571,-2.61836516,1363.558727,0.035873031
228.2915391,5.991550709,1367.820333,1,1,100,15,3,0,1374.214217,1,-12.71760896,-0.018186156,-1.425330849,1366.501422,0.038972815
230.4084675,5.964252234,1374.214217,1,1,100,15,3,0,1268.49183,1,6.393884045,-0.027298475,2.116928406,1367.785904,0.03715776
229.5222495,5.526661718,1268.49183,0,1,100,16,2,0,1289.155896,1,-105.7223872,-0.437590516,-0.88621797,1352.898458,0.201373625
230.388701,5.595569099,1289.155896,0,1,100,16,2,0,1296.641833,1,20.66406646,0.068907381,0.866451507,1336.044043,0.23591582
231.4653871,5.601882202,1296.641833,0,1,100,16,2,0,1272.526569,1,7.485936386,0.006313103,1.076686098,1319.264822,0.223011314
229.2585169,5.550618515,1272.526569,0,1,100,16,2,0,1284.648717,1,-24.11526402,-0.051263687,-2.206870244,1300.206069,0.17965053
228.8421343,5.613689636,1284.648717,0,1,100,16,2,0,1262.225917,1,12.12214893,0.063071121,-0.416382591,1282.292969,0.037207692
228.2510979,5.529988368,1262.225917,0,1,100,16,2,0,1285.116277,1,-22.42280084,-0.083701267,-0.591036353,1281.039786,0.036079892
230.6776457,5.571048173,1285.116277,0,1,100,16,2,0,1252.780577,1,22.89036001,0.041059805,2.426547766,1280.231862,0.034797907
226.7934712,5.5238829,1252.780577,0,1,99.99892113,16,2,0,1266.295082,1,-32.33569951,-0.047165274,-3.884174527,1271.459611,0.03631317
227.3578094,5.569613314,1266.295082,0,1,100,16,2,0,1265.725475,1,13.51450503,0.045730414,0.564338227,1270.213314,0.036361643
229.3819126,5.517982918,1265.725475,0,1,100,16,2,0,1261.80643,1,-0.569606707,-0.051630396,2.024103227,1266.428666,0.025760214
231.7319199,5.445112742,1261.80643,0,1,100,16,2,0,1259.132661,1,-3.91904548,-0.072870175,2.350007294,1266.344768,0.051336754
227.9324934,5.524147272,1259.132661,0,1,100,16,2,0,-1149.916096,1,-2.673768507,0.07903453,-3.799426552,1261.148045,0.044809964
229.9832193,-5,-1149.916096,0,1,100,16,2,1,1267.279468,1,-2409.048758,-10.52414727,2.050725894,780.6087105,4.702310996
230.3693457,5.50107682,1267.279468,0,1,100,16,2,0,1281.644526,1,2417.195564,10.50107682,0.386126425,780.8055876,4.694540337
230.447968,5.561535376,1281.644526,0,1,100,16,2,0,1258.833001,1,14.3650587,0.060458556,0.078622284,783.9893978,4.699495813
229.4701619,5.485824347,1258.833001,0,1,100,16,2,0,1295.133321,1,-22.81152496,-0.075711029,-0.977806035,783.3947121,4.703944359
233.0794954,5.556616289,1295.133321,0,1,100,16,2,0,1287.17134,1,36.30031949,0.070791941,3.609333482,790.5948439,4.707605782
231.4951015,5.560253031,1287.17134,0,1,100,16,2,0,1256.862096,1,-7.961981199,0.003636742,-1.584393953,1278.012331,0.036603748
227.3595097,5.528082364,1256.862096,0,1,100,16,2,0,1263.628836,1,-30.30924365,-0.032170668,-4.135591731,1275.928857,0.032462545
226.0016546,5.591237102,1263.628836,0,1,100,16,2,0,1277.969145,1,6.766740282,0.063154739,-1.357855154,1272.325719,0.039659938
230.2214755,5.551042284,1277.969145,0,1,100,16,2,0,1264.74226,1,14.3403091,-0.040194818,4.219820931,1276.152948,0.022658537
230.538131,5.486043697,1264.74226,0,1,100,16,2,0,1307.093337,1,-13.22688503,-0.064998587,0.316655445,1270.074735,0.039227445
233.4950106,5.597949754,1307.093337,0,1,100,16,2,0,1256.652943,1,42.35107671,0.111906057,2.956879609,1274.059135,0.046281102
229.3414139,5.479398253,1256.652943,0,1,100,16,2,0,1281.207538,1,-50.44039439,-0.118551501,-4.153596665,1274.017304,0.0563089
227.6408675,5.628196519,1281.207538,0,1,99.99725138,16,2,0,1278.953986,1,24.55459518,0.148798266,-1.700546431,1277.533045,0.066104301
229.7769215,5.566068068,1278.953986,0,1,99.99468695,16,2,0,1290.687075,1,-2.253551963,-0.062128451,2.136054081,1277.730013,0.066587065
231.5068158,5.575157993,1290.687075,0,1,99.99386908,16,2,0,1262.851478,1,11.73308905,0.009089925,1.729894296,1282.918976,0.055715077
228.822666,5.518909032,1262.851478,0,1,100,16,2,0,1245.810056,1,-27.83559654,-0.056248961,-2.684149809,1274.070604,0.05677629
226.0146769,5.512075912,1245.810056,0,1,100,16,2,0,1274.413034,1,-17.04142221,-0.00683312,-2.80798917,1271.902027,0.047176541
227.3794794,5.604784729,1274.413034,0,1,99.99984769,16,2,0,1260.448826,1,28.60297787,0.092708817,1.364802549,1270.543126,0.039216083
227.9691783,5.529031756,1260.448826,0,1,100,16,2,0,1250.38712,1,-13.96420755,-0.075752973,0.589698913,1266.842094,0.040182958
227.7381285,5.490460152,1250.38712,0,1,100,16,2,0,1261.770349,1,-10.0617069,-0.038571604,-0.231049849,1258.782103,0.043577054
230.1028564,5.483505809,1261.770349,0,1,99.99934925,16,2,0,-1156.283619,1,11.3832299,-0.006954343,2.364727878,1258.565877,0.048627081
231.2567238,-5,-1156.283619,0,1,99.9968434,16,2,1,1263.345023,1,-2418.053968,-10.48350581,1.153867452,778.1471421,4.70803963
229.3158004,5.509193089,1263.345023,0,1,100,16,2,0,1279.660668,1,2419.628642,10.50919309,-1.940923406,775.9335398,4.697139078
229.1127413,5.5852881,1279.660668,0,1,99.99963991,16,2,0,1268.697019,1,16.31564501,0.076095011,-0.203059076,779.7759081,4.70356946
228.8423037,5.543979407,1268.697019,0,1,100,16,2,0,1265.653241,1,-10.96364821,-0.041308693,-0.270437585,783.4378881,4.709534174
232.7964969,5.436736628,1265.653241,0,1,100,16,2,0,3378.439343,1,-3.043778049,-0.10724278,3.954193147,784.2144665,4.704465762
171.0333396,19.75310399,3378.439343,0,1,100,16,2,1,1281.357679,1,2112.786101,14.31636736,-61.7631573,1691.159059,6.366007879
229.5557384,5.581902192,1281.357679,0,1,100,16,2,0,1277.368701,1,-2097.081664,-14.1712018,58.52239881,1694.76159,6.357929541
228.4732097,5.590890516,1277.368701,0,1,100,16,2,0,1284.464386,1,-3.988977802,0.008988324,-1.082528669,1694.303197,6.357314307
229.3619177,5.600164137,1284.464386,0,1,99.99733619,16,2,0,1252.732828,1,7.095684661,0.009273621,0.888708006,1697.45667,6.351091942
227.8094032,5.499039154,1252.732828,0,1,100,16,2,0,1560.187801,1,-31.73155828,-0.101124983,-1.55251453,1694.872588,6.343900028
231.1730595,6.74900356,1560.187801,1,1,100,16,3,0,1335.660163,1,307.4549735,1.249964406,3.363656262,1331.222279,0.529699158
226.4509805,5.898230868,1335.660163,1,1,100,16,3,0,1364.457663,1,-224.5276379,-0.850772692,-4.722078937,1342.082776,0.515203254
229.2113709,5.952835836,1364.457663,1,1,100,16,3,0,1383.96801,1,28.79749952,0.054604968,2.760390407,1359.500568,0.49151067
231.7883616,5.970826148,1383.96801,1,1,100,16,3,0,1367.811956,1,19.51034734,0.017990312,2.57699066,1379.401293,0.453988555
229.738931,5.953766523,1367.811956,1,1,100,16,3,0,1401.985094,1,-16.15605409,-0.017059626,-2.049430621,1402.417119,0.361082455
230.8486873,6.073177677,1401.985094,1,1,100,16,3,0,1377.049749,1,34.17313819,0.119411154,1.109756326,1370.776578,0.06394331
231.7693409,5.94146639,1377.049749,1,1,100,16,3,0,1362.815107,1,-24.93534509,-0.131711287,0.920653643,1379.054495,0.054001381
228.8143863,5.955985237,1362.815107,1,1,100,16,3,0,1360.596317,1,-14.23464237,0.014518848,-2.954954626,1378.725983,0.053645634
228.4296681,5.956303001,1360.596317,1,1,100,16,3,0,1362.334657,1,-2.21878949,0.000317764,-0.384718233,1374.051645,0.054586774
228.8951184,5.951785548,1362.334657,1,1,100,16,3,0,1393.975967,1,1.738339973,-0.004517453,0.465450281,1372.956185,0.054796543
231.3913298,6.02432238,1393.975967,1,1,100,16,3,0,1353.753185,1,31.64130916,0.072536832,2.496211431,1371.35436,0.033165389
228.3249358,5.929064123,1353.753185,1,1,100,16,3,0,1348.83853,1,-40.22278133,-0.095258257,-3.066394002,1366.695047,0.035814411
225.2082257,5.989295134,1348.83853,1,1,100,16,3,0,1350.079317,1,-4.914655245,0.060231011,-3.116710136,1363.899731,0.037142377
228.0647975,5.919718132,1350.079317,1,1,100,16,3,0,1365.119431,1,1.240786761,-0.069577002,2.85657179,1361.796331,0.043596053
228.2544938,5.980690275,1365.119431,1,1,100,16,3,0,1361.804987,1,15.04011446,0.060972142,0.189696359,1362.353286,0.043680567
229.3032309,5.938882681,1361.804987,1,1,100,16,3,0,1386.194605,1,-3.31444454,-0.041807594,1.048737111,1355.91909,0.031437208
233.0518573,5.948009258,1386.194605,1,1,100,16,3,0,1396.233773,1,24.38961834,0.009126578,3.748626404,1362.407374,0.029107928
233.8734865,5.970038732,1396.233773,1,1,100,17,3,0,3430.156631,1,10.03916775,0.022029474,0.821629173,1371.886423,0.024378375
163.4764964,20.98256756,3430.156631,1,1,100,17,3,1,1380.647006,1,2033.922858,15.01252883,-70.39699006,1787.901885,6.718583223
232.331817,5.942565351,1380.647006,1,1,100,17,3,0,1375.606374,1,-2049.509625,-15.04000221,68.85532057,1791.0074,6.722835798
230.214026,5.975336942,1375.606374,1,1,100,17,3,0,1322.987364,1,-5.040631544,0.032771591,-2.117790988,1793.767678,6.718763728
225.3972394,5.869581047,1322.987364,1,1,100,17,3,0,1343.479194,1,-52.61900971,-0.105755895,-4.816786601,1781.12623,6.72764996
226.5396853,5.930436394,1343.479194,1,1,100,17,3,0,99.94659887,1,20.49182975,0.060855348,1.142445834,1770.575314,6.732054302
231.1824704,0.432327757,99.94659887,1,0,100,17,1,0,109.4437179,1,-1243.532595,-5.498108637,4.642785096,1104.533307,2.458699276
230.1692693,0.475492311,109.4437179,1,0,100,17,1,0,117.0067076,1,9.497119014,0.043164554,-1.013201063,850.2926499,2.996977968
228.7661271,0.511468674,117.0067076,1,0,100,17,1,0,29.9827772,1,7.562989719,0.035976362,-1.403142213,598.5727166,2.972652298
227.4671487,0.131811461,29.9827772,0,0,100,17,0,0,-1.888350932,1,-87.02393041,-0.379657213,-1.298978393,339.9717991,2.483312936
230.5016887,-0.008192352,-1.888350932,0,0,100,17,0,0,10.85448311,1,-31.87112813,-0.140003813,3.034540015,70.89829012,0.232340741
228.1391867,0.047578337,10.85448311,0,0,100,17,0,0,-0.821371593,1,12.74283405,0.055770689,-2.362502,53.07986697,0.244505637
228.5513428,-0.003593817,-0.821371593,0,0,100,17,0,0,-0.287614738,1,-11.67585471,-0.051172154,0.412156118,31.02684908,0.217422604
231.9168659,-0.001240163,-0.287614738,0,0,100,17,0,0,-1163.172259,1,0.533756854,0.002353653,3.365523121,7.56798461,0.05954865
232.6344518,-5,-1163.172259,0,0,100,17,0,1,-1.637890854,1,-1162.884644,-4.998759837,0.71758589,-231.0630227,2.240045229
228.4844692,-0.0071685,-1.637890854,0,0,100,17,0,0,23.85947,1,1161.534368,4.9928315,-4.149982576,-231.0129306,2.240157814
228.1899955,0.104559667,23.85947,0,0,100,17,0,0,9.631695466,1,25.49736085,0.111728167,-0.294473787,-228.4119333,2.246908964
230.4846373,0.041788883,9.631695466,0,0,100,17,0,0,14.28438236,1,-14.22777453,-0.062770785,2.294641865,-226.3213199,2.25193285
232.6482299,0.061399059,14.28438236,0,0,100,17,0,0,1.314121865,1,4.652686896,0.019610176,2.163592558,-223.4069204,2.258849934
227.7472071,0.00577009,1.314121865,0,0,100,17,0,0,-0.876160059,1,-12.9702605,-0.055628969,-4.901022746,9.490355767,0.04477042
232.4138937,-0.003769827,-0.876160059,0,0,100,17,0,0,11.52707285,1,-2.190281923,-0.009539916,4.666686603,9.642701926,0.043867843
229.2971872,0.050271323,11.52707285,0,0,100,17,0,0,5.700962273,1,12.40323291,0.054041149,-3.116706584,7.176222496,0.028536527
229.7464678,0.024814145,5.700962273,0,0,100,17,0,0,20.04180202,1,-5.826110575,-0.025457177,0.449280614,6.390075858,0.027949464
230.5409181,0.086933817,20.04180202,0,0,100,17,0,0,19.04671697,1,14.34083975,0.062119672,0.794450378,7.54155979,0.036631473
228.0427346,0.083522577,19.04671697,0,0,100,17,0,0,10.74508154,1,-0.995085057,-0.00341124,-2.498183578,11.08807881,0.038729592
230.781659,0.046559513,10.74508154,0,0,100,17,0,0,15.55702892,1,-8.301635426,-0.036963065,2.73892446,13.41232713,0.026360969
230.7180811,0.067428737,15.55702892,0,0,100,17,0,0,3.167265222,1,4.811947376,0.020869225,-0.063577978,14.21831834,0.026150881
228.8811923,0.013838032,3.167265222,0,0,100,17,0,0,13.70175528,1,-12.3897637,-0.053590706,-1.836888784,13.71157893,0.030186555
232.1778616,0.059014047,13.70175528,0,0,100,17,0,0,8.776034189,1,10.53449005,0.045176015,3.296669341,12.44356959,0.026198151
226.9972343,0.038661415,8.776034189,0,0,100,17,0,0,25.07749036,1,-4.925721088,-0.020352633,-5.180627309,10.38943303,0.020694622
230.7690038,0.108669232,25.07749036,0,0,100,17,0,0,24.1461948,1,16.30145617,0.070007817,3.771769524,13.25591479,0.035286044
226.4323842,0.10663755,24.1461948,0,0,100,17,0,0,16.13890501,1,-0.931295561,-0.002031681,-4.336619633,14.97374797,0.04179451
230.1095296,0.070135752,16.13890501,0,0,100,17,0,0,29.42476065,1,-8.007289789,-0.036501798,3.677145419,17.56807593,0.030500311
229.8379399,0.128023949,29.42476065,0,0,100,17,0,0,15.50199223,1,13.28585564,0.057888196,-0.271589688,20.712677,0.0357089
231.4225585,0.066985657,15.50199223,0,0,100,17,0,0,22.58912088,1,-13.92276842,-0.061038291,1.58461857,22.05786861,0.026504484
229.2255702,0.09854538,22.58912088,0,0,100,17,0,0,9.001341636,1,7.087128652,0.031559722,-2.196988304,21.56019471,0.025677094
229.6881102,0.03918941,9.001341636,0,0,100,17,0,0,16.12343158,1,-13.58777925,-0.059355969,0.462540034,18.53122408,0.033840628
236.1030124,0.068289817,16.12343158,0,0,100,17,0,0,10.35526868,1,7.12208994,0.029100407,6.414902195,18.52812939,0.033992729
228.972664,0.045224912,10.35526868,0,0,100,17,0,0,26.54827449,1,-5.768162898,-0.023064905,-7.130348466,14.714231,0.023388813
231.5305933,0.114664218,26.54827449,0,0,100,17,0,0,-4.639035328,1,16.19300581,0.069439306,2.557929373,16.92348745,0.032882761
227.2691204,-0.020412079,-4.639035328,0,0,100,17,0,0,22.51935357,1,-31.18730982,-0.135076298,-4.261472944,11.47785621,0.049019529
232.5576421,0.096833427,22.51935357,0,0,100,17,0,0,1.667992674,1,27.1583889,0.117245507,5.288521706,14.1814586,0.052663489
229.8605543,0.007256542,1.667992674,0,0,100,17,0,0,21.65398823,1,-20.8513609,-0.089576886,-2.697087828,11.29037082,0.057389503
228.4637752,0.094780839,21.65398823,0,0,100,17,0,0,-5.41601298,1,19.98599556,0.087524297,-1.39677909,13.55011473,0.060813446
231.8341812,-0.023361581,-5.41601298,0,0,100,17,0,0,21.98009697,1,-27.07000121,-0.11814242,3.37040599,7.157257235,0.060341049
229.2853212,0.095863516,21.98009697,0,0,100,17,0,0,18.07932483,1,27.39610995,0.119225097,-2.548859947,12.48108369,0.057921761
231.7406128,0.078015349,18.07932483,0,0,100,17,0,0,12.01729137,1,-3.900772136,-0.017848166,2.45529162,11.59307795,0.055002875
229.918633,0.052267584,12.01729137,0,0,100,17,0,0,-0.709786886,1,-6.062033468,-0.025747766,-1.82197988,13.66293768,0.049568663
235.7110656,-0.003011258,-0.709786886,0,0,100,17,0,0,3.769469388,1,-12.72707825,-0.055278842,5.792432673,9.190182661,0.051432093
226.6532693,0.016630995,3.769469388,0,0,100,17,0,0,13.62265584,1,4.479256274,0.019642253,-9.057796364,11.02727913,0.041219539
229.8161792,0.059276313,13.62265584,0,0,100,17,0,0,10.97987241,1,9.853186448,0.042645318,3.162909978,9.355790908,0.033020048
229.9334617,0.04775239,10.97987241,0,0,100,17,0,0,9.121605423,1,-2.642783429,-0.011523923,0.117282485,7.935900422,0.026606107
232.7483228,0.039190854,9.121605423,0,0,100,17,0,0,3.905450948,1,-1.858266984,-0.008561537,2.814861086,7.356763234,0.025029147
230.4751837,0.016945212,3.905450948,0,0,100,17,0,0,14.64260493,1,-5.216154475,-0.022245641,-2.273139078,8.279810801,0.018896573
232.4529853,0.062991684,14.64260493,0,0,100,17,0,0,35.33165548,1,10.73715398,0.046046471,1.977801593,10.45443791,0.018409503
234.6649639,0.150562124,35.33165548,0,0,100,17,0,0,-1.519457068,1,20.68905056,0.087570441,2.211978527,14.79623784,0.051444974
230.6032926,-0.006589052,-1.519457068,0,0,100,17,0,0,26.0722209,1,-36.85111255,-0.157151176,-4.061671261,12.29637194,0.060537129
229.6811797,0.113514834,26.0722209,0,0,100,17,0,0,21.85656743,1,27.59167797,0.120103886,-0.922112882,15.68649504,0.065349023
228.4229673,0.095684631,21.85656743,0,0,100,17,0,0,15.93572822,1,-4.215653472,-0.017830202,-1.258212417,19.27671833,0.059335814
232.8189555,0.068446868,15.93572822,0,0,100,17,0,0,10.74230154,1,-5.920839211,-0.027237764,4.395988191,19.53534299,0.058919276
228.3555593,0.047041997,10.74230154,0,0,99.99989258,18,0,0,16.93435873,0,-5.193426677,-0.021404871,-4.463396167,14.6174722,0.046757552
227.6571342,0.074385364,16.93435873,0,0,99.99972323,18,0,0,40.78187162,0,6.19205719,0.027343367,-0.698425069,18.30823536,0.025594477
230.5425469,0.176895207,40.78187162,0,0,99.99931541,18,0,0,5.733071075,0,23.84751289,0.102509844,2.885412611,21.25016551,0.050263843
228.8176623,0.025055195,5.733071075,0,0,99.99925808,18,0,0,2461.974199,0,-35.04880054,-0.151840013,-1.724884516,18.02546624,0.058406923
156.4460721,15.73688726,2461.974199,1,0,99.99662552,18,1,1,103.0529613,0,2456.241128,15.71183206,-72.37159022,507.2331603,7.001836613
229.7699899,0.448504878,103.0529613,1,0,99.99559499,18,1,0,109.5076566,0,-2358.921237,-15.28838238,73.32391775,525.6952923,6.958637311
229.3795201,0.477408169,109.5076566,1,0,99.99449991,18,1,0,107.627328,0,6.454695348,0.028903291,-0.390469771,544.2099518,6.914236258
228.8365156,0.470324099,107.627328,1,0,99.99342364,18,1,0,106.1118289,0,-1.880328577,-0.00708407,-0.543004477,557.5790431,6.881495165
229.5006432,0.462359615,106.1118289,1,0,99.99236252,18,1,0,78.5082736,0,-1.5154991,-0.007964484,0.664127573,577.6547947,6.829960932
227.6511922,0.344862124,78.5082736,1,0,99.99157744,18,1,0,107.6563902,0,-27.60355532,-0.117497491,-1.849450982,100.9616097,0.054635222
231.706209,0.464624538,107.6563902,1,0,99.99050087,18,1,0,107.7866259,0,29.14811662,0.119762414,4.055016744,101.8822955,0.055677181
230.4344918,0.467753872,107.7866259,1,0,99.98942301,18,1,0,100.6806602,0,0.13023569,0.003129335,-1.271717119,101.5380893,0.054377537
228.658418,0.440310316,100.6806602,1,0,99.9884162,18,1,0,89.2353389,0,-7.105965736,-0.027443557,-1.77607386,100.1487558,0.052074926
229.4258408,0.388950689,89.2353389,1,0,99.98752385,18,1,0,96.37755348,0,-11.44532127,-0.051359626,0.767422796,96.77345777,0.053116845
232.1133521,0.415217619,96.37755348,1,0,99.98656007,18,1,0,106.1557978,0,7.142214571,0.02626693,2.687511339,100.3473137,0.033503062
227.9648096,0.465667477,106.1557978,1,0,99.98549851,18,1,0,98.92154901,0,9.77824433,0.050449858,-4.148542478,100.0471953,0.033733179
230.1300307,0.429850675,98.92154901,1,0,99.9845093,18,1,0,106.9738331,0,-7.234248798,-0.035816802,2.16522108,98.27417987,0.02855716
228.7840718,0.467575528,106.9738331,1,0,99.98343956,18,1,0,96.49351901,0,8.052284134,0.037724853,-1.345958908,99.53281447,0.033645508
229.7593971,0.419976376,96.49351901,1,0,99.98247463,18,1,0,103.3681709,0,-10.48031413,-0.047599152,0.975325252,100.9844505,0.025183146
227.15416,0.455057354,103.3681709,1,0,99.98144094,18,1,0,86.80183203,0,6.874651921,0.035080977,-2.605237037,102.382574,0.021559032
233.468444,0.371792567,86.80183203,1,0,99.98057293,18,1,0,108.0239537,0,-16.5663389,-0.083264787,6.314283975,98.51178083,0.037154358
228.8815647,0.471964415,108.0239537,1,0,99.97949269,18,1,0,111.005879,0,21.22212169,0.100171848,-4.586879302,100.3322618,0.041907282
229.3410458,0.484020986,111.005879,1,0,99.97838263,18,1,0,100.5133802,0,2.981925318,0.012056571,0.459481065,101.1386709,0.045381475
236.001828,0.425900854,100.5133802,1,0,99.97737749,18,1,0,106.6601477,0,-10.49249886,-0.058120131,6.660782199,101.9426432,0.044783006
229.1573779,0.465444965,106.6601477,1,0,99.97631089,18,1,0,100.9520925,0,6.146767551,0.039544111,-6.844450081,102.6010385,0.045784586
230.4681204,0.438030615,100.9520925,1,0,99.97530137,18,1,0,82.99590336,0,-5.708055251,-0.02741435,1.310742478,105.4310906,0.024250531
227.382907,0.365005024,82.99590336,1,0,99.97447141,18,1,0,107.9349404,0,-17.95618912,-0.073025591,-3.085213349,100.4254806,0.045604039
231.0052028,0.467240301,107.9349404,1,0,99.97339206,18,1,0,106.065914,0,24.93903707,0.102235277,3.622295816,99.81129284,0.041598718
231.2379492,0.458687315,106.065914,1,0,99.9723314,18,1,0,118.6769511,0,-1.869026442,-0.008552986,0.232746339,100.9217996,0.042896874
233.0433336,0.509248427,118.6769511,1,0,99.97114463,18,1,0,86.88840543,0,12.61103709,0.050561112,1.805384466,103.3251603,0.052968606
229.3441503,0.378855991,86.88840543,1,0,99.97027575,18,1,0,99.78097115,0,-31.78854565,-0.130392436,-3.69918332,100.5124229,0.061566106
232.7156269,0.428767816,99.78097115,1,0,99.96927794,18,1,0,91.40805251,0,12.89256572,0.049911825,3.371476629,103.8694364,0.048438055
232.0410273,0.393930563,91.40805251,1,0,99.96836386,18,1,0,100.3608197,0,-8.372918636,-0.034837253,-0.674599679,100.5640588,0.052310454
227.7508188,0.440660632,100.3608197,1,0,99.96736025,18,1,0,102.2470954,0,8.952767199,0.046730069,-4.290208439,99.42303998,0.050773433
232.6825201,0.439427488,102.2470954,1,0,99.96633778,18,1,0,99.02187907,0,1.88627567,-0.001233143,4.931701261,96.13706884,0.028223257
229.48987,0.431486928,99.02187907,1,0,99.96534756,18,1,0,111.5338607,0,-3.225216313,-0.00794056,-3.192650048,98.56376356,0.019090542
231.0691229,0.48268613,111.5338607,1,0,99.96423222,18,1,0,107.0967037,0,12.51198162,0.051199202,1.579252813,100.9143415,0.031582623
228.25954,0.469188292,107.0967037,1,0,99.96316126,18,1,0,96.51140971,0,-4.437156991,-0.013497838,-2.809582816,104.0520717,0.022034811
229.7002461,0.420162413,96.51140971,1,0,99.96219614,18,1,0,101.9191236,0,-10.58529399,-0.049025879,1.440706057,103.2821897,0.026322187
227.0058146,0.448971423,101.9191236,1,0,99.96117695,18,1,0,105.82827,0,5.407713906,0.02880901,-2.694431516,103.2165954,0.025833127
230.5681605,0.458989089,105.82827,1,0,99.96011867,18,1,0,104.4620779,0,3.909146349,0.010017666,3.562345936,104.5778735,0.023604813
226.9015127,0.46038511,104.4620779,1,0,99.95907405,18,1,0,108.0714596,0,-1.366192085,0.001396021,-3.666647846,103.163517,0.018949523
226.1621084,0.477849541,108.0714596,1,0,99.95799333,18,1,0,93.41229306,0,3.609381715,0.017464431,-0.739404271,103.3584682,0.021225437
225.8339433,0.413632653,93.41229306,1,0,99.95705921,18,1,0,110.9128772,0,-14.65916653,-0.064216888,-0.328165094,102.7386448,0.023814785
229.7179385,0.482822012,110.9128772,1,0,99.95595008,18,1,0,80.38719535,0,17.5005841,0.069189359,3.883995214,104.5373955,0.027306405
228.3794576,0.351989606,80.38719535,1,0,99.95514621,18,1,0,89.16725262,0,-30.52568182,-0.130832405,-1.33848088,99.44918061,0.05497145
231.4482721,0.385257802,89.16725262,1,0,99.95425454,18,1,0,113.8628904,0,8.780057269,0.033268196,3.068814427,96.39021556,0.05731375
229.9414851,0.495182026,113.8628904,1,0,99.95311591,18,1,0,99.83839844,0,24.69563775,0.109924224,-1.506787008,97.54850171,0.061856812
231.3073747,0.431626525,99.83839844,1,0,99.95211752,18,1,0,94.37659745,0,-14.02449193,-0.0635555,1.365889604,98.83372279,0.061496023
231.8983547,0.406973985,94.37659745,1,0,99.95117376,18,1,0,99.48779916,0,-5.46180099,-0.024652541,0.590980011,95.52646684,0.05390216
232.4665408,0.427966101,99.48779916,1,0,99.95017888,18,1,0,83.95402574,0,5.111201707,0.020992117,0.568186116,99.34658761,0.041187826
229.4651464,0.365868312,83.95402574,1,0,99.94933934,18,1,0,96.44519008,0,-15.53377342,-0.06209779,-3.00139434,98.30394223,0.046899759
228.3804006,0.422300643,96.44519008,1,0,99.94837489,18,1,0,84.26170923,0,12.49116433,0.056432331,-1.084745841,94.82040217,0.026898284
227.4378588,0.370482336,84.26170923,1,0,99.94753227,18,1,0,95.56092699,0,-12.18348085,-0.051818307,-0.942541799,91.70506433,0.028965965
230.9969733,0.413689087,95.56092699,1,0,99.94657666,18,1,0,101.5227952,0,11.29921777,0.043206751,3.559114504,91.94193024,0.02959332
228.4612444,0.444376443,101.5227952,1,0,99.94556143,18,1,0,90.90702702,0,5.961868244,0.030687356,-2.535728863,92.34892946,0.03403804
232.1284363,0.391623829,90.90702702,1,0,99.94465236,18,1,0,130.2816908,0,-10.61576822,-0.052752614,3.667191888,93.73952971,0.028436998
231.0677358,0.563824674,130.2816908,1,0,99.94334955,18,1,0,118.7645553,0,39.37466383,0.172200845,-1.060700535,100.5068299,0.076101419
228.8312583,0.519004948,118.7645553,1,0,99.9421619,18,1,0,111.3352623,0,-11.51713559,-0.044819726,-2.236477539,107.4073991,0.072652851
233.0653264,0.477699811,111.3352623,1,0,99.94104855,18,1,0,101.679254,0,-7.429292929,-0.041305137,4.234068108,110.5622661,0.066389438
224.8329059,0.45224365,101.679254,1,0,99.94003175,19,1,0,101.8808813,0,-9.6560083,-0.025456161,-8.232420465,110.5935579,0.065441097
235.5667568,0.432492609,101.8808813,1,0,99.93901295,19,1,0,96.98593217,0,0.201627272,-0.019751041,10.73385085,112.7883288,0.052846058
229.9836329,0.421707975,96.98593217,1,0,99.93804309,19,1,0,95.13444305,0,-4.894949134,-0.010784634,-5.583123903,106.129177,0.038974288
231.4203034,0.411089441,95.13444305,1,0,99.93709174,19,1,0,129.0043042,0,-1.851489114,-0.010618535,1.436670536,101.4031546,0.026426399
229.3612114,0.562450396,129.0043042,1,0,99.9358017,19,1,0,90.19975688,0,33.86986113,0.151360955,-2.059091992,104.9369629,0.061423317
230.9520497,0.390556209,90.19975688,1,0,99.9348997,19,1,0,101.9876182,0,-38.8045473,-0.171894187,1.590838295,102.6410635,0.068188368
229.9879408,0.443447678,101.9876182,1,0,99.93387983,19,1,0,112.2360176,0,11.78786137,0.052891469,-0.964108874,102.6624109,0.067915316
231.4674457,0.484888997,112.2360176,1,0,99.93275747,19,1,0,119.6967995,0,10.24839937,0.041441319,1.479504919,105.712428,0.068177627
231.5591966,0.51691663,119.6967995,1,0,99.9315605,19,1,0,114.9658132,0,7.460781853,0.032027633,0.091750855,110.6248993,0.066182449
232.7605493,0.493923105,114.9658132,1,0,99.93041084,19,1,0,91.48232385,0,-4.730986292,-0.022993525,1.201352701,107.8172011,0.049823076
233.7470206,0.391373219,91.48232385,1,0,99.92949602,19,1,0,99.66525061,0,-23.48348932,-0.102549886,0.986471338,108.0737145,0.049514393
228.1407524,0.436858604,99.66525061,1,0,99.92849936,19,1,0,97.36259293,0,8.182926755,0.045485385,-5.606268199,107.6092409,0.050348981
229.4695189,0.42429423,97.36259293,1,0,99.92752574,19,1,0,103.2081722,0,-2.302657678,-0.012564374,1.328766521,104.634556,0.05157986
226.4482116,0.455769429,103.2081722,1,0,99.92649366,19,1,0,108.364903,0,5.845579247,0.031475199,-3.021307376,101.3368306,0.038001629
232.8412143,0.465402585,108.364903,1,0,99.92541001,19,1,0,113.9894262,0,5.156730864,0.009633156,6.393002764,100.0166485,0.029054738
230.2375699,0.495094811,113.9894262,1,0,99.92427011,19,1,0,84.44076545,0,5.624523183,0.029692226,-2.603644417,104.518069,0.027327565
229.7982534,0.36745608,84.44076545,1,0,99.9234257,19,1,0,116.7830048,0,-29.54866078,-0.127638731,-0.439316489,101.473172,0.048543385
229.9689005,0.50782086,116.7830048,1,0,99.92225787,19,1,0,94.81680948,0,32.34223933,0.14036478,0.170647059,105.3572543,0.055035538
229.1708257,0.413738569,94.81680948,1,0,99.92130971,19,1,0,105.0915721,0,-21.9661953,-0.094082291,-0.798074784,103.6789818,0.05861394
230.8747885,0.455188602,105.0915721,1,0,99.92025879,19,1,0,124.1215567,0,10.27476265,0.041450033,1.703962754,103.0243156,0.058114548
230.1050768,0.539412509,124.1215567,1,0,99.91901758,19,1,0,111.7646465,0,19.02998462,0.084223907,-0.769711618,105.0507417,0.06940307
228.4698194,0.489187792,111.7646465,1,0,99.91789993,19,1,0,119.8925563,0,-12.35691023,-0.050224717,-1.635257408,110.5155179,0.048447713
226.2053418,0.530016468,119.8925563,1,0,99.916701,19,1,0,122.0847136,0,8.127909784,0.040828676,-2.264477593,111.1374282,0.052369738
232.5174525,0.525056129,122.0847136,1,0,99.91548016,19,1,0,110.1406678,0,2.192157268,-0.004960339,6.312110639,116.5910091,0.035018088
228.1188571,0.482821408,110.1406678,1,0,99.91437875,19,1,0,99.51165245,0,-11.94404576,-0.042234721,-4.398595381,117.6008282,0.025543361
232.3978392,0.428195257,99.51165245,1,0,99.91338363,19,1,0,112.6545485,0,-10.62901536,-0.054626151,4.278982132,112.6788473,0.040916679
232.4127276,0.484717638,112.6545485,1,0,99.91225709,19,1,0,107.2908436,0,13.14289601,0.056522382,0.014888358,112.8568277,0.041016404
229.1644055,0.468182846,107.2908436,1,0,99.91118418,19,1,0,104.4726854,0,-5.363704903,-0.016534792,-3.248322089,110.3364852,0.034854448
229.435311,0.455347021,104.4726854,1,0,99.91013945,19,1,0,-1166.771179,0,-2.818158124,-0.012835825,0.270905453,106.8140795,0.023225565
233.3542359,-5,-1166.771179,1,0,99.90905836,19,1,1,119.2335296,0,-1271.243865,-5.455347021,3.918924903,-148.5682899,2.441475966
227.1862817,0.524827154,119.2335296,1,0,99.90786602,19,1,0,-1137.508965,0,1286.004709,5.524827154,-6.16795418,-144.6239145,2.452331779
227.501793,-5,-1137.508965,1,0,99.90699777,19,1,1,101.8665806,0,-1256.742495,-5.524827154,0.31551135,-394.6566172,3.003159174
234.6328361,0.434153132,101.8665806,1,0,99.90597911,19,1,0,128.8162424,0,1239.375546,5.434153132,7.131043046,-395.7414698,2.997020115
228.7544039,0.563120273,128.8162424,1,0,99.90469094,19,1,0,112.9552453,0,26.9496618,0.128967141,-5.878432168,-390.8727584,3.0168726
227.1380598,0.497297747,112.9552453,1,0,99.90356139,19,1,0,91.55133914,0,-15.86099705,-0.065822526,-1.616344056,-134.9274734,2.462292869
227.5794792,0.402282927,91.55133914,1,0,99.90264588,19,1,0,89.231874,0,-21.4039062,-0.095014819,0.44141937,-140.4639115,2.44891951
230.523875,0.387083004,89.231874,1,0,99.90175356,19,1,0,94.65261719,0,-2.319465137,-0.015199924,2.944395769,104.8842563,0.072954641
229.6065693,0.41223828,94.65261719,1,0,99.90080703,19,1,0,113.7804955,0,5.420743185,0.025155276,-0.917305659,103.4414636,0.075275795
230.7893104,0.493005916,113.7804955,1,0,99.89966923,19,1,0,107.1021221,0,19.12787827,0.080767636,1.182741107,100.4343142,0.052614308
230.8740569,0.463898472,107.1021221,1,0,99.89859821,19,1,0,101.3261886,0,-6.678373356,-0.029107445,0.08474645,99.26368958,0.044805011
230.2051116,0.440156119,101.3261886,1,0,99.89758495,19,1,0,104.6534404,0,-5.775933523,-0.023742352,-0.66894524,101.2186595,0.041680606
227.1877169,0.460647441,104.6534404,1,0,99.89653841,19,1,0,108.750706,0,3.327251782,0.020491321,-3.017394718,104.3029727,0.029997181
227.8703572,0.477248148,108.750706,1,0,99.8954509,19,1,0,105.4059547,0,4.097265658,0.016600708,0.682640289,107.1225905,0.019697083
225.738115,0.466939111,105.4059547,1,0,99.89439684,19,1,0,-1139.432108,0,-3.344751274,-0.010309037,-2.132242205,105.4476824,0.01359451
227.8864216,-5,-1139.432108,1,0,99.89355744,19,1,1,106.3248749,0,-1244.838063,-5.466939111,2.148306551,-143.8591636,2.442381769
231.2342934,0.459814474,106.3248749,1,0,99.89249419,19,1,0,98.31934842,0,1245.756983,5.459814474,3.347871819,-142.8594264,2.444552024
227.4105755,0.432342903,98.31934842,1,0,99.891511,19,1,0,124.1073515,0,-8.005526517,-0.027471571,-3.823717846,-144.1262447,2.441434241
232.5379659,0.533707909,124.1073515,1,0,99.89026993,19,1,0,91.52690118,0,25.78800312,0.101365006,5.127390329,-141.0549156,2.447973299
230.66954,0.396787982,91.52690118,1,0,99.88935466,19,1,0,93.60808168,0,-32.58045036,-0.136919927,-1.868425912,-143.8307263,2.440365143
231.1751811,0.404922714,93.60808168,1,0,99.88841858,19,1,0,100.754154,0,2.081180499,0.008134732,0.505641154,102.7773116,0.055177043
230.4325355,0.437239272,100.754154,1,0,99.88741104,19,1,0,112.8726345,0,7.146072291,0.032316558,-0.742645571,101.6631674,0.054635423
231.3123956,0.487966216,112.8726345,1,0,99.88628231,19,1,0,123.0219593,0,12.11848052,0.050726945,0.879860025,104.5738246,0.057991789
230.3603503,0.53404138,123.0219593,1,0,99.88505209,19,1,0,88.79545992,0,10.14932481,0.046075163,-0.952045293,104.3567461,0.058109144
231.9433134,0.382832592,88.79545992,1,0,99.88416414,19,1,0,101.2687047,0,-34.22649937,-0.151208788,1.582963146,103.8104579,0.06166208
228.679407,0.442841382,101.2687047,1,0,99.88315145,19,1,0,100.508783,0,12.47324481,0.06000879,-3.263906388,105.3425825,0.056978147
230.5807009,0.435894169,100.508783,1,0,99.88214636,19,1,0,98.18347818,0,-0.759921723,-0.006947213,1.901293877,105.2935083,0.057097728
231.0947826,0.424862375,98.18347818,1,0,99.88116453,19,1,0,109.201344,0,-2.325304832,-0.011031794,0.514081664,102.355677,0.055412437
227.949179,0.479060046,109.201344,1,0,99.88007251,19,1,0,103.7547496,0,11.01786587,0.054197671,-3.145603611,99.59155398,0.034675995
229.0663712,0.452946232,103.7547496,1,0,99.87903497,19,1,0,109.6945947,0,-5.446594404,-0.026113814,1.117192262,102.5834119,0.020578139
227.8472333,0.481439222,109.6945947,1,0,99.87793802,19,1,0,115.1645577,0,5.939845041,0.02849299,-1.219137962,104.2685899,0.025275077
231.9117832,0.49658778,115.1645577,1,0,99.87678637,20,1,0,109.6707361,0,5.469962966,0.015148558,4.064549941,107.1997448,0.028295133
229.5655306,0.477731721,109.6707361,1,0,99.87568967,20,1,0,114.4019861,0,-5.493821583,-0.018856059,-2.346252564,109.4971964,0.015694121
226.8121949,0.504390807,114.4019861,1,0,99.87454565,20,1,0,113.1725862,0,4.731250052,0.026659086,-2.753335728,110.5373248,0.019842435
225.8229073,0.50115636,113.1725862,1,0,99.87341392,20,1,0,122.1830095,0,-1.229399917,-0.003234448,-0.989287598,112.4208921,0.011970709
229.2963738,0.532860627,122.1830095,1,0,99.87219209,20,1,0,97.66285428,0,9.010423281,0.031704267,3.473466511,114.9185751,0.019846661
227.7543424,0.428807869,97.66285428,1,0,99.87121546,20,1,0,102.6326734,0,-24.52015521,-0.104052758,-1.54203146,111.4182344,0.038918102
228.0996941,0.449946563,102.6326734,1,0,99.87018914,20,1,0,94.39912842,0,4.969819167,0.021138694,0.345351779,110.0106219,0.042724945
228.3968331,0.413311897,94.39912842,1,0,99.86924514,20,1,0,116.7867244,0,-8.233545028,-0.036634666,0.297139004,106.0100504,0.050299723
230.4199466,0.506842945,116.7867244,1,0,99.86807728,20,1,0,99.20820684,0,22.38759596,0.093531048,2.023113423,106.732878,0.05136844
228.8575473,0.433493271,99.20820684,1,0,99.86708519,20,1,0,109.1142649,0,-17.57851754,-0.073349674,-1.56239925,102.1379175,0.036182816
230.4530398,0.473477221,109.1142649,1,0,99.86599405,20,1,0,116.9045438,0,9.906058095,0.03998395,1.595492518,104.4281996,0.036242981
228.3161052,0.512029336,116.9045438,1,0,99.86482501,20,1,0,122.4854873,0,7.790278851,0.038552115,-2.136934679,107.2825737,0.043757047
236.3526038,0.51823202,122.4854873,1,0,99.86360015,20,1,0,64.65915905,0,5.580943517,0.006202684,8.03649867,112.8998454,0.035443668
226.9363408,0.284922013,64.65915905,1,0,99.86295356,20,1,0,112.2984395,0,-57.82632826,-0.233310007,-9.416263014,102.4743324,0.095423476
228.1820581,0.492144038,112.2984395,1,0,99.86183058,20,1,0,116.3003117,0,47.63928049,0.207222025,1.245717258,105.0923789,0.0973287
232.1212978,0.501032489,116.3003117,1,0,99.86066757,20,1,0,95.08610259,0,4.001872144,0.008888451,3.93923974,106.5295883,0.099314209
228.2303821,0.416623333,95.08610259,1,0,99.85971671,20,1,0,101.0368908,0,-21.21420909,-0.084409156,-3.890915699,102.1659,0.096340937
227.4655204,0.444185521,101.0368908,1,0,99.85870634,20,1,0,96.36244162,0,5.950788202,0.027562188,-0.764861659,97.87618073,0.087049804
228.6387761,0.4214615,96.36244162,1,0,99.85774272,20,1,0,112.9595965,0,-4.674449168,-0.022724021,1.173255625,104.2168372,0.039411871
230.2435716,0.490609122,112.9595965,1,0,99.85661312,20,1,0,106.7072265,0,16.59715487,0.069147622,1.604795509,104.3490686,0.039055458
227.1034503,0.469861758,106.7072265,1,0,99.85554605,20,1,0,107.7863247,0,-6.252370005,-0.020747364,-3.14012125,102.4304516,0.031604226
230.6470047,0.467321589,107.7863247,1,0,99.85446819,20,1,0,103.4263408,0,1.079098165,-0.00254017,3.543554391,104.970496,0.026525855
226.7591171,0.456106648,103.4263408,1,0,99.85343392,20,1,0,98.77360745,0,-4.359983864,-0.011214941,-3.887887616,105.448386,0.025408685
225.4641189,0.43809014,98.77360745,1,0,99.85244619,20,1,0,108.6989308,0,-4.652733346,-0.018016508,-1.294998254,105.9306192,0.019276105
233.1972124,0.466124486,108.6989308,1,0,99.8513592,20,1,0,102.2568075,0,9.925323361,0.028034346,7.73309352,105.078486,0.013060666
230.0007916,0.444593285,102.2568075,1,0,99.85033663,20,1,0,74.39034239,0,-6.4421233,-0.021531201,-3.196420746,104.1884022,0.012937501
228.3759909,0.325736265,74.39034239,1,0,99.84959273,20,1,0,104.9499484,0,-27.86646512,-0.11885702,-1.624800746,97.50920579,0.057142362
226.5790995,0.463193422,104.9499484,1,0,99.84854323,20,1,0,67.9977872,0,30.559606,0.137457156,-1.796891391,97.81392731,0.058150772
230.4305324,0.29509018,67.9977872,1,0,99.84786325,20,1,0,88.60010161,0,-36.95216119,-0.168103242,3.851432925,91.65876326,0.081960435
228.8048889,0.387229932,88.60010161,1,0,99.84697725,20,1,0,101.7518308,0,20.60231441,0.092139753,-1.625643505,87.63899742,0.072886452
230.6196225,0.441210638,101.7518308,1,0,99.84595973,20,1,0,99.78070209,0,13.15172923,0.053980706,1.814733634,87.53800208,0.072186109
229.0689766,0.435592386,99.78070209,1,0,99.84496192,20,1,0,122.3177561,0,-1.971128749,-0.005618252,-1.55064598,92.61607403,0.067134348
227.8477481,0.536839873,122.3177561,1,0,99.84373875,20,1,0,114.0906,0,22.53705397,0.101247487,-1.22122851,96.08963556,0.088059143
224.37375,0.508484616,114.0906,1,0,99.84259784,20,1,0,-1159.500328,0,-8.227156045,-0.028355257,-3.473998078,105.3081981,0.060170313
231.9000655,-5,-1159.500328,1,0,99.84154997,20,1,1,106.2829035,0,-1273.590928,-5.508484616,7.526315565,-144.3118877,2.451351739
230.8829849,0.460332335,106.2829035,1,0,99.84048714,20,1,0,119.7132196,0,1265.783231,5.460332335,-1.017080628,-143.4056732,2.453426632
231.9823303,0.51604456,119.7132196,1,0,99.83929001,20,1,0,94.5362734,0,13.43031612,0.055712225,1.099345385,-139.4191697,2.462260596
229.02938,0.412769198,94.5362734,1,0,99.83834465,20,1,0,97.55026093,0,-25.17694625,-0.103275363,-2.952950286,-144.9754662,2.448581417
229.270226,0.425481593,97.55026093,1,0,99.83736914,20,1,0,102.6365317,0,3.013987537,0.012712395,0.240846007,-148.283534,2.439277633
227.5439642,0.451062422,102.6365317,1,0,99.83634278,20,1,0,100.9028104,0,5.086270718,0.025580829,-1.726261787,104.1438378,0.040024427
231.6770435,0.435532191,100.9028104,1,0,99.83533375,20,1,0,118.3285036,0,-1.733721278,-0.015530231,4.133079308,103.0678192,0.040444458
227.8791905,0.519259803,118.3285036,1,0,99.83415047,20,1,0,117.0841525,0,17.42569321,0.083727612,-3.797853025,102.790876,0.041796237
230.7923829,0.507313764,117.0841525,1,0,99.83297962,20,1,0,97.52081404,0,-1.244351098,-0.011946039,2.913192363,107.3004518,0.042783262
229.0745952,0.425716409,97.52081404,1,0,99.83200442,20,1,0,107.4658278,0,-19.56333845,-0.081597355,-1.717787717,107.2945624,0.042725381
227.316183,0.472759248,107.4658278,1,0,99.83092976,20,1,0,-1132.932457,0,9.945013752,0.047042839,-1.758412193,108.2604217,0.04169272
226.5864915,-5,-1132.932457,1,0,99.8298233,20,1,1,109.1707315,0,-1240.398285,-5.472759248,-0.729691507,-138.5066319,2.451564261
229.882722,0.474897506,109.1707315,1,0,99.82873159,20,1,0,117.590337,0,1242.103189,5.474897506,3.296230568,-140.3381863,2.446508116
232.6508179,0.505437024,117.590337,1,0,99.82755568,20,1,0,84.42196314,0,8.419605533,0.030539517,2.768095915,-140.2369494,2.446291317
227.739112,0.370695935,84.42196314,1,0,99.82671147,20,1,0,-1163.078237,0,-33.16837386,-0.134741088,-4.911705907,-142.8567196,2.44050449
232.6156474,-5,-1163.078237,1,0,99.82569311,20,1,1,115.7759712,0,-1247.5002,-5.370695935,4.876535383,-396.9655326,2.985694011
231.6110962,0.499872299,115.7759712,1,0,99.82453535,20,1,0,103.0778724,0,1278.854208,5.499872299,-1.004551267,-147.2238469,2.443610001
233.7090019,0.441052213,103.0778724,1,0,99.82350457,20,1,0,101.0735175,0,-12.69809877,-0.058820087,2.097905716,-148.4424187,2.439828724
230.744555,0.43803208,101.0735175,1,0,99.82249384,20,1,0,106.8550562,0,-2.004354956,-0.003020132,-2.96444688,-151.7457826,2.432115088
231.21842,0.462139029,106.8550562,1,0,99.82142529,20,1,0,102.4939721,0,5.781538718,0.024106949,0.473865005,-147.259164,2.442033404
231.2524695,0.443212444,102.4939721,1,0,99.82040035,20,1,0,104.2236662,0,-4.361084109,-0.018926586,0.034049465,105.8552779,0.025829046
232.5026853,0.448268656,104.2236662,1,0,99.81935811,20,1,0,111.9428948,0,1.729694101,0.005056212,1.250215868,103.5448169,0.009485398
230.5102651,0.485630845,111.9428948,1,0,99.81823868,20,1,0,105.6227628,0,7.719228657,0.037362189,-1.992420183,105.3178214,0.019107196
227.9103749,0.463439907,105.6227628,1,0,99.81718245,20,1,0,81.39942866,0,-6.320131995,-0.022190938,-2.59989025,106.2276704,0.01651777
228.5626945,0.356136109,81.39942866,1,0,99.81636846,20,1,0,107.1594968,0,-24.22333419,-0.107303798,0.652319557,101.1365449,0.049348891
228.4060403,0.469162272,107.1594968,1,0,99.81529686,20,1,0,106.7505681,0,25.76006814,0.113026163,-0.156654161,102.0696499,0.051188549
231.0439677,0.462035729,106.7505681,1,0,99.81422936,21,1,0,93.03450587,0,-0.408928702,-0.007126543,2.637927418,102.5750303,0.051806622
229.717415,0.404995441,93.03450587,1,0,99.81329901,21,1,0,127.6943344,0,-13.71606223,-0.057040288,-1.326552756,98.79335246,0.049377738
227.4487187,0.561420329,127.6943344,1,0,99.81202207,21,1,0,3401.260559,0,34.65982858,0.156424887,-2.268696281,103.2076668,0.077070697
229.3184978,14.8320375,3401.260559,1,1,99.77800946,21,3,0,1357.358798,0,3273.566224,14.27061717,1.869779155,767.1798928,6.421173849
228.9853477,5.927710273,1357.358798,1,1,99.76443588,21,3,0,1384.557048,0,-2043.901761,-8.904327226,-0.333150117,1017.219753,6.27209174
231.1833174,5.989000693,1384.557048,1,1,99.75059031,21,3,0,-1144.231037,0,27.19825043,0.06129042,2.197969726,1272.781049,5.870442128
228.8462074,-5,-1144.231037,1,1,99.73684124,21,3,1,1374.24061,0,-2528.788085,-10.98900069,-2.337110085,1025.327941,7.361414287
230.1408444,5.971302545,1374.24061,1,1,99.72309883,21,3,0,1354.035444,0,2518.471647,10.97130254,1.294637057,1274.637196,7.035115906
229.1152789,5.909843508,1354.035444,1,1,99.70955848,21,3,0,1346.90108,0,-20.20516636,-0.061459037,-1.0255655,865.1921726,4.896853506
227.8861391,5.910412479,1346.90108,1,1,99.69608947,21,3,0,1352.561029,0,-7.134363343,0.000568971,-1.229139823,863.1006291,4.894944545
229.4324944,5.89524615,1352.561029,1,1,99.68256386,21,3,0,1364.892088,0,5.659949045,-0.015166328,1.546355292,856.7014252,4.884420983
228.8893021,5.963110006,1364.892088,1,1,99.66891494,21,3,0,1356.228341,0,12.33105848,0.067863856,-0.543192271,1358.52605,0.034640859
229.7007813,5.904326199,1356.228341,1,1,99.65535265,21,3,0,1369.193326,0,-8.663746833,-0.058783807,0.811479189,1354.923596,0.026710244
228.6303579,5.988676828,1369.193326,1,1,99.64166072,21,3,0,1371.845488,0,12.96498557,0.084350629,-1.070423402,1357.955173,0.041116217
229.502174,5.977483628,1371.845488,1,1,99.62794226,21,3,0,1308.605162,0,2.6521613,-0.0111932,0.871816138,1362.944054,0.043062959
233.8521121,5.595866336,1308.605162,0,1,99.61485621,21,2,0,1286.444988,0,-63.24032612,-0.381617291,4.349938046,1354.152881,0.165356488
228.1228958,5.639262923,1286.444988,0,1,99.60199176,21,2,0,1267.847934,0,-22.16017367,0.043396586,-5.729216299,1338.463461,0.189248088
228.2504951,5.554633883,1267.847934,0,1,99.58931328,21,2,0,1265.740505,0,-18.59705408,-0.08462904,0.127599343,1320.78738,0.213831837
225.3257933,5.617379558,1265.740505,0,1,99.57665588,21,2,0,1280.631949,0,-2.107428889,0.062745675,-2.924701846,1300.096815,0.170898511
230.1714739,5.563816957,1280.631949,0,1,99.56384956,21,2,0,1264.447267,0,14.89144443,-0.053562601,4.845680603,1281.854108,0.035564527
226.3708512,5.585733588,1264.447267,0,1,99.55120509,21,2,0,1261.630736,0,-16.18468252,0.021916631,-3.800622683,1273.022529,0.035733554
227.000532,5.557831628,1261.630736,0,1,99.53858878,21,2,0,1270.587555,0,-2.816530586,-0.02790196,0.629680808,1268.059678,0.026181887
226.6944794,5.604845598,1270.587555,0,1,99.5258829,21,2,0,1295.688389,0,8.956818389,0.04701397,-0.306052638,1268.607602,0.025619416
232.0523223,5.583604492,1295.688389,0,1,99.51292602,21,2,0,1527.635628,0,25.10083454,-0.021241105,5.357842933,1274.597179,0.018795104
231.7382095,6.592074871,1527.635628,1,1,99.49764966,21,3,0,1388.989377,0,231.9472384,1.008470379,-0.314112774,1323.997915,0.451580008
229.5027939,6.052167616,1388.989377,1,1,99.48375977,21,3,0,1359.185012,0,-138.6462504,-0.539907255,-2.235415596,1348.906337,0.448337778
229.0467289,5.934094838,1359.185012,1,1,99.47016792,21,3,0,1364.523962,0,-29.80436548,-0.118072778,-0.456065,1368.417192,0.411178855
229.0863631,5.956373587,1364.523962,1,1,99.45652268,21,3,0,1365.196769,0,5.338950464,0.022278749,0.039634182,1387.204474,0.364042023
229.7708015,5.94155898,1365.196769,1,1,99.44287071,21,3,0,1371.472638,0,0.672806674,-0.014814607,0.684438394,1401.10615,0.281766578
230.4518876,5.951231957,1371.472638,1,1,99.42915599,21,3,0,1365.878498,0,6.275869154,0.009672977,0.681086109,1369.873552,0.048334857
230.3371902,5.929908657,1365.878498,1,1,99.4154972,21,3,0,1385.150464,0,-5.594140036,-0.0213233,-0.114697419,1365.251376,0.01116589
233.1462899,5.941121625,1385.150464,1,1,99.4016457,21,3,0,1343.92585,0,19.27196637,0.011212968,2.809099677,1370.444466,0.010225078
226.7217851,5.927643208,1343.92585,1,1,99.38820644,21,3,0,1369.026153,0,-41.22461463,-0.013478416,-6.424504732,1366.324844,0.009615087
227.7122068,6.012089437,1369.026153,1,1,99.37451618,21,3,0,1363.33683,0,25.10030349,0.084446229,0.990421669,1367.090721,0.034677638
231.084693,5.899727985,1363.33683,1,1,99.36088281,21,3,0,1359.003252,0,-5.689323269,-0.112361453,3.372486177,1365.463559,0.041989564
229.147208,5.930699588,1359.003252,1,1,99.34729277,21,3,0,1360.756681,0,-4.333577977,0.030971604,-1.937485003,1364.08851,0.041933615
229.1443251,5.938426277,1360.756681,1,1,99.33368521,21,3,0,1370.451629,0,1.7534292,0.007726688,-0.002882897,1359.209753,0.041969159
227.9648657,6.011679147,1370.451629,1,1,99.31998069,21,3,0,1386.104108,0,9.694948157,0.073252871,-1.179459392,1364.514909,0.050817845
233.0007556,5.94892538,1386.104108,1,1,99.30611965,21,3,0,1360.927496,0,15.65247888,-0.062753767,5.035889862,1367.9305,0.041093834
228.1880665,5.964060772,1360.927496,1,1,99.29251038,21,3,0,1363.295187,0,-25.1766122,0.015135392,-4.812689033,1367.448633,0.032117367
230.4715356,5.915243211,1363.295187,1,1,99.27887742,21,3,0,1372.458546,0,2.367690444,-0.048817561,2.283469117,1368.30702,0.036002051
232.0815051,5.913692027,1372.458546,1,1,99.26515284,21,3,0,1406.696382,0,9.163359669,-0.001551184,1.609969427,1370.647393,0.040394578
234.6785888,5.994140281,1406.696382,1,1,99.25108587,21,3,0,1393.808755,0,34.23783605,0.080448254,2.597083721,1377.896344,0.034039214
232.5652251,5.993195048,1393.808755,1,1,99.23714779,21,3,0,1392.958127,0,-12.88762692,-0.000945233,-2.113363719,1379.437273,0.039856578
231.0724328,6.028231537,1392.958127,1,1,99.22321821,21,3,0,1386.68818,0,-0.850628509,0.035036488,-1.492792249,1385.843399,0.051658793
230.7084914,6.010564119,1386.68818,1,1,99.20935132,21,3,0,1370.838539,0,-6.269946555,-0.017667417,-0.363941452,1390.521998,0.043914907
230.4373459,5.948855788,1370.838539,1,1,99.19564294,21,3,0,1362.485428,0,-15.84964126,-0.061708331,-0.271145461,1390.197997,0.029495178
230.7531605,5.904514699,1362.485428,1,1,99.18201808,21,3,0,1321.383122,0,-8.353111143,-0.04434109,0.315814582,1381.355806,0.050149002
223.5296969,5.911443268,1321.383122,1,1,99.16880425,21,3,0,1361.301674,0,-41.10230609,0.006928569,-7.223463617,1366.870679,0.056502734
229.6077111,5.928815141,1361.301674,1,1,99.15519124,21,3,0,1367.62802,0,39.91855234,0.017371873,6.078014218,1360.539389,0.042585204
229.9414583,5.94772265,1367.62802,1,1,99.14151496,21,3,0,1348.764312,0,6.326345572,0.018907508,0.333747224,1356.727356,0.020309669
229.3706906,5.880281865,1348.764312,1,1,99.12802731,21,3,0,1373.485696,0,-18.86370749,-0.067440785,-0.570767721,1352.312511,0.025439059
232.8049406,5.899727436,1373.485696,1,1,99.11429246,21,3,0,1349.127501,0,24.72138341,0.019445571,3.434250051,1354.512565,0.025995449
226.2505192,5.962980796,1349.127501,1,1,99.10080118,21,3,0,1372.096537,0,-24.35819435,0.063253359,-6.554421398,1360.061441,0.033933171
231.2578624,5.933188704,1372.096537,1,1,99.08708022,21,3,0,1356.192585,0,22.96903601,-0.029792091,5.0073432,1362.220413,0.034147062
229.0346445,5.921342548,1356.192585,1,1,99.07351829,21,3,0,1373.583281,0,-15.90395181,-0.011846156,-2.223217942,1359.933326,0.031663747
231.1566511,5.942218295,1373.583281,1,1,99.05978246,21,3,0,1376.038026,0,17.39069593,0.020875748,2.122006613,1364.89712,0.023562031
230.1794102,5.978110836,1376.038026,1,1,99.04602208,21,3,0,1348.506197,0,2.454744934,0.035892541,-0.977240939,1365.407586,0.022877811
224.887017,5.996371934,1348.506197,1,1,99.03253701,21,3,0,1383.745795,0,-27.531829,0.018261097,-5.292393131,1365.283326,0.031681372
229.7981762,6.021569961,1383.745795,1,1,99.01869956,21,3,0,1342.694604,0,35.2395973,0.025198027,4.911159115,1367.613177,0.040440116
227.3271796,5.906441133,1342.694604,1,1,99.00527261,22,3,0,1364.802685,0,-41.05119026,-0.115128828,-2.470996546,1364.913581,0.04535054
228.4743414,5.97354905,1364.802685,1,1,98.99162458,22,3,0,1399.390684,0,22.10808085,0.067107917,1.147161823,1363.157462,0.042829324
230.9283935,6.059846789,1399.390684,1,1,98.97763068,22,3,0,1365.913408,0,34.58799873,0.086297739,2.454052097,1367.827993,0.057350793
229.8913204,5.941561454,1365.913408,1,1,98.96397154,22,3,0,1361.975838,0,-33.47727609,-0.118285334,-1.037073155,1371.309435,0.061302228
230.0261274,5.920961471,1361.975838,1,1,98.95035178,22,3,0,1376.232639,0,-3.937570123,-0.020599983,0.134807025,1366.955444,0.061000785
230.5891273,5.968332743,1376.232639,1,1,98.93658946,22,3,0,1391.575687,0,14.25680079,0.047371271,0.562999892,1373.663051,0.053058289
231.2101688,6.018661263,1391.575687,1,1,98.9226737,22,3,0,1355.247448,0,15.34304829,0.050328521,0.621041538,1379.017651,0.056903123
230.5529055,5.878249266,1355.247448,1,1,98.90912123,22,3,0,1318.415138,0,-36.32823904,-0.140411997,-0.657263302,1370.189004,0.052474287
223.9390701,5.887383284,1318.415138,1,1,98.89593708,22,3,0,1354.851899,0,-36.83230996,0.009134018,-6.613835459,1360.68935,0.058725969
229.1789311,5.91176463,1354.851899,1,1,98.88238856,22,3,0,1364.614127,0,36.436761,0.024381346,5.239861034,1359.264562,0.059404649
232.1238371,5.878819441,1364.614127,1,1,98.86874241,22,3,0,1377.297429,0,9.762227831,-0.032945188,2.944906041,1356.94086,0.059536658
231.1476942,5.958516843,1377.297429,1,1,98.85496944,22,3,0,1356.713856,0,12.68330271,0.079697402,-0.976142916,1354.085208,0.033912035
227.5241771,5.962943689,1356.713856,1,1,98.8414023,22,3,0,1408.216817,0,-20.58357343,0.004426846,-3.623517125,1354.37849,0.039227388
231.5964638,6.08047633,1408.216817,1,1,98.82732013,22,3,0,1340.701878,0,51.50296061,0.117532641,4.072286735,1372.338825,0.076536197
230.4431004,5.817930221,1340.701878,1,1,98.81391312,22,3,0,1321.558676,0,-67.5149387,-0.262546109,-1.15336347,1369.508821,0.099053814
227.7033601,5.803861109,1321.558676,1,1,98.80069753,22,3,0,1358.830601,0,-19.14320138,-0.014069111,-2.739740226,1360.897731,0.114971993
230.3813414,5.898179919,1358.830601,1,1,98.78710922,22,3,0,1332.120002,0,37.27192482,0.094318809,2.677981216,1357.204366,0.113700671
225.3693539,5.910830283,1332.120002,1,1,98.77378802,22,3,0,1360.569922,0,-26.71059933,0.012650364,-5.011987437,1352.285595,0.110278069
230.7570954,5.896113052,1360.569922,1,1,98.76018232,22,3,0,1353.038387,0,28.44991992,-0.014717231,5.387741464,1342.756216,0.05030442
228.9376563,5.910073552,1353.038387,1,1,98.74665194,22,3,0,1367.358907,0,-7.531534642,0.0139605,-1.81943913,1345.223518,0.045192794
230.2070354,5.939692087,1367.358907,1,1,98.73297835,22,3,0,1362.143298,0,14.32051933,0.029618535,1.269379151,1354.383564,0.017393219
230.3029864,5.914570713,1362.143298,1,1,98.71935692,22,3,0,1381.683139,0,-5.215608089,-0.025121374,0.095951004,1355.046103,0.01585472
230.7464051,5.987885873,1381.683139,1,1,98.70554009,22,3,0,1370.089505,0,19.53984064,0.07331516,0.443418647,1364.958731,0.0361511
228.3117589,6.000959003,1370.089505,1,1,98.69183919,22,3,0,1362.198891,0,-11.59363425,0.01307313,-2.434646188,1366.862647,0.041790382
230.2147169,5.917079974,1362.198891,1,1,98.6782172,22,3,0,1365.463108,0,-7.890613566,-0.083879029,1.902958056,1368.694748,0.040176539
229.1821055,5.957983083,1365.463108,1,1,98.66456257,22,3,0,1392.758781,0,3.264216421,0.040903109,-1.032611395,1368.315588,0.039600015
233.5523131,5.963369675,1392.758781,1,1,98.65063498,22,3,0,1349.822521,0,27.2956736,0.005386592,4.370207536,1374.438685,0.03226453
226.6399022,5.955802609,1349.822521,1,1,98.63713676,22,3,0,1394.004903,0,-42.93626049,-0.007567066,-6.912410874,1368.066561,0.029783344
231.2714951,6.027569039,1394.004903,1,1,98.62319671,22,3,0,1381.573156,0,44.18238256,0.07176643,4.631592903,1372.849641,0.03982982
231.227643,5.974948053,1381.573156,1,1,98.60938098,22,3,0,1359.98278,0,-12.43174785,-0.052620986,-0.04385207,1376.724494,0.02980151
226.5037993,6.004238268,1359.98278,1,1,98.59578115,22,3,0,1353.814779,0,-21.59037598,0.029290215,-4.72384374,1375.628428,0.030014422
226.8659862,5.967464767,1353.814779,1,1,98.582243,22,3,0,1383.561597,0,-6.168000044,-0.036773501,0.362186915,1367.839628,0.029318092
228.9659872,6.042651198,1383.561597,1,1,98.56840739,22,3,0,1367.078521,0,29.74681727,0.075186431,2.100000971,1374.587443,0.032505202
228.1962949,5.99080069,1367.078521,1,1,98.5547366,22,3,0,1352.119003,0,-16.48307573,-0.051850508,-0.769692277,1369.202166,0.029701339
227.6430214,5.939646181,1352.119003,1,1,98.54121541,22,3,0,1352.401117,0,-14.95951812,-0.051154509,-0.553273467,1363.311336,0.038773239
228.8770593,5.908853954,1352.401117,1,1,98.5276914,22,3,0,1389.168442,0,0.282113797,-0.030792227,1.234037845,1361.795003,0.050934806
232.1608044,5.983647609,1389.168442,1,1,98.51379971,22,3,0,1341.200906,0,36.76732507,0.074793655,3.283745074,1368.865736,0.051255844
225.9714175,5.935267926,1341.200906,1,1,98.50038771,22,3,0,1361.369436,0,-47.96753545,-0.048379683,-6.189386871,1360.393598,0.034643141
226.4581076,6.011572958,1361.369436,1,1,98.48677401,22,3,0,1370.856845,0,20.16852946,0.076305032,0.486690113,1359.251781,0.041147768
227.1580844,6.034814251,1370.856845,1,1,98.47306544,22,3,0,1341.638441,0,9.487409261,0.023241293,0.6999768,1362.999349,0.052306553
226.1319149,5.932990226,1341.638441,1,1,98.45964906,22,3,0,1392.469577,0,-29.21840435,-0.101824026,-1.026169519,1360.846814,0.04534604
233.4850099,5.963850004,1392.469577,1,1,98.44572436,22,3,0,1334.395258,0,50.83113647,0.030859778,7.353095004,1361.507041,0.045772982
226.5789358,5.889317349,1334.395258,1,1,98.43238041,22,3,0,1360.174349,0,-58.07431931,-0.074532655,-6.906074031,1360.145911,0.058705828
228.9199516,5.941702938,1360.174349,1,1,98.41877867,22,3,0,1385.00114,0,25.77909107,0.052385589,2.341015726,1359.906894,0.053370656
228.9653732,6.048954569,1385.00114,1,1,98.40492866,22,3,0,1366.938323,0,24.82679148,0.107251631,0.045421624,1362.735753,0.058907931
232.466845,5.880143138,1366.938323,1,1,98.39125927,22,3,0,1365.2846,0,-18.06281705,-0.168811431,3.50147178,1367.79573,0.067969668
229.3723224,5.952263925,1365.2846,1,1,98.37760643,22,3,0,1371.354841,0,-1.653723358,0.072120787,-3.09452257,1362.358734,0.067352273
229.9648317,5.963324177,1371.354841,1,1,98.36389288,22,3,0,1359.098971,0,6.070240757,0.011060252,0.592509291,1369.750651,0.060536477
228.8361323,5.939179959,1359.098971,1,1,98.35030189,22,3,0,1358.453925,0,-12.25586966,-0.024144218,-1.128699354,1369.535575,0.060709024
228.0943826,5.95566585,1358.453925,1,1,98.33671735,22,3,0,1370.915649,0,-0.645046134,0.016485891,-0.741749766,1364.226132,0.033561875
231.5012436,5.921850041,1370.915649,1,1,98.32300819,22,3,0,1377.610923,0,12.46172429,-0.033815809,3.40686106,1365.021597,0.016290202
228.8618003,6.019400882,1377.610923,1,1,98.30923208,22,3,0,1340.476345,0,6.695273626,0.097550841,-2.639443296,1367.486862,0.036902324
227.2123581,5.899663013,1340.476345,1,1,98.29582732,22,3,0,1334.943198,0,-37.13457756,-0.119737869,-1.649442226,1361.311163,0.045418424
226.2811549,5.899489062,1334.943198,1,1,98.28247789,22,3,0,1351.824093,0,-5.533146909,-0.000173951,-0.931203193,1356.480008,0.050359849
226.9541419,5.956375511,1351.824093,1,1,98.26895965,22,3,0,1373.260545,0,16.88089467,0.056886449,0.672987007,1355.154042,0.050418775
227.6161533,6.03322974,1373.260545,1,1,98.25522704,22,3,0,1374.013845,0,21.43645217,0.076854229,0.66201134,1355.623021,0.063625881
229.7519013,5.980424265,1374.013845,1,1,98.2414869,22,3,0,1361.397496,0,0.753300238,-0.052805475,2.13574802,1354.903606,0.056800205
227.0399801,5.996289707,1361.397496,1,1,98.22787293,22,3,0,1356.499202,0,-12.61634946,0.015865442,-2.711921161,1359.087836,0.049762568
229.1906309,5.918650323,1356.499202,1,1,98.21430794,22,3,0,1358.627445,0,-4.898294325,-0.077639384,2.150650778,1363.399036,0.04294082
228.8914475,5.935684621,1358.627445,1,1,98.20072166,22,3,0,1375.292244,0,2.128243115,0.017034298,-0.29918342,1364.759707,0.046290854
231.4926488,5.940975885,1375.292244,1,1,98.18696874,23,3,0,1359.33345,0,16.6647991,0.005291263,2.601201293,1365.166046,0.032559643
227.792873,5.967409918,1359.33345,1,1,98.1733754,23,3,0,1343.138962,0,-15.9587944,0.026434033,-3.699775796,1362.229967,0.030408763
227.5985364,5.901351491,1343.138962,1,1,98.15994401,23,3,0,1393.457602,0,-16.19448741,-0.066058427,-0.194336581,1358.57826,0.024810449
233.0252487,5.979856733,1393.457602,1,1,98.14600944,23,3,0,1366.71504,0,50.31864032,0.078505242,5.426712306,1365.969941,0.030517793
230.5354457,5.928437753,1366.71504,1,1,98.13234229,23,3,0,1362.871822,0,-26.74256253,-0.051418979,-2.489802992,1367.58746,0.031237713
228.5312781,5.96361178,1362.871822,1,1,98.11871357,23,3,0,1368.245597,0,-3.843217675,0.035174027,-2.004167633,1365.103375,0.032380549
229.6994318,5.956678197,1368.245597,1,1,98.10503111,23,3,0,1366.274971,0,5.373775205,-0.006933583,1.168153728,1366.885805,0.031114298
226.2326988,6.039246219,1366.274971,1,1,98.09136836,23,3,0,1351.299426,0,-1.970626672,0.082568022,-3.466733023,1371.513007,0.041153091
226.6646543,5.961668043,1351.299426,1,1,98.07785537,23,3,0,1364.612094,0,-14.9755446,-0.077578176,0.431955529,1363.081371,0.04126177
227.9453359,5.986576076,1364.612094,1,1,98.06420925,23,3,0,1365.64439,0,13.31266804,0.024908033,1.280681533,1362.660782,0.034241033
231.451023,5.900360139,1365.64439,1,1,98.05055281,23,3,0,1360.135336,0,1.032295818,-0.086215936,3.505687097,1363.215296,0.050399455
230.4458843,5.902189749,1360.135336,1,1,98.03695145,23,3,0,1369.407077,0,-5.50905418,0.00182961,-1.005138696,1361.593243,0.058881517
229.4405714,5.96846089,1369.407077,1,1,98.02325738,23,3,0,1306.906615,0,9.271741064,0.066271141,-1.005312865,1362.219665,0.039923804
230.7535767,5.663646188,1306.906615,0,1,98.01018831,23,2,0,1298.187561,0,-62.50046157,-0.304814702,1.313005349,1353.341102,0.129237681
230.4137677,5.634157947,1298.187561,0,1,97.99720644,23,2,0,1289.498446,0,-8.719054686,-0.029488241,-0.339809001,1340.056196,0.153332012
230.6685543,5.590265433,1289.498446,0,1,97.98431145,23,2,0,1532.322857,0,-8.689114911,-0.043892514,0.254786589,1324.827007,0.171218549
229.1622875,6.686627516,1532.322857,1,1,97.96898823,23,3,0,1354.915681,0,242.8244116,1.096362083,-1.506266818,1359.264511,0.459773815
226.6029824,5.979249111,1354.915681,1,1,97.95543907,23,3,0,1387.1662,0,-177.4071761,-0.707378405,-2.559305099,1356.366232,0.460149936
229.7662143,6.037294059,1387.1662,1,1,97.94156741,23,3,0,1327.020774,0,32.25051911,0.058044948,3.163231841,1372.418149,0.439873019
227.674249,5.828594053,1327.020774,1,1,97.9282972,23,3,0,1407.242972,0,-60.14542637,-0.208700006,-2.091965218,1378.184792,0.408522623
234.0307891,6.013067672,1407.242972,1,1,97.91422477,23,3,0,1353.201444,0,80.22219824,0.184473619,6.356540045,1401.733697,0.332964369
228.7572736,5.915446636,1353.201444,1,1,97.90069276,23,3,0,1351.054734,0,-54.04152772,-0.097621036,-5.273515503,1365.909414,0.084075494
227.1511271,5.947823157,1351.054734,1,1,97.88718221,23,3,0,1356.751765,0,-2.146710367,0.03237652,-1.606146427,1365.137225,0.082951452
230.4444438,5.887543838,1356.751765,1,1,97.87361469,23,3,0,1366.630784,0,5.697031124,-0.060279318,3.293316656,1359.054338,0.068654167
229.5621483,5.953206112,1366.630784,1,1,97.85994838,23,3,0,1366.43054,0,9.879018937,0.065662273,-0.882295526,1366.97634,0.047091954
227.3115359,6.011267904,1366.43054,1,1,97.84628408,23,3,0,3497.280902,0,-0.200244417,0.058061792,-2.250612421,1358.813854,0.046428686
164.9723682,21.19919196,3497.280902,1,1,97.83300164,23,3,1,1367.451027,0,2130.850363,15.18792406,-62.33916762,1787.629745,6.819804317
230.537957,5.931565651,1367.451027,1,1,97.81932713,23,3,0,1372.320742,0,-2129.829875,-15.26762631,65.56558879,1790.909004,6.82162683
229.2113035,5.987142523,1372.320742,1,1,97.80560392,23,3,0,1369.9848,0,4.869715099,0.055576873,-1.326653505,1794.022799,6.810414809
229.1922537,5.977448093,1369.9848,1,1,97.79190407,23,3,0,1382.760355,0,-2.335942195,-0.009694431,-0.019049789,1794.693602,6.807696934
231.24577,5.979613617,1382.760355,1,1,97.77807647,23,3,0,1334.786437,0,12.77555501,0.002165524,2.053516233,1797.959565,6.81120977
227.1844742,5.875341798,1334.786437,1,1,97.7647286,23,3,0,1347.854835,0,-47.9739178,-0.104271819,-4.061295761,1365.460672,0.047231759
228.5280156,5.897985116,1347.854835,1,1,97.75125006,23,3,0,1358.144553,0,13.0683975,0.022643318,1.34354142,1361.541434,0.052627182
230.1733555,5.900528975,1358.144553,1,1,97.73766861,23,3,0,1371.704763,0,10.28971877,0.00254386,1.645339872,1358.706196,0.048787852
230.2365624,5.957805956,1371.704763,1,1,97.72395156,23,3,0,1388.558516,0,13.56020924,0.05727698,0.063206903,1359.050189,0.044203443
229.2445557,6.057105747,1388.558516,1,1,97.71006598,23,3,0,1376.867777,0,16.85375314,0.099299791,-0.992006695,1360.209821,0.073330536
230.6458744,5.969618056,1376.867777,1,1,97.6962973,23,3,0,1366.721911,0,-11.6907393,-0.087487691,1.40131871,1368.626089,0.064907614
228.8645768,5.971749454,1366.721911,1,1,97.68263008,23,3,0,1360.037343,0,-10.14586514,0.002131398,-1.781297646,1372.399504,0.056027371
229.4526154,5.927312444,1360.037343,1,1,97.66902971,23,3,0,1348.816096,0,-6.684568866,-0.04443701,0.588038604,1372.778062,0.048311127
226.3332122,5.959426294,1348.816096,1,1,97.65554155,23,3,0,1325.031974,0,-11.22124631,0.03211385,-3.119403154,1368.200328,0.048157739
228.5804038,5.796787268,1325.031974,1,1,97.64229123,23,3,0,1395.940353,0,-23.78412201,-0.162639027,2.247191547,1355.49502,0.073833092
233.2219398,5.985458974,1395.940353,1,1,97.62833182,23,3,0,1363.866601,0,70.90837832,0.188671706,4.641536048,1359.309535,0.076518472
229.9010661,5.932406596,1363.866601,1,1,97.61469316,23,3,0,1343.489586,0,-32.0737515,-0.053052378,-3.320873699,1358.738473,0.072848637
228.5363767,5.878668444,1343.489586,1,1,97.60125826,23,3,0,1384.166318,0,-20.37701523,-0.053738152,-1.364689438,1355.428922,0.074893842
229.6136458,6.028240671,1384.166318,1,1,97.5874166,23,3,0,1351.821491,0,40.67673233,0.149572228,1.077269089,1362.498966,0.090762789
229.003133,5.903069851,1351.821491,1,1,97.57389838,23,3,0,1354.436682,0,-32.34482762,-0.12517082,-0.610512719,1367.85687,0.060993701
227.3981167,5.956235267,1354.436682,1,1,97.56035402,23,3,0,1370.689183,0,2.615191694,0.053165415,-1.605016354,1359.556136,0.057516682
230.0288806,5.958769957,1370.689183,1,1,97.54664712,23,3,0,1366.890569,0,16.25250069,0.00253469,2.630763895,1360.920652,0.057885372
229.4690573,5.956753321,1366.890569,1,1,97.53297822,23,3,0,1352.80281,0,-3.79861381,-0.002016636,-0.559823297,1365.600849,0.044503299
226.4219912,5.974697083,1352.80281,1,1,97.51945019,23,3,0,1348.048961,0,-14.08775861,0.017943762,-3.047066073,1359.328147,0.027265994
230.466691,5.84921385,1348.048961,1,1,97.5059697,23,3,0,1368.512753,0,-4.753849541,-0.125483233,4.044699771,1358.573641,0.050840021
229.6327993,5.95957005,1368.512753,1,1,97.49228457,23,3,0,1336.695113,0,20.46379253,0.1103562,-0.833891647,1361.388855,0.051141437
226.8108763,5.893434806,1336.695113,1,1,97.47891762,23,3,0,1356.093738,0,-31.81764052,-0.066135244,-2.821923026,1354.590041,0.053380786
228.2707924,5.940723839,1356.093738,1,1,97.46535668,23,3,0,1351.823925,0,19.39862539,0.047289032,1.459916127,1352.430675,0.051578083
230.4412045,5.866242228,1351.823925,1,1,97.45183845,23,3,0,1354.637471,0,-4.269813449,-0.074481611,2.170412047,1352.234898,0.047307694
228.5261356,5.927713554,1354.637471,1,1,97.43829207,23,3,0,1388.424402,0,2.813546621,0.061471326,-1.915068888,1353.5526,0.037483458
232.8058988,5.963871228,1388.424402,1,1,97.42440783,23,3,0,1360.063125,0,33.78693016,0.036157674,4.279763218,1357.53493,0.038718286
227.4801749,5.978820466,1360.063125,1,1,97.4108072,23,3,0,1378.217312,0,-28.36127651,0.014949238,-5.325723943,1362.208532,0.043491787
230.3931801,5.982023043,1378.217312,1,1,97.39702502,23,3,0,1382.065835,0,18.15418726,0.003202578,2.913005222,1366.633247,0.048384523
232.2088386,5.951822693,1382.065835,1,1,97.38320436,23,3,0,1366.834072,0,3.84852233,-0.030200351,1.815658458,1372.681629,0.022135263
232.3919595,5.881589343,1366.834072,1,1,97.36953602,0,3,0,1385.770088,0,-15.23176242,-0.07023335,0.183120929,1375.120949,0.040983646
233.9974537,5.922158835,1385.770088,1,1,97.35567832,0,3,0,1372.758655,0,18.9360156,0.040569492,1.605494245,1374.590087,0.042098
231.2508255,5.936232455,1372.758655,1,1,97.34195074,0,3,0,1368.406826,0,-13.01143256,0.01407362,-2.746628267,1377.129193,0.037124813
227.8102581,6.006783175,1368.406826,1,1,97.32826667,0,3,0,1346.657567,0,-4.351829634,0.07055072,-3.440567324,1375.167095,0.045671861
229.8691176,5.858366626,1346.657567,1,1,97.31480009,0,3,0,1357.544536,0,-21.74925896,-0.148416549,2.058859446,1368.085442,0.057158245
227.9342578,5.95586003,1357.544536,1,1,97.30122465,0,3,0,-1133.107484,0,10.88696879,0.097493404,-1.934859769,1366.227534,0.053905426
226.6214968,-5,-1133.107484,1,1,97.2878528,0,3,1,1361.032444,0,-2490.652019,-10.95586003,-1.312761035,862.4520199,4.892499373
226.7795606,6.001565753,1361.032444,1,1,97.27424247,0,3,0,1371.293604,0,2494.139928,11.00156575,0.158063833,860.1067777,4.899874832
230.057051,5.960667575,1371.293604,1,1,97.26052954,0,3,0,1366.988333,0,10.26116009,-0.040898177,3.277490394,860.6841335,4.894639612
229.5703164,5.954551763,1366.988333,1,1,97.24685965,0,3,0,1384.380413,0,-4.305271896,-0.006115812,-0.486734574,864.7502866,4.905149285
231.051483,5.991653442,1384.380413,1,1,97.23301585,0,3,0,1355.652164,0,17.39208092,0.037101678,1.481166585,870.1174622,4.909153123
229.0771803,5.917883928,1355.652164,1,1,97.21945933,0,3,0,1367.383613,0,-28.72824994,-0.073769514,-1.974302717,1367.869392,0.033147286
229.3185769,5.962812221,1367.383613,1,1,97.20578549,0,3,0,1368.593719,0,11.73144928,0.044928293,0.241396612,1369.139625,0.026376292
228.462395,5.9904551,1368.593719,1,1,97.19209956,0,3,0,1340.77523,0,1.210106236,0.027642879,-0.856181941,1368.599648,0.030333808
227.1036931,5.903801965,1340.77523,1,1,97.1786918,0,3,0,1355.964422,0,-27.81848932,-0.086653135,-1.358701843,1363.357028,0.040762488
228.6009897,5.931577217,1355.964422,1,1,97.16513216,0,3,0,1372.15559,0,15.18919267,0.027775252,1.497296594,1357.67383,0.035099668
228.7639094,5.998129658,1372.15559,1,1,97.1514106,0,3,0,1366.521015,0,16.1911674,0.066552441,0.162919709,1360.974515,0.039750447
228.1744039,5.988932115,1366.521015,1,1,97.13774539,0,3,0,1387.884087,0,-5.634574467,-0.009197543,-0.589505522,1360.801995,0.042282571
232.3500789,5.973245603,1387.884087,1,1,97.12386655,0,3,0,1368.666287,0,21.36307178,-0.015686512,4.175674997,1364.660069,0.040089701
231.2096328,5.919590243,1368.666287,1,1,97.11017989,0,3,0,1351.022245,0,-19.21780038,-0.053655359,-1.140446066,1370.23828,0.03493155
228.4221667,5.914584669,1351.022245,1,1,97.09666967,0,3,0,1378.892715,0,-17.64404178,-0.005005575,-2.78746618,1369.249845,0.03922944
231.4152818,5.958520563,1378.892715,1,1,97.08288074,0,3,0,1363.34595,0,27.87047009,0.043935894,2.99311512,1370.59727,0.032798312
229.3544367,5.944275462,1363.34595,1,1,97.06924728,0,3,0,1359.733239,0,-15.54676502,-0.014245101,-2.06084509,1369.962257,0.02504088
230.8514389,5.890079115,1359.733239,1,1,97.05564995,0,3,0,1369.17352,0,-3.612710982,-0.054196347,1.497002243,1364.332087,0.026699924
229.4030227,5.9684197,1369.17352,1,1,97.04195821,0,3,0,1339.162653,0,9.440280776,0.078340586,-1.448416262,1364.433534,0.032367593
228.1351856,5.87003995,1339.162653,1,1,97.02856659,0,3,0,1348.627508,0,-30.01086642,-0.09837975,-1.267837095,1362.061615,0.043624796
226.9810251,5.941587,1348.627508,1,1,97.01508031,0,3,0,1352.680659,0,9.464854393,0.07154705,-1.154160513,1356.008574,0.041077825
229.737732,5.887934241,1352.680659,1,1,97.0015535,0,3,0,1372.168934,0,4.0531507,-0.053652759,2.756706898,1353.875516,0.041467313
228.9540861,5.9932057,1372.168934,1,1,96.98783181,0,3,0,1345.640367,0,19.48827517,0.105271459,-0.783645913,1356.362655,0.052309177
228.6393916,5.88542664,1345.640367,1,1,96.97437541,0,3,0,1356.20733,0,-26.52856713,-0.10777906,-0.314694421,1351.656024,0.051111411
228.5983911,5.932707241,1356.20733,1,1,96.96081334,0,3,0,1346.506496,0,10.56696356,0.047280601,-0.041000555,1355.064959,0.044373855
227.1802066,5.927041429,1346.506496,1,1,96.94734827,0,3,0,1355.274347,0,-9.700833896,-0.005665812,-1.418184516,1354.640757,0.043746891
227.7374804,5.951037768,1355.274347,1,1,96.93379553,0,3,0,1360.951714,0,8.767850821,0.023996338,0.557273847,1355.159495,0.039146031
228.1928697,5.964041364,1360.951714,1,1,96.92018601,0,3,0,1374.553089,0,5.677366733,0.013003597,0.455389263,1352.916051,0.029930077
230.8939604,5.953179054,1374.553089,1,1,96.90644048,0,3,0,1381.92584,0,13.601375,-0.01086231,2.701090715,1358.698595,0.015311263
229.8729843,6.011693125,1381.92584,1,1,96.89262122,0,3,0,1404.092863,0,7.372750754,0.05851407,-1.02097605,1363.842297,0.031192332
233.7537129,6.006718977,1404.092863,1,1,96.87858029,0,3,0,1368.978348,0,22.16702371,-0.004974148,3.880728554,1375.35957,0.029562111
233.3134563,5.867549903,1368.978348,1,1,96.86489051,0,3,0,1356.477812,0,-35.11451519,-0.139169074,-0.440256566,1378.100371,0.058014427
228.0665413,5.947728255,1356.477812,1,1,96.85132573,0,3,0,1401.720533,0,-12.50053618,0.080178352,-5.246915005,1377.20559,0.058233368
231.2538874,6.061392303,1401.720533,1,1,96.83730853,0,3,0,1368.019387,0,45.24272129,0.113664048,3.187346084,1382.639079,0.074203636
229.9191906,5.950000883,1368.019387,1,1,96.82362833,0,3,0,1359.910274,0,-33.70114601,-0.11139142,-1.334696777,1379.857789,0.072521855
231.2572613,5.880508429,1359.910274,1,1,96.81002923,0,3,0,1359.505983,0,-8.109112997,-0.069492453,1.338070625,1371.021271,0.076931444
229.7209987,5.918074494,1359.505983,1,1,96.79643417,0,3,0,1389.867826,0,-0.404290978,0.037566065,-1.536262558,1369.126798,0.067546004
230.333862,6.034144584,1389.867826,1,1,96.78253549,0,3,0,1372.770454,0,30.36184288,0.116070089,0.61286334,1375.804801,0.076754693
230.1166429,5.965541806,1372.770454,1,1,96.76880779,0,3,0,1351.409838,0,-17.09737242,-0.068602777,-0.217219124,1370.014785,0.057379388
228.2535727,5.920651412,1351.409838,1,1,96.75529369,0,3,0,1372.295767,0,-21.36061599,-0.044890395,-1.863070183,1366.692875,0.058818217
231.768866,5.920966829,1372.295767,1,1,96.74157073,0,3,0,1347.109835,0,20.88592967,0.000315417,3.515293234,1369.169974,0.050069371
231.5987805,5.816567047,1347.109835,1,1,96.72809963,0,3,0,1377.144565,0,-25.1859326,-0.104399782,-0.170085467,1366.690744,0.079266876
229.1565161,6.009624287,1377.144565,1,1,96.71432819,0,3,0,1371.748798,0,30.03473018,0.19305724,-2.442264358,1364.146092,0.071735349
230.961079,5.939307194,1371.748798,1,1,96.7006107,0,3,0,1400.857569,0,-5.39576669,-0.070317093,1.804562909,1363.941761,0.069092123
233.1752583,6.007745329,1400.857569,1,1,96.68660212,0,3,0,1371.286198,0,29.10877042,0.068438136,2.214179207,1373.831307,0.079102312
230.8423689,5.940357504,1371.286198,1,1,96.67288926,0,3,0,1357.653223,0,-29.57137057,-0.067387825,-2.332889398,1373.629393,0.078479732
230.1823575,5.898163687,1357.653223,1,1,96.65931273,0,3,0,1360.567264,0,-13.63297532,-0.042193817,-0.660011312,1375.738071,0.048413128
229.849535,5.919382278,1360.567264,1,1,96.64570706,0,3,0,1381.523888,0,2.914041508,0.021218591,-0.332822529,1372.42261,0.041111107
231.8921268,5.957614462,1381.523888,1,1,96.63189182,0,3,0,1336.527094,0,20.95662405,0.038232183,2.042591801,1374.377628,0.041734154
226.5392099,5.899760554,1336.527094,1,1,96.61852655,0,3,0,1357.336954,0,-44.99679386,-0.057853908,-5.352916919,1361.511534,0.025833266
229.3987693,5.916932153,1357.336954,1,1,96.60495318,0,3,0,1370.669745,0,20.80985965,0.017171599,2.859559421,1358.721685,0.023967825
233.5391592,5.869121688,1370.669745,1,1,96.59124648,0,3,0,1335.960214,0,13.33279043,-0.047810465,4.140389923,1361.324989,0.032195793
228.5466737,5.845459014,1335.960214,1,1,96.57788688,0,3,0,1350.0952,0,-34.70953081,-0.023662674,-4.992485566,1356.403579,0.04332919
230.1161315,5.867016759,1350.0952,1,1,96.56438593,0,3,0,1362.296616,0,14.13498656,0.021557745,1.56945787,1350.117841,0.028433522
232.3696959,5.86262598,1362.296616,1,1,96.55076296,1,3,0,1363.600834,0,12.20141583,-0.004390779,2.253564341,1355.271746,0.026664794
228.4443424,5.969072462,1363.600834,1,1,96.53712695,1,3,0,1362.602589,0,1.304217421,0.106446482,-3.925353465,1356.524522,0.049194476
227.3153221,5.99432795,1362.602589,1,1,96.52350093,1,3,0,1351.836456,0,-0.998244914,0.025255488,-1.12902035,1354.91109,0.068614347
226.0105583,5.981297805,1351.836456,1,1,96.50998256,1,3,0,1371.306097,0,-10.76613252,-0.013030145,-1.304763801,1358.086339,0.064583005
227.9097683,6.016881622,1371.306097,1,1,96.4962695,1,3,0,1376.996603,0,19.46964049,0.035583817,1.899210055,1362.328518,0.059821293
231.1192162,5.957949432,1376.996603,1,1,96.48249953,1,3,0,1335.937315,0,5.690506372,-0.05893219,3.209447886,1365.268516,0.022894261
228.1629256,5.855190152,1335.937315,1,1,96.46914016,1,3,0,1370.623763,0,-41.05928768,-0.10275928,-2.95629058,1359.735812,0.062949295
230.5933599,5.943899528,1370.623763,1,1,96.45543392,1,3,0,1385.281895,0,34.68644799,0.088709376,2.430434304,1361.340047,0.060283857
229.654085,6.032036813,1385.281895,1,1,96.4415811,1,3,0,1374.559879,0,14.6581315,0.088137285,-0.939274968,1368.029135,0.070118216
229.3566041,5.993112272,1374.559879,1,1,96.42783551,1,3,0,1369.101209,0,-10.7220157,-0.038924541,-0.29748082,1368.679891,0.06608859
228.8754021,5.981862603,1369.101209,1,1,96.41414449,1,3,0,1376.993101,0,-5.458670387,-0.011249669,-0.481202037,1367.100812,0.067083125
229.4372528,6.001610829,1376.993101,1,1,96.40037456,1,3,0,1352.503071,0,7.891892205,0.019748226,0.561850662,1375.311969,0.032022609
229.9872365,5.880774478,1352.503071,1,1,96.38684953,1,3,0,1369.445932,0,-24.49003037,-0.120836352,0.549983711,1371.687831,0.057387887
231.8855817,5.905696775,1369.445932,1,1,96.37315507,1,3,0,1370.708546,0,16.94286134,0.024922298,1.898345175,1368.520638,0.055358881
230.0108936,5.95932012,1370.708546,1,1,96.35944799,1,3,0,1369.568801,0,1.262614395,0.053623345,-1.874688027,1367.750372,0.051075255
229.6501659,5.963717882,1369.568801,1,1,96.3457523,1,3,0,1361.414409,0,-1.139745234,0.004397762,-0.360727717,1367.84389,0.048454468
231.7072632,5.875579342,1361.414409,1,1,96.33213816,1,3,0,1385.449744,0,-8.154391701,-0.08813854,2.057097322,1364.728152,0.042217513
232.8596513,5.949720086,1385.449744,1,1,96.31828366,1,3,0,1377.992764,0,24.03533515,0.074140744,1.15238804,1371.317487,0.03851768
228.47359,6.031300001,1377.992764,1,1,96.30450373,1,3,0,1345.82817,0,-7.456980886,0.081579915,-4.386061282,1373.026853,0.055334375
228.636059,5.886333836,1345.82817,1,1,96.29104545,1,3,0,1372.633587,0,-32.16459316,-0.144966166,0.162469057,1368.050778,0.063273097
229.1189428,5.990921442,1372.633587,1,1,96.27731911,1,3,0,1368.084225,0,26.80541672,0.104587606,0.482883754,1368.663735,0.066753303
229.5712722,5.95930062,1368.084225,1,1,96.26363827,1,3,0,1376.626551,0,-4.5493626,-0.031620822,0.452329378,1369.997698,0.05364446
233.6864387,5.890913307,1376.626551,1,1,96.249872,1,3,0,1416.899616,0,8.542326718,-0.068387312,4.115166485,1368.233059,0.063047589
236.5827838,5.989022502,1416.899616,1,1,96.23570301,1,3,0,1382.605948,0,40.27306464,0.098109195,2.896345165,1376.01443,0.051487567
231.3003293,5.97753558,1382.605948,1,1,96.22187695,1,3,0,1367.603433,0,-34.29366755,-0.011486922,-5.282454487,1383.369985,0.041435372
229.9328659,5.947837982,1367.603433,1,1,96.20820091,1,3,0,1352.282193,0,-15.00251533,-0.029697598,-1.367463461,1382.363955,0.038146712
229.9177523,5.881591045,1352.282193,1,1,96.19467809,1,3,0,1339.206965,0,-15.32124,-0.066246937,-0.015113589,1379.203548,0.049143537
227.394805,5.889347229,1339.206965,1,1,96.18128602,1,3,0,1380.121993,0,-13.07522849,0.007756184,-2.52294732,1371.719631,0.049517301
231.8794485,5.951894408,1380.121993,1,1,96.1674848,1,3,0,1375.634802,0,40.91502811,0.062547179,4.484643495,1364.364106,0.041989943
232.9000766,5.906545082,1375.634802,1,1,96.15372846,1,3,0,1375.939347,0,-4.487190428,-0.045349326,1.020628151,1362.969877,0.032727118
229.5127395,5.995045635,1375.939347,1,1,96.13996906,1,3,0,1363.417319,0,0.30454492,0.088500553,-3.387337126,1364.63706,0.0477642
229.4808203,5.941312729,1363.417319,1,1,96.12633489,1,3,0,1355.678473,0,-12.52202845,-0.053732906,-0.031919204,1366.864085,0.041254943
228.4437799,5.934407468,1355.678473,1,1,96.1127781,1,3,0,1390.67934,0,-7.738845233,-0.006905262,-1.037040375,1370.158387,0.03222243
231.5507083,6.005938612,1390.67934,1,1,96.09887131,1,3,0,1367.720226,0,35.00086613,0.071531145,3.106928364,1372.269856,0.042261262
232.1299517,5.892045451,1367.720226,1,1,96.08519411,1,3,0,-1136.551221,0,-22.95911357,-0.113893162,0.579243436,1370.686941,0.046811461
227.3102441,-5,-1136.551221,1,1,96.07164591,1,3,1,1350.08862,0,-2504.271447,-10.89204545,-4.81970758,868.1888274,4.894218345
230.3173609,5.861862148,1350.08862,1,1,96.05814503,1,3,0,1381.74157,0,2486.63984,10.86186215,3.007116743,865.5230876,4.885465534
233.8941179,5.907551599,1381.74157,1,1,96.04432761,1,3,0,1355.549023,0,31.65295015,0.045689451,3.576756984,870.7357069,4.882462077
227.8446527,5.949444092,1355.549023,1,1,96.03077212,1,3,0,1384.65369,0,-26.19254695,0.041892493,-6.049465142,863.7096436,4.875949499
232.4843552,5.955900511,1384.65369,1,1,96.01692558,1,3,0,1360.617633,0,29.10466724,0.006456419,4.639702521,867.0963364,4.883131929
227.3354323,5.985066291,1360.617633,1,1,96.00331941,1,3,0,1351.025878,0,-24.03605749,0.02916578,-5.148922912,1366.530107,0.047980721
228.2996104,5.917775664,1351.025878,1,1,95.98980915,1,3,0,1349.389992,0,-9.591754451,-0.067290627,0.964178022,1366.717559,0.031105746
228.4106954,5.90773558,1349.389992,1,1,95.97631525,1,3,0,1371.876442,0,-1.635886415,-0.010040084,0.111085011,1360.247243,0.031053175
231.5008305,5.926010886,1371.876442,1,1,95.96259648,1,3,0,1364.939624,0,22.48644983,0.018275306,3.090135122,1363.512727,0.031635118
229.2496431,5.95394438,1364.939624,1,1,95.94894709,1,3,0,1374.103355,0,-6.936817651,0.027933494,-2.251187417,1359.569914,0.031377141
230.5259987,5.960730514,1374.103355,1,1,95.93520605,1,3,0,1353.056557,0,9.163731015,0.006786134,1.276355666,1362.267058,0.023055807
226.1450507,5.983135836,1353.056557,1,1,95.92167549,1,3,0,1338.185217,0,-21.04679806,0.022405322,-4.380948049,1362.673194,0.029674977
226.7681255,5.901116897,1338.185217,1,1,95.90829364,1,3,0,1372.15811,0,-14.87133988,-0.082018939,0.623074798,1360.432239,0.031890851
229.9137784,5.968142143,1372.15811,1,1,95.89457205,1,3,0,1328.28991,0,33.97289328,0.067025246,3.145652953,1360.488573,0.031181346
223.7291914,5.937043362,1328.28991,1,1,95.88128916,1,3,0,1357.499257,0,-43.86819994,-0.031098781,-6.184587072,1353.15863,0.032014416
225.8842459,6.009711972,1357.499257,1,1,95.86771416,1,3,0,1392.824903,0,29.20934657,0.07266861,2.155054564,1349.83781,0.0420325
231.7450725,6.010159731,1392.824903,1,1,95.85378591,1,3,0,1346.702782,0,35.32564558,0.000447759,5.860826569,1357.791479,0.047198473
229.9821075,5.855685023,1346.702782,1,1,95.84031889,1,3,0,1284.333412,0,-46.12212013,-0.154474708,-1.762965004,1359.494993,0.064007856
229.2342711,5.602711172,1284.333412,0,1,95.82747555,1,2,0,1255.954912,0,-62.36937055,-0.252973852,-0.747836343,1341.930053,0.169155344
226.8288749,5.537015126,1255.954912,0,1,95.814916,1,2,0,1275.357916,0,-28.37850028,-0.065696045,-2.40539621,1327.463053,0.223206327
232.0323685,5.496465532,1275.357916,0,1,95.80216242,1,2,0,1519.47254,0,19.40300419,-0.040549594,5.203493559,1311.034785,0.222424999
228.6318912,6.645934353,1519.47254,1,1,95.7869677,1,3,0,1367.445907,0,244.1146243,1.14946882,-3.400477253,1336.364312,0.47831069
227.9047634,6.000076024,1367.445907,1,1,95.77329324,1,3,0,1377.42821,0,-152.0266336,-0.645858329,-0.727127857,1340.512937,0.484748601
229.0963493,6.01244068,1377.42821,1,1,95.75951896,1,3,0,1358.6514,0,9.982303222,0.012364655,1.191585868,1359.131897,0.465377993
230.1973397,5.902115991,1358.6514,1,1,95.74593244,1,3,0,1359.539835,0,-18.77681009,-0.110324689,1.100990453,1379.671194,0.412269227
228.1281894,5.959543354,1359.539835,1,1,95.73233704,2,3,0,1240.733097,0,0.888435438,0.057427364,-2.069150294,1396.507578,0.305982441
226.8476032,5.469456499,1240.733097,0,1,95.71992971,2,2,0,13.58925692,0,-118.8067378,-0.490086855,-1.280586261,1340.75969,0.227313416
231.2389368,0.058767166,13.58925692,0,0,95.71979382,2,0,0,0.071353212,0,-1227.14384,-5.410689333,4.391333665,1069.98836,2.592548469
230.0334009,0.000310186,0.071353212,0,0,95.71979311,2,0,0,16.62504839,0,-13.51790371,-0.058456979,-1.205535946,794.5169885,3.153798279
225.9636179,0.073574005,16.62504839,0,0,95.71962686,2,0,0,18.62490911,0,16.55369517,0.073263819,-4.069783009,526.1117182,3.110692144
233.9577455,0.079608004,18.62490911,0,0,95.71944061,2,0,0,18.99212496,0,1.999860722,0.006033999,7.994127591,257.928733,2.422487338
229.080566,0.082905876,18.99212496,0,0,95.71925069,2,0,0,26.7239357,0,0.367215848,0.003297872,-4.877179477,13.58053852,0.03410691
230.9890346,0.115693525,26.7239357,0,0,95.71898345,2,0,0,25.61739777,0,7.731810747,0.032787649,1.908468624,16.20747427,0.042471586
233.7757097,0.109581093,25.61739777,0,0,95.71872727,2,0,0,19.1527294,0,-1.106537937,-0.006112432,2.786675109,21.31668318,0.019012421
229.9128711,0.083304294,19.1527294,0,0,95.71853575,2,0,0,8.911344402,0,-6.464668363,-0.026276799,-3.862838645,21.82221939,0.017012848
228.1358272,0.039061574,8.911344402,0,0,95.71844663,2,0,0,20.81372663,0,-10.241385,-0.04424272,-1.777043888,19.87950645,0.03023975
228.2444431,0.091190508,20.81372663,0,0,95.7182385,2,0,0,11.7633935,0,11.90238223,0.052128934,0.108615906,20.24382678,0.030247315
229.2638409,0.051309415,11.7633935,0,0,95.71812086,2,0,0,21.42826049,0,-9.050333127,-0.039881093,1.019397852,17.25171834,0.029067589
230.883605,0.092809797,21.42826049,0,0,95.71790658,2,0,0,-13.4275927,0,9.664866984,0.041500382,1.619764103,16.41389089,0.024703593
227.9451577,-0.05890712,-13.4275927,0,0,95.71804086,2,0,0,6.197506921,0,-34.85585319,-0.151716917,-2.93844732,9.897826465,0.061791821
229.8930126,0.026958222,6.197506921,0,0,95.71797888,2,0,0,22.48098835,0,19.62509962,0.085865342,1.94785492,9.355058969,0.06222478
229.4422374,0.097981037,22.48098835,0,0,95.71775407,2,0,0,15.13088386,0,16.28348143,0.071022815,-0.450775245,9.688511313,0.063660574
228.4744895,0.066225704,15.13088386,0,0,95.71760276,2,0,0,1.838728582,0,-7.350104488,-0.031755333,-0.96774785,10.36200939,0.064547447
229.3493933,0.00801715,1.838728582,0,0,95.71758437,2,0,0,31.03755072,0,-13.29215528,-0.058208553,0.874903762,6.444103004,0.05981593
228.4096028,0.13588549,31.03755072,0,0,95.717274,2,0,0,4.495216123,0,29.19882214,0.127868339,-0.939790529,15.33713169,0.051932539
228.9798081,0.019631496,4.495216123,0,0,95.71722905,2,0,0,13.56548858,0,-26.5423346,-0.116253994,0.570205349,14.99667353,0.053427165
226.5455703,0.059879734,13.56548858,0,0,95.71709339,2,0,0,23.39747454,0,9.070272461,0.040248239,-2.434237812,13.21357358,0.050268645
230.4800853,0.101516253,23.39747454,0,0,95.71685942,2,0,0,3.322801938,0,9.831985959,0.041636518,3.93451497,14.86689171,0.054059578
230.7912117,0.014397437,3.322801938,0,0,95.71682619,2,0,0,4.740463693,0,-20.07467261,-0.087118816,0.311126461,15.16370638,0.052429388
228.8308826,0.020716014,4.740463693,0,0,95.71677878,2,0,0,8.927922954,0,1.417661755,0.006318577,-1.960329107,9.904288976,0.037314831
229.9019325,0.038833614,8.927922954,0,0,95.7166895,2,0,0,15.19721006,0,4.187459261,0.018117601,1.071049837,10.79083034,0.035207779
230.9843812,0.065793237,15.19721006,0,0,95.71653753,2,0,0,-7.924084153,0,6.269287104,0.026959622,1.082448772,11.11717464,0.035839376
226.6854391,-0.0349563,-7.924084153,0,0,95.71661677,2,0,0,2.403016306,0,-23.12129421,-0.100749536,-4.29894214,4.852862898,0.037078445
227.2835057,0.01057277,2.403016306,0,0,95.71659274,2,0,0,5.773411386,0,10.32710046,0.04552907,0.598066636,4.668905771,0.037286464
231.9382706,0.024892017,5.773411386,0,0,95.71653501,2,0,0,4.516328797,0,3.37039508,0.014319247,4.654764875,4.87549531,0.03734786
228.5277619,0.019762714,4.516328797,0,0,95.71648985,2,0,0,-0.865542583,0,-1.257082589,-0.005129303,-3.410508734,3.993176479,0.036025117
227.7514576,-0.003800382,-0.865542583,0,0,95.7164985,2,0,0,22.01771269,0,-5.381871381,-0.023563096,-0.776304248,0.780625951,0.024000464
228.8809278,0.096197236,22.01771269,0,0,95.71627832,2,0,0,0.471088957,0,22.88325527,0.099997618,1.129470154,6.768985319,0.038832081
228.124423,0.002065053,0.471088957,0,0,95.71627361,2,0,0,12.56840859,0,-21.54662373,-0.094132184,-0.756504738,6.382599849,0.040037811
228.3090931,0.055049969,12.56840859,0,0,95.71614793,2,0,0,5.178674934,0,12.09731964,0.052984917,0.184670049,7.741599291,0.041722003
229.9176614,0.022524041,5.178674934,0,0,95.71609614,2,0,0,29.05314113,0,-7.389733661,-0.032525928,1.608568262,7.874068518,0.041506553
229.3796048,0.126659653,29.05314113,0,0,95.71580561,2,0,0,5.237917543,0,23.87446619,0.104135611,-0.538056601,13.85780526,0.051327166
232.2817265,0.022549848,5.237917543,0,0,95.71575323,2,0,0,42.77307489,0,-23.81522359,-0.104109805,2.902121704,10.50184623,0.049038062
230.2498539,0.185768087,42.77307489,0,0,95.7153255,2,0,0,11.39963271,0,37.53515735,0.163218239,-2.031872579,18.96224342,0.071692072
229.5723063,0.049655958,11.39963271,0,0,95.7152115,2,0,0,3.269355407,0,-31.37344217,-0.136112129,-0.677547597,18.72848824,0.072247028
231.9668563,0.014094063,3.269355407,0,0,95.71517881,2,0,0,21.27472288,0,-8.130277308,-0.035561895,2.394549968,18.34662434,0.074041477
227.6155402,0.093467796,21.27472288,0,0,95.71496606,2,0,0,-3.688999897,0,18.00536747,0.079373733,-4.35131607,16.79094069,0.070170482
227.9049969,-0.016186569,-3.688999897,0,0,95.71500295,2,0,0,3.283600093,0,-24.96372278,-0.109654365,0.289456672,15.0055572,0.078760415
231.2380494,0.014200086,3.283600093,0,0,95.71497012,2,0,0,3.412920239,0,6.972599989,0.030386654,3.333052541,7.107662239,0.041966891
226.9066458,0.015041077,3.412920239,0,0,95.71493599,2,0,0,20.39921433,0,0.129320146,0.000840991,-4.331403611,5.510319744,0.040972818
232.1655149,0.087864963,20.39921433,0,0,95.714732,2,0,0,23.36238262,0,16.98629409,0.072823886,5.258869137,8.936291529,0.048961907
229.9239406,0.101609178,23.36238262,0,0,95.71449837,2,0,0,20.9952597,0,2.963168286,0.013744215,-2.241574319,9.353823476,0.051310283
232.5333334,0.090289248,20.9952597,0,0,95.71428842,2,0,0,11.03964348,0,-2.367122919,-0.011319931,2.60939276,14.29067539,0.043381848
228.4859278,0.048316514,11.03964348,0,0,95.71417802,2,0,0,11.70300669,0,-9.955616218,-0.041972734,-4.047405557,15.84188407,0.036094124
227.9738002,0.051334876,11.70300669,0,0,95.71406099,2,0,0,7.833822145,0,0.663363209,0.003018362,-0.512127638,17.49990136,0.024369372
229.2550728,0.034170769,7.833822145,0,0,95.71398266,2,0,0,5.286526256,0,-3.869184542,-0.017164107,1.281272637,14.98682292,0.029134129
226.6103128,0.02332871,5.286526256,0,0,95.71392979,2,0,0,-5.604314662,0,-2.547295889,-0.010842059,-2.644760017,11.37165165,0.025438412
229.8797499,-0.024379332,-5.604314662,0,0,95.71398583,2,0,0,11.59154662,0,-10.89084092,-0.047708042,3.269437065,6.051736781,0.030619931
230.1788198,0.050358876,11.59154662,0,0,95.71386992,2,0,0,-11.60876144,0,17.19586128,0.074738208,0.29906999,6.162117408,0.030994154
229.8079299,-0.05051506,-11.60876144,0,0,95.71398601,2,0,0,-11.89772952,0,-23.20030805,-0.100873936,-0.370889905,1.499763784,0.042357659
226.8669564,-0.052443642,-11.89772952,0,0,95.71410498,2,0,0,-3.570159716,0,-0.288968085,-0.001928582,-2.940973513,-2.44654655,0.045828566
231.0847647,-0.015449568,-3.570159716,0,0,95.71414068,2,0,0,24.89888207,0,8.327569806,0.036994075,4.217808248,-4.217883744,0.041720949
227.6643261,0.109366639,24.89888207,0,0,95.7138917,2,0,0,24.53580184,0,28.46904178,0.124816206,-3.420438532,1.882755601,0.070172023
230.9137433,0.106255269,24.53580184,0,0,95.71364634,2,0,0,0.482426023,0,-0.363080222,-0.00311137,3.249417125,4.471606647,0.082009057
228.6531558,0.002109859,0.482426023,0,0,95.71364151,2,0,0,5.005660083,0,-24.05337582,-0.104145409,-2.260587485,6.889844139,0.073746867
231.890322,0.021586326,5.005660083,0,0,95.71359146,3,0,0,39.60127705,0,4.52323406,0.019476467,3.237166247,10.27052206,0.059027389
232.7570245,0.170139987,39.60127705,0,0,95.71319544,3,0,0,20.25550147,0,34.59561697,0.148553661,0.866702434,18.90480941,0.069170254
228.4671367,0.088658272,20.25550147,0,0,95.71299289,3,0,0,18.36435659,0,-19.34577558,-0.081481715,-4.289887747,17.97613329,0.067718608
230.3258166,0.079732081,18.36435659,0,0,95.71280925,3,0,0,23.70938312,0,-1.891144882,-0.008926191,1.858679914,16.74184424,0.065943004
228.2498078,0.103874712,23.70938312,0,0,95.71257215,3,0,0,4.099815301,0,5.34502653,0.024142632,-2.076008852,21.38723566,0.053299706
232.9336191,0.017600788,4.099815301,0,0,95.71253115,3,0,0,20.04519543,0,-19.60956782,-0.086273924,4.683811317,21.20606671,0.054643797
225.896599,0.088736154,20.04519543,0,0,95.7123307,3,0,0,-2.084271739,0,15.94538013,0.071135366,-7.037020128,17.29485038,0.033628286
229.4396449,-0.009084183,-2.084271739,0,0,95.71235154,3,0,0,19.06965207,0,-22.12946717,-0.097820337,3.54304595,12.82689574,0.049084514
229.1928493,0.083203521,19.06965207,0,0,95.71216085,3,0,0,13.27711857,0,21.1539238,0.092287704,-0.246795623,12.96795484,0.049523667
229.0192034,0.057973822,13.27711857,0,0,95.71202808,3,0,0,15.44286297,0,-5.792533498,-0.025229699,-0.173645934,10.88150193,0.042368687
230.2737463,0.067063064,15.44286297,0,0,95.71187365,3,0,0,7.574935696,0,2.165744397,0.009089242,1.254542958,13.15011146,0.039247508
226.7971219,0.033399611,7.574935696,0,0,95.7117979,3,0,0,-1.643930462,0,-7.867927269,-0.033663453,-3.476624388,10.65605951,0.035926514
228.4199618,-0.007196965,-1.643930462,0,0,95.71181434,3,0,0,21.32917278,0,-9.218866158,-0.040596576,1.622839871,10.74412777,0.035198955
226.7283367,0.094073697,21.32917278,0,0,95.71160105,3,0,0,8.050478987,0,22.97310324,0.101270662,-1.69162507,11.19603191,0.038209597
230.6517433,0.034903179,8.050478987,0,0,95.71152054,3,0,0,-5.783225686,0,-13.27869379,-0.059170518,3.92340661,10.15070399,0.03825743
232.7984122,-0.024842204,-5.783225686,0,0,95.71157837,3,0,0,1.492929459,0,-13.83370467,-0.059745383,2.146668885,5.905486262,0.045975522
229.8760361,0.006494498,1.492929459,0,0,95.71156344,3,0,0,16.73168528,0,7.276155145,0.031336702,-2.922376163,4.689085015,0.046474611
229.6927497,0.072843768,16.73168528,0,0,95.71139613,3,0,0,2799.7074,0,15.23875582,0.06634927,-0.183286412,8.364208163,0.048221252
161.7929097,17.3042651,2799.7074,0,0,95.71123263,3,0,1,2.949581175,0,2782.975715,17.23142133,-67.89984,564.0398536,7.728791345
228.4577823,0.012910837,2.949581175,0,0,95.71120313,3,0,0,21.05895853,0,-2796.757819,-17.29135426,66.66487268,563.0196741,7.731247074
230.6456378,0.091304387,21.05895853,0,0,95.71099254,3,0,0,27.72055518,0,18.10937735,0.07839355,2.187855516,568.3881109,7.718268628
226.286275,0.12250215,27.72055518,0,0,95.71071534,3,0,0,-10.93461384,0,6.661596654,0.031197763,-4.359362818,573.633636,7.705314192
224.4334171,-0.04872097,-10.93461384,0,0,95.71082468,3,0,0,11.99488264,0,-38.65516903,-0.17122312,-1.852857941,568.1003762,7.719092902
229.2143131,0.052330426,11.99488264,0,0,95.71070473,3,0,0,253.845357,0,22.92949649,0.101051396,4.780895987,10.55787274,0.067104535
228.537953,1.11073611,253.845357,1,0,95.70816628,3,1,0,115.0098679,0,241.8504743,1.058405684,-0.676360111,60.73702789,0.476810387
228.8343663,0.502590016,115.0098679,1,0,95.70701618,3,1,0,79.25726971,0,-138.8354891,-0.608146094,0.296413352,79.52720977,0.474689817
231.012094,0.343087101,79.25726971,1,0,95.70622361,3,1,0,100.7818976,0,-35.75259819,-0.159502915,2.177727655,89.83455268,0.45847972
228.2996507,0.441445693,100.7818976,1,0,95.70521579,3,1,0,115.369452,0,21.5246279,0.098358592,-2.712443277,112.177855,0.387610435
230.295283,0.500963157,115.369452,1,0,95.7040621,3,1,0,100.3599318,0,14.5875544,0.059517464,1.995632297,132.8527688,0.303827536
230.0315498,0.436287683,100.3599318,1,0,95.7030585,3,1,0,93.0908703,0,-15.0095202,-0.064675474,-0.263733177,102.1556838,0.065044567
228.0454771,0.408211868,93.0908703,1,0,95.70212759,3,1,0,96.93119706,0,-7.269061504,-0.028075814,-1.986072689,97.77188429,0.057347291
230.3832752,0.420738862,96.93119706,1,0,95.70115828,3,1,0,133.1981654,0,3.840326758,0.012526994,2.337798112,101.3066698,0.035714697
229.4085599,0.580615499,133.1981654,1,0,95.69982629,3,1,0,116.9661498,0,36.26696831,0.159876637,-0.974715359,107.7899233,0.07171721
230.0399394,0.508460183,116.9661498,1,0,95.69865663,3,1,0,104.6763783,0,-16.23201556,-0.072155315,0.63137954,108.1092629,0.072615779
232.4105247,0.450394312,104.6763783,1,0,95.69760987,3,1,0,102.332242,0,-12.28977148,-0.058065872,2.370585309,108.9725522,0.071196779
229.5666601,0.445762647,102.332242,1,0,95.69658655,3,1,0,105.2240217,0,-2.344136341,-0.004631665,-2.843864653,110.8208265,0.064200671
232.2553448,0.453053176,105.2240217,1,0,95.69553431,3,1,0,106.4441405,0,2.891779677,0.00729053,2.688684719,112.4793914,0.057911839
233.6203727,0.455628673,106.4441405,1,0,95.69446986,3,1,0,108.2211143,0,1.220118833,0.002575497,1.365027899,107.1285865,0.025861917
225.7033876,0.479483784,108.2211143,1,0,95.69338765,3,1,0,112.4951025,0,1.776973758,0.02385511,-7.916985047,105.3795794,0.013160546
229.3475823,0.490500494,112.4951025,1,0,95.6922627,3,1,0,93.41304809,0,4.273988196,0.011016711,3.64419467,106.9433242,0.01910899
230.5523171,0.405170719,93.41304809,1,0,95.69132857,3,1,0,117.2619288,0,-19.08205437,-0.085329775,1.20473479,105.1594854,0.032906175
230.0864005,0.509643023,117.2619288,1,0,95.69015595,3,1,0,100.2444695,0,23.84888072,0.104472304,-0.465916574,107.5670668,0.040226927
232.0292876,0.432033691,100.2444695,1,0,95.68915351,3,1,0,103.5832103,0,-17.01745932,-0.077609333,1.942887093,106.3271326,0.043318677
229.5349369,0.451274266,103.5832103,1,0,95.68811768,3,1,0,106.06497,0,3.33874076,0.019240576,-2.494350676,105.3995518,0.042524469
227.4419731,0.466338594,106.06497,1,0,95.68705703,3,1,0,100.4443192,0,2.481759704,0.015064328,-2.092963854,104.1135253,0.039104016
230.3364751,0.43607648,100.4443192,1,0,95.68605258,3,1,0,104.4869753,0,-5.620650727,-0.030262114,2.894502044,105.5197796,0.031348447
228.2720712,0.457730001,104.4869753,1,0,95.68500771,3,1,0,95.33992366,0,4.042656057,0.021653521,-2.064403948,102.9647888,0.014460346
229.3040839,0.41577944,95.33992366,1,0,95.68405431,3,1,0,94.66909155,0,-9.147051628,-0.04195056,1.032012757,101.9838797,0.019932752
231.533556,0.408878493,94.66909155,1,0,95.68310762,3,1,0,90.80221874,0,-0.670832107,-0.006900947,2.229472023,100.2010559,0.025161789
228.9132217,0.396666554,90.80221874,1,0,95.6821996,3,1,0,106.7233002,0,-3.866872812,-0.01221194,-2.620334268,97.1485057,0.024094437
228.8857846,0.466273169,106.7233002,1,0,95.68113237,3,1,0,107.0217099,0,15.92108142,0.069606615,-0.027437067,98.40430188,0.030983022
230.9721432,0.463353322,107.0217099,1,0,95.68006215,3,1,0,107.3491839,0,0.298409714,-0.002919847,2.086358558,98.9112488,0.03235532
231.0457297,0.464623103,107.3491839,1,0,95.67898866,3,1,0,102.5040275,0,0.327474069,0.001269781,0.073586501,101.3131009,0.034235514
225.6979884,0.454164559,102.5040275,1,0,95.67796362,3,1,0,99.18775637,0,-4.845156489,-0.010458544,-5.347741338,102.880088,0.029639174
234.3097911,0.423318872,99.18775637,1,0,95.67697174,3,1,0,101.6433082,0,-3.316271077,-0.030845688,8.611802744,104.5571956,0.017970279
232.9698104,0.436293904,101.6433082,1,0,95.67595531,3,1,0,91.53195972,0,2.455551837,0.012975033,-1.339980675,103.5411972,0.017997427
228.9827461,0.399732999,91.53195972,1,0,95.67503999,3,1,0,103.4957565,0,-10.11134849,-0.036560906,-3.987064308,100.4432471,0.025616056
230.0454276,0.449892691,103.4957565,1,0,95.67400503,3,1,0,103.5212744,0,11.96379681,0.050159693,1.062681506,99.67256166,0.022045742
229.5845852,0.450906904,103.5212744,1,0,95.67296982,3,1,0,110.7968887,0,0.025517909,0.001014213,-0.460842445,99.87601105,0.021287168
231.1442956,0.479340787,110.7968887,1,0,95.67186185,3,1,0,103.7679773,0,7.275614235,0.028433884,1.559710421,102.1978375,0.028928419
228.6766988,0.453775911,103.7679773,1,0,95.67082417,4,1,0,106.1454504,0,-7.028911333,-0.025564876,-2.46759684,102.6227713,0.028936463
227.4199665,0.466737605,106.1454504,1,0,95.66976272,4,1,0,103.0605163,0,2.377473066,0.012961693,-1.256732217,105.5454695,0.012678301
230.0455822,0.448000415,103.0605163,1,0,95.66873211,4,1,0,90.97525007,0,-3.084934076,-0.018737189,2.62561564,105.4584214,0.013082129
231.0531377,0.393741678,90.97525007,1,0,95.66782236,4,1,0,118.7997826,0,-12.08526626,-0.054258738,1.007555534,102.9492166,0.032825904
230.1743318,0.516129586,118.7997826,1,0,95.66663436,4,1,0,95.08095518,0,27.82453255,0.122387909,-0.878805919,104.5497954,0.043804624
230.6437854,0.412241565,95.08095518,1,0,95.66568355,4,1,0,100.3609741,0,-23.71882744,-0.103888021,0.46945365,102.8123909,0.047993192
228.3619633,0.439482008,100.3609741,1,0,95.66467994,4,1,0,95.7472489,0,5.280018912,0.027240442,-2.281822099,101.6554957,0.046775897
230.2640943,0.415814933,95.7472489,1,0,95.66372247,4,1,0,106.2147569,0,-4.613725192,-0.023667075,1.902130903,100.1928422,0.047930155
236.1675693,0.449743194,106.2147569,1,0,95.66266032,4,1,0,123.644216,0,10.46750795,0.033928261,5.90347504,103.2407435,0.041901961
234.1085861,0.528149002,123.644216,1,0,95.66142388,4,1,0,111.7312058,0,17.42945918,0.078405808,-2.058983221,104.2096302,0.046925747
228.3116771,0.489380163,111.7312058,1,0,95.66030657,4,1,0,83.83717668,0,-11.91301024,-0.038768839,-5.796908958,107.5396803,0.044396272
231.1244411,0.362736093,83.83717668,1,0,95.65946819,4,1,0,96.87821478,0,-27.89402911,-0.12664407,2.812763971,104.2349209,0.064105868
225.1329931,0.430315492,96.87821478,1,0,95.65849941,4,1,0,118.1541307,0,13.04103809,0.0675794,-5.991448,104.461114,0.062528558
232.9138536,0.507286831,118.1541307,1,0,95.65731787,4,1,0,104.8068364,0,21.27591593,0.076971339,7.780860561,106.8489888,0.067121368
228.9924846,0.457686795,104.8068364,1,0,95.6562698,4,1,0,2561.367255,0,-13.34729429,-0.049600036,-3.921369042,103.0815129,0.056773207
162.529468,15.75940219,2561.367255,1,0,95.65516794,4,1,1,89.37717942,0,2456.560419,15.3017154,-66.46301657,593.0087227,6.851464642
228.5775443,0.391014698,89.37717942,1,0,95.65427416,4,1,0,120.3330227,0,-2471.990076,-15.3683875,66.04807628,594.1167233,6.848234785
230.8185627,0.521331653,120.3330227,1,0,95.65307083,4,1,0,86.22474232,0,30.95584329,0.130316955,2.241018365,598.8076849,6.838118529
229.5782766,0.375578838,86.22474232,1,0,95.65220859,4,1,0,84.7485319,0,-34.10828039,-0.145752815,-1.24028612,592.4218072,6.852898458
230.2751209,0.368031646,84.7485319,1,0,95.6513611,4,1,0,136.9719983,0,-1.476210415,-0.007547191,0.696844384,588.4101463,6.862962142
230.4072444,0.594477829,136.9719983,1,0,95.64999138,4,1,0,72.5029526,0,52.22346644,0.226446182,0.13212344,103.5310949,0.10210117
228.7945664,0.31689106,72.5029526,1,0,95.64926635,4,1,0,85.60855649,0,-64.46904574,-0.277586769,-1.612677965,100.1562496,0.11710182
230.6762998,0.371119862,85.60855649,1,0,95.64841027,4,1,0,85.77635893,0,13.10560389,0.054228802,1.881733344,93.21135633,0.108449204
230.5630816,0.372029895,85.77635893,1,0,95.6475525,4,1,0,91.50246206,0,0.167802442,0.000910033,-0.1132182,93.12167965,0.108703017
231.3931655,0.395441507,91.50246206,1,0,95.64663748,4,1,0,119.2704968,0,5.726103131,0.023411612,0.830083989,94.47246568,0.107082547
229.9385817,0.518705891,119.2704968,1,0,95.64544477,4,1,0,99.95706471,0,27.76803472,0.123264384,-1.454583857,90.93216537,0.075003506
228.2635115,0.437902072,99.95706471,1,0,95.6444452,4,1,0,94.10249776,0,-19.31343207,-0.080803818,-1.675070138,96.42298779,0.06195209
231.6861854,0.406163611,94.10249776,1,0,95.64350418,4,1,0,109.5597016,0,-5.854566942,-0.031738461,3.422673822,98.12177605,0.056956356
231.2434063,0.473785192,109.5597016,1,0,95.64240858,4,1,0,102.0840184,0,15.45720384,0.06762158,-0.442779099,102.8784446,0.050660735
231.9247007,0.440160182,102.0840184,1,0,95.64138774,4,1,0,83.41581176,0,-7.475683176,-0.03362501,0.681294458,104.9947559,0.042744258
229.7390139,0.363089448,83.41581176,1,0,95.64055358,4,1,0,89.62810414,0,-18.66820667,-0.077070734,-2.185686822,97.82381885,0.041716227
229.1058326,0.391208304,89.62810414,1,0,95.6396573,4,1,0,111.0801269,0,6.212292378,0.028118856,-0.63318128,95.75802674,0.043091458
231.7314182,0.479348583,111.0801269,1,0,95.6385465,4,1,0,101.6085065,0,21.45202272,0.088140279,2.625585591,99.15355256,0.051079136
232.4347359,0.437148544,101.6085065,1,0,95.63753042,4,1,0,90.64712088,0,-9.471620384,-0.042200038,0.703317698,97.56331353,0.045460229
229.3095252,0.395304647,90.64712088,1,0,95.63662394,4,1,0,119.2153733,0,-10.96138559,-0.041843897,-3.125210741,95.27593402,0.04545358
230.5370399,0.517120257,119.2153733,1,0,95.63543179,4,1,0,101.2148039,0,28.5682524,0.12181561,1.227514746,102.4358463,0.054316742
232.7130685,0.434933906,101.2148039,1,0,95.63441964,4,1,0,111.6154154,0,-18.00056942,-0.082186351,2.176028628,104.7531863,0.046668511
227.6904926,0.490206746,111.6154154,1,0,95.63330349,4,1,0,104.452797,0,10.40061158,0.05527284,-5.022575899,104.860244,0.048433673
230.0829546,0.453978858,104.452797,1,0,95.63225896,4,1,0,113.1711523,0,-7.162618402,-0.036227887,2.392461937,105.4291021,0.047462943
232.6570714,0.486429024,113.1711523,1,0,95.63112725,4,1,0,111.0136412,0,8.718355207,0.032450166,2.574116851,109.9339084,0.032293196
228.0697037,0.486753126,111.0136412,1,0,95.63001711,4,1,0,104.9843708,0,-2.157511037,0.000324102,-4.587367687,108.293562,0.024719127
227.5528361,0.461362612,104.9843708,1,0,95.62896727,4,1,0,103.4793244,0,-6.029270415,-0.025390514,-0.516867671,109.0474754,0.016771161
227.4698605,0.454914441,103.4793244,1,0,95.62793248,4,1,0,119.4302282,0,-1.505046382,-0.006448171,-0.08297562,107.4202571,0.016589332
232.7338674,0.513162221,119.4302282,1,0,95.62673817,4,1,0,103.6358753,0,15.95090381,0.05824778,5.264006958,110.4157434,0.023248296
232.3977416,0.445941835,103.6358753,1,0,95.62570181,4,1,0,110.9202157,0,-15.79435294,-0.067220386,-0.336125804,108.508688,0.027364075
229.1804245,0.483986431,110.9202157,1,0,95.62459261,4,1,0,108.1640568,0,7.284340409,0.038044596,-3.217317146,108.4900029,0.027027862
229.456506,0.471392416,108.1640568,1,0,95.62351097,4,1,0,-1148.616263,0,-2.756158897,-0.012594015,0.276081536,109.1259401,0.026418054
229.7232526,-5,-1148.616263,1,0,95.62248164,4,1,1,89.22473377,0,-1256.78032,-5.471392416,0.26674662,-141.2931774,2.450233158
229.3345901,0.389059207,89.22473377,1,0,95.62158939,4,1,0,92.60348886,0,1237.840997,5.389059207,-0.388662568,-147.3342763,2.436511472
233.5289258,0.396539694,92.60348886,1,0,95.62066335,4,1,0,92.87556601,0,3.378755089,0.007480487,4.194335761,-149.5407536,2.431091281
231.510324,0.401172459,92.87556601,1,0,95.6197346,4,1,0,112.1623112,0,0.272077153,0.004632765,-2.01860184,-153.1496835,2.421682632
227.4310924,0.493170525,112.1623112,1,0,95.61861298,4,1,0,109.2022334,0,19.28674521,0.091998066,-4.079231577,-152.3500326,2.424263297
229.5186241,0.475788115,109.2022334,1,0,95.61752095,4,1,0,119.1455053,0,-2.960077797,-0.01738241,2.087531657,99.21366666,0.049262734
233.6566238,0.509917088,119.1455053,1,0,95.6163295,4,1,0,90.08078298,0,9.94327183,0.034128974,4.137999759,105.197821,0.052961138
227.7084349,0.395597041,90.08078298,1,0,95.61542869,4,1,0,106.1124806,0,-29.06472227,-0.114320048,-5.948188919,104.6932798,0.053223711
230.6326091,0.460093137,106.1124806,1,0,95.61436757,4,1,0,107.1559064,0,16.03169762,0.064496096,2.924174195,107.3406627,0.044017194
228.9686053,0.467993882,107.1559064,1,0,95.61329601,4,1,0,104.0622111,0,1.04342577,0.007900745,-1.66400375,106.3393817,0.041638325
232.9825549,0.446652373,104.0622111,1,0,95.61225538,4,1,0,93.67528252,0,-3.093695321,-0.021341508,4.013949541,105.3113773,0.041241794
228.7148798,0.409572314,93.67528252,1,0,95.61131863,4,1,0,106.0788822,0,-10.38692853,-0.037080059,-4.267675068,100.2173327,0.031813444
226.9917012,0.467324936,106.0788822,1,0,95.61025784,4,1,0,96.0872526,0,12.40359971,0.057752622,-1.723178616,103.4169526,0.024345807
230.0614462,0.417659083,96.0872526,1,0,95.60929697,5,1,0,112.866035,0,-9.991629629,-0.049665853,3.069745018,101.411907,0.027306532
231.135898,0.48831028,112.866035,1,0,95.60816831,5,1,0,3328.645113,0,16.77878241,0.070651197,1.074451817,102.5539327,0.03307369
224.0986843,14.85347905,3328.645113,1,1,95.57488186,5,3,0,1368.681973,0,3215.779078,14.36516877,-7.037213698,747.470513,6.443432094
228.8148679,5.981612934,1368.681973,1,1,95.56119504,5,3,0,1364.156283,0,-1959.963139,-8.871866115,4.71618355,1002.471851,6.292740411
229.1856982,5.952187655,1364.156283,1,1,95.54755348,5,3,0,1382.589558,0,-4.525689913,-0.029425279,0.370830294,1254.087331,5.892023189
231.0569546,5.983760847,1382.589558,1,1,95.53372758,5,3,0,1358.595606,0,18.43327478,0.031573192,1.871256379,1511.387792,5.163357173
229.8673094,5.910347188,1358.595606,1,1,95.52014162,5,3,0,1363.817583,0,-23.99395205,-0.073413659,-1.189645112,1760.533707,3.978747238
229.7824895,5.93525462,1363.817583,1,1,95.50650345,5,3,0,1354.089481,0,5.221976591,0.024907432,-0.084819905,1367.568201,0.03122129
229.6281996,5.89687801,1354.089481,1,1,95.49296255,5,3,0,1375.556132,0,-9.72810195,-0.03837661,-0.154289952,1364.649702,0.034394029
231.1124161,5.951891962,1375.556132,1,1,95.47920699,5,3,0,1342.528659,0,21.46665103,0.055013951,1.484216536,1366.929672,0.034358798
228.0451724,5.887117211,1342.528659,1,1,95.46578171,5,3,0,1341.090882,0,-33.0274726,-0.06477475,-3.067243762,1358.917492,0.026880988
228.2874274,5.874571793,1341.090882,1,1,95.4523708,5,3,0,1351.909756,0,-1.437777058,-0.012545418,0.242255082,1355.416547,0.03293943
225.4220728,5.997237711,1351.909756,1,1,95.4388517,5,3,0,1358.613701,0,10.81887362,0.122665918,-2.865354677,1353.034982,0.051600726
227.7799904,5.964587577,1358.613701,1,1,95.42526556,5,3,0,1362.548801,0,6.703945263,-0.032650134,2.357917626,1353.939826,0.052389389
229.1953569,5.944923228,1362.548801,1,1,95.41164007,5,3,0,1373.340892,0,3.935100077,-0.019664348,1.4153665,1351.33836,0.05192096
233.3729135,5.884748453,1373.340892,1,1,95.39790667,5,3,0,1366.450845,0,10.79209073,-0.060174775,4.177556614,1357.500806,0.052460129
230.777129,5.921084341,1366.450845,1,1,95.38424216,5,3,0,1367.014407,0,-6.890046963,0.036335888,-2.595784503,1362.572799,0.04267265
227.5588897,6.007299512,1367.014407,1,1,95.37057201,5,3,0,1357.59544,0,0.563562376,0.086215171,-3.218239266,1365.593729,0.046005448
230.7987805,5.882160368,1357.59544,1,1,95.35699606,5,3,0,1352.486843,0,-9.418967321,-0.125139143,3.23989078,1365.390077,0.05146502
227.8853876,5.934943251,1352.486843,1,1,95.34347119,5,3,0,1373.460164,0,-5.10859686,0.052782883,-2.913392952,1363.377685,0.050836376
231.377623,5.936011208,1373.460164,1,1,95.32973659,5,3,0,1403.457647,0,20.97332049,0.001067957,3.49223543,1363.40154,0.045292027
233.9991778,5.997703328,1403.457647,1,1,95.31570201,5,3,0,1365.954646,0,29.99748355,0.061692119,2.621554754,1370.8029,0.051405909
228.3661006,5.981424749,1365.954646,1,1,95.30204247,5,3,0,1350.002284,0,-37.50300097,-0.016278579,-5.633077114,1370.590948,0.045344975
231.5398253,5.830540306,1350.002284,1,1,95.28854244,5,3,0,1365.39863,0,-15.95236231,-0.150884442,3.173724635,1369.072317,0.065179549
230.0517552,5.935180234,1365.39863,1,1,95.27488846,5,3,0,1385.516201,0,15.39634661,0.104639928,-1.488070072,1371.654674,0.065178562
230.9761741,5.998524337,1385.516201,1,1,95.26103329,5,3,0,1356.054305,0,20.11757095,0.063344102,0.924418866,1374.065882,0.070885813
227.2441277,5.967389868,1356.054305,1,1,95.24747275,5,3,0,1369.839334,0,-29.4618961,-0.031134469,-3.732046358,1364.585213,0.06682413
228.0677259,6.006283126,1369.839334,1,1,95.23377436,5,3,0,1390.052424,0,13.78502835,0.038893258,0.823598189,1365.362151,0.071214214
231.6718553,6.000091906,1390.052424,1,1,95.21987383,5,3,0,1351.262514,0,20.21309019,-0.006191219,3.604129377,1373.372179,0.029976268
227.4603644,5.940650438,1351.262514,1,1,95.20636121,5,3,0,1355.697123,0,-38.78991017,-0.059441468,-4.211490844,1370.544956,0.027890656
230.2410607,5.888163992,1355.697123,1,1,95.19280424,5,3,0,1367.540342,0,4.434609393,-0.052486446,2.78069624,1364.58114,0.048315592
230.1731906,5.941353721,1367.540342,1,1,95.17912883,5,3,0,1358.613472,0,11.84321931,0.053189729,-0.067870107,1366.878347,0.048790228
229.514906,5.919499938,1358.613472,1,1,95.1655427,5,3,0,1393.137746,0,-8.926870476,-0.021853783,-0.658284569,1364.633175,0.040925376
232.699877,5.986843498,1393.137746,1,1,95.15161132,5,3,0,1384.097296,0,34.52427389,0.067343559,3.184971042,1365.250239,0.036032805
231.3751095,5.98204923,1384.097296,1,1,95.13777035,5,3,0,1336.050972,0,-9.040449879,-0.004794267,-1.324767511,1371.817196,0.041854962
224.7614685,5.944306115,1336.050972,1,1,95.12440984,5,3,0,1391.451861,0,-48.04632405,-0.037743115,-6.613641004,1367.887965,0.028750322
232.0196219,5.997130111,1391.451861,1,1,95.11049532,5,3,0,1366.413853,0,55.40088935,0.052823996,7.258153425,1372.670269,0.032764262
230.4951437,5.928167643,1366.413853,1,1,95.09683118,5,3,0,1368.186957,0,-25.03800839,-0.068962468,-1.52447824,1374.230345,0.029785007
231.2915113,5.915422271,1368.186957,1,1,95.08314931,5,3,0,1372.109881,0,1.773104512,-0.012745371,0.796367614,1369.240188,0.034981346
230.4582296,5.953833295,1372.109881,1,1,95.06942821,5,3,0,1366.383024,0,3.92292352,0.038411024,-0.833281672,1366.842705,0.031288219
231.2563203,5.908521858,1366.383024,1,1,95.05576438,5,3,0,1377.008244,0,-5.726857241,-0.045311437,0.798090683,1372.909115,0.036014793
230.512756,5.973674811,1377.008244,1,1,95.0419943,5,3,0,1341.538181,0,10.62522059,0.065152953,-0.743564335,1370.020392,0.027281981
228.4858751,5.871427194,1341.538181,1,1,95.02857892,5,3,0,1374.193369,0,-35.47006346,-0.102247617,-2.026880867,1365.045257,0.040103006
230.3309455,5.966169096,1374.193369,1,1,95.01483699,5,3,0,1403.760747,0,32.65518806,0.094741902,1.845070343,1366.24654,0.043486098
234.4884876,5.986480452,1403.760747,1,1,95.00079938,5,3,0,1373.638487,0,29.56737851,0.020311356,4.157542143,1372.576713,0.049154041
231.9652722,5.921741963,1373.638487,1,1,94.98706299,5,3,0,1352.094768,0,-30.12226069,-0.064738489,-2.523215378,1374.027805,0.047272701
227.1006683,5.953724304,1352.094768,1,1,94.97354205,5,3,0,1351.791785,0,-21.54371832,0.031982341,-4.864603959,1369.04511,0.044914236
227.7691236,5.934921132,1351.791785,1,1,94.96002413,5,3,0,1348.309805,0,-0.30298336,-0.018803172,0.668455311,1371.095831,0.025485437
229.0217247,5.887257232,1348.309805,1,1,94.94654103,5,3,0,125.6796824,0,-3.481980076,-0.0476639,1.252601076,1365.919118,0.03687593
233.3758049,0.538529187,125.6796824,1,0,94.94528423,5,1,0,102.5936892,0,-1222.630122,-5.348728045,4.354080254,1110.302905,2.408761972
229.2166619,0.447583908,102.5936892,1,0,94.9442583,5,1,0,85.98889359,0,-23.08599321,-0.090945279,-4.159143057,856.0939459,2.975635125
232.7361532,0.369469429,85.98889359,1,0,94.94339841,5,1,0,128.5109657,0,-16.60479564,-0.078114479,3.519491345,602.872771,2.990788477
230.9538598,0.55643567,128.5109657,1,0,94.9421133,5,1,0,114.7038061,0,42.52207214,0.186966241,-1.782293448,358.2166072,2.42025472
231.7921342,0.494856336,114.7038061,1,0,94.94096626,5,1,0,114.0970854,0,-13.80715958,-0.061579335,0.838274419,111.4954074,0.075410786
231.1688147,0.493566079,114.0970854,1,0,94.93982529,5,1,0,93.3111801,0,-0.606720721,-0.001290257,-0.623319453,109.178888,0.069326804
228.3526862,0.408627469,93.3111801,1,0,94.93889218,5,1,0,106.3801846,0,-20.78590532,-0.08493861,-2.816128522,107.3223862,0.074784723
232.6951004,0.457165555,106.3801846,1,0,94.93782837,5,1,0,16.81163112,0,13.06900451,0.048538086,4.342414184,111.4006444,0.054405702
231.5954947,0.072590493,16.81163112,0,0,94.93766026,5,0,0,27.74973255,0,-89.56855349,-0.384575062,-1.099605689,89.06077748,0.17833969
230.1993899,0.120546508,27.74973255,0,0,94.93738276,5,0,0,0.978257624,0,10.93810142,0.047956015,-1.396104773,71.66996276,0.19832816
227.8101872,0.004294179,0.978257624,0,0,94.93737298,5,0,0,14.38049171,0,-26.77147492,-0.116252329,-2.389202722,49.0461972,0.205977482
229.7384018,0.062595072,14.38049171,0,0,94.93722917,6,0,0,8.129587417,0,13.40223408,0.058300893,1.928214638,33.26005952,0.180183899
230.0101427,0.035344474,8.129587417,0,0,94.93714788,6,0,0,9.779931103,0,-6.250904289,-0.027250598,0.271740821,13.60994008,0.043410488
230.7769842,0.042378278,9.779931103,0,0,94.93705008,6,0,0,19.72776237,0,1.650343686,0.007033804,0.766841549,12.20360008,0.043160708
230.5510993,0.085567852,19.72776237,0,0,94.9368528,6,0,0,10.37179983,0,9.947831267,0.043189575,-0.225884957,10.59920604,0.030442723
228.5827432,0.045374378,10.37179983,0,0,94.93674908,6,0,0,21.91703152,0,-9.355962541,-0.040193474,-1.968356043,12.47791449,0.020171647
227.1324933,0.096494479,21.91703152,0,0,94.93652991,6,0,0,3276.523589,0,11.54523169,0.0511201,-1.450249876,13.98522245,0.027895192
235.3947188,13.919274,3276.523589,0,1,94.90376468,6,2,0,1263.225731,0,3254.606558,13.82277952,8.262225459,667.6640228,6.194768504
228.8444162,5.520019896,1263.225731,0,1,94.89113242,6,2,0,1314.717449,0,-2013.297859,-8.399254105,-6.550302563,918.3531827,6.059691446
231.8397241,5.670803196,1314.717449,0,1,94.87798524,6,2,0,1249.292385,0,51.4917179,0.1507833,2.995307904,1177.35112,5.675690055
229.4398244,5.44496749,1249.292385,0,1,94.86549232,6,2,0,1295.70095,0,-65.42506401,-0.225835706,-2.39989975,1425.135237,4.952983566
232.4917034,5.573106186,1295.70095,0,1,94.85253531,6,2,0,1292.680746,0,46.40856547,0.128138696,3.05187897,1679.892021,3.742761553
231.2723937,5.589429526,1292.680746,0,1,94.8396085,6,2,0,1263.503007,0,-3.020204248,0.01632334,-1.219309654,1283.123452,0.083883169
228.9693815,5.518218195,1263.503007,0,1,94.82697347,6,2,0,1277.261108,0,-29.17773887,-0.07121133,-2.303012244,1283.178907,0.084099642
229.3934769,5.567992276,1277.261108,0,1,94.81420086,6,2,0,1238.978613,0,13.75810067,0.04977408,0.424095464,1275.687639,0.058780495
226.1729719,5.478013585,1238.978613,0,1,94.80181108,6,2,0,1275.404569,0,-38.28249482,-0.08997869,-3.22050501,1273.624885,0.046087988
230.2515959,5.539177976,1275.404569,0,1,94.78905703,6,2,0,1263.878218,0,36.42595613,0.06116439,4.078623998,1269.565608,0.043399328
227.3130244,5.560078317,1263.878218,0,1,94.77641825,6,2,0,1275.517563,0,-11.52635074,0.020900341,-2.93857149,1263.805103,0.036184968
229.7761497,5.55113124,1275.517563,0,1,94.76366307,6,2,0,1261.072679,0,11.63934484,-0.008947077,2.463125314,1266.208014,0.035885236
228.3848205,5.521700943,1261.072679,0,1,94.75105235,6,2,0,1284.376588,0,-14.44488407,-0.029430297,-1.391329209,1262.970328,0.032430423
231.9521248,5.537248642,1284.376588,0,1,94.73820858,6,2,0,1270.359013,0,23.30390903,0.015547698,3.567304267,1272.049923,0.014600583
229.4565515,5.536381528,1270.359013,0,1,94.72550499,6,2,0,1297.509665,0,-14.01757477,-0.000867114,-2.495573277,1271.040812,0.014781796
231.9461924,5.594011488,1297.509665,0,1,94.71252989,6,2,0,1283.199526,0,27.15065174,0.05762996,2.489640901,1277.767102,0.027699448
228.8696564,5.606682627,1283.199526,0,1,94.6996979,6,2,0,1271.164237,0,-14.3101385,0.012671139,-3.076536009,1279.303494,0.038324808
229.4088461,5.541042807,1271.164237,0,1,94.68698626,6,2,0,1301.338713,0,-12.03528992,-0.06563982,0.539189675,1281.321806,0.034364412
234.1831428,5.556927359,1301.338713,0,1,94.67397287,6,2,0,1293.559663,0,30.17447655,0.015884552,4.77429668,1284.714231,0.031690124
232.9022705,5.554087815,1293.559663,0,1,94.66103727,6,2,0,1525.606044,0,-7.779050537,-0.002839544,-1.280872295,1289.354361,0.028210204
230.1360492,6.629148494,1525.606044,1,1,94.64578121,6,3,0,1361.494583,0,232.0463817,1.075060679,-2.766221236,1334.973637,0.476697231
228.7059619,5.953034943,1361.494583,1,1,94.63216627,6,3,0,1341.806555,0,-164.1114616,-0.676113551,-1.430087366,1350.632648,0.470783668
227.9060529,5.887542423,1341.806555,1,1,94.6187482,6,3,0,1367.759684,0,-19.68802783,-0.06549252,-0.799908963,1364.761112,0.438940678
230.6816718,5.929208304,1367.759684,1,1,94.6050706,6,3,0,1369.650127,0,25.95312911,0.041665881,2.775618884,1378.045306,0.391818837
230.5020572,5.942029949,1369.650127,1,1,94.5913741,6,3,0,1364.309845,0,1.890443064,0.012821645,-0.179614611,1393.263399,0.314563562
229.9553775,5.932932986,1364.309845,1,1,94.577731,6,3,0,1345.394826,0,-5.340282419,-0.009096963,-0.546679645,1361.004159,0.024908271
228.1079498,5.898061979,1345.394826,1,1,94.56427706,6,3,0,1344.2297,0,-18.91501851,-0.034871007,-1.847427688,1357.784207,0.023723602
227.3995293,5.911312589,1344.2297,1,1,94.55083476,6,3,0,1338.398117,0,-1.165125897,0.013250609,-0.70842054,1358.268836,0.017730086
230.5998799,5.803984451,1338.398117,1,1,94.53745078,6,3,0,1383.236559,0,-5.831582877,-0.107328137,3.200350585,1352.396523,0.055169147
227.7833481,6.072597361,1383.236559,1,1,94.52361841,6,3,0,1384.22483,0,44.8384413,0.26861291,-2.816531773,1355.113809,0.096693085
232.3274604,5.958076706,1384.22483,1,1,94.50977616,6,3,0,1355.324187,0,0.988271137,-0.114520655,4.544112255,1359.096806,0.097934114
229.6321534,5.902153367,1355.324187,1,1,94.49622292,6,3,0,1345.659896,0,-28.90064239,-0.055923339,-2.695306954,1361.082679,0.097629629
229.264865,5.869455382,1345.659896,1,1,94.48276632,6,3,0,1401.498746,0,-9.664291407,-0.032697985,-0.367288385,1361.368718,0.101317327
234.1761511,5.984805623,1401.498746,1,1,94.46875134,6,3,0,1342.495834,0,55.83885002,0.115350241,4.911286075,1373.988844,0.078753417
227.3832123,5.904111479,1342.495834,1,1,94.45532638,6,3,0,1369.357967,0,-59.0029123,-0.080694145,-6.792938814,1365.840699,0.04665324
231.5819208,5.913060752,1369.357967,1,1,94.4416328,6,3,0,1323.350999,0,26.86213322,0.008949273,4.198708556,1362.867326,0.04252674
224.3890406,5.897574125,1323.350999,1,1,94.42839929,6,3,0,1354.051815,0,-46.00696744,-0.015486627,-7.192880286,1356.472688,0.042912518
228.322462,5.930436294,1354.051815,1,1,94.41485877,6,3,0,1369.466137,0,30.70081563,0.032862169,3.933421407,1358.151072,0.035115324
229.5657639,5.965463292,1369.466137,1,1,94.40116411,6,3,0,1375.137934,0,15.41432222,0.035026998,1.243301887,1351.744551,0.027187672
230.2650765,5.971977839,1375.137934,1,1,94.38741273,6,3,0,1374.620978,0,5.671796643,0.006514548,0.69931263,1358.272971,0.032387342
229.3044781,5.994741094,1374.620978,1,1,94.37366652,6,3,0,1337.774805,0,-0.516956101,0.022763254,-0.960598378,1359.325573,0.038191417
229.4658741,5.829951013,1337.774805,1,1,94.36028877,6,3,0,1378.349671,0,-36.84617239,-0.16479008,0.161396038,1362.210334,0.064920625
229.6394497,6.00223382,1378.349671,1,1,94.34650527,6,3,0,1364.484122,0,40.57486589,0.172282807,0.173575556,1367.069905,0.070396649
231.2809633,5.899681936,1364.484122,1,1,94.33286043,6,3,0,1342.798402,0,-13.86554984,-0.102551884,1.641513633,1366.073502,0.07353255
228.4260573,5.878481717,1342.798402,1,1,94.31943245,6,3,0,1350.093332,0,-21.68571977,-0.021200219,-2.85490599,1359.605596,0.075147959
228.568589,5.906731708,1350.093332,1,1,94.30593152,6,3,0,1368.802867,0,7.294930435,0.028249991,0.142531686,1354.700066,0.062866369
228.1991339,5.998282483,1368.802867,1,1,94.29224349,6,3,0,1263.68303,0,18.70953527,0.091550775,-0.369455134,1360.905679,0.058617738
227.3633348,5.557989509,1263.68303,0,1,94.27960666,6,2,0,1277.262415,0,-105.1198378,-0.440292974,-0.835799066,1337.972351,0.168626961
229.8646095,5.556585758,1277.262415,0,1,94.26683403,6,2,0,1287.374933,0,13.57938549,-0.001403751,2.501274636,1320.528009,0.207730988
232.5296306,5.536390908,1287.374933,0,1,94.25396028,6,2,0,1270.703593,0,10.11251739,-0.02019485,2.665021113,1309.443315,0.222815079
230.6626478,5.508926587,1270.703593,0,1,94.24125325,6,2,0,1275.365097,0,-16.67133941,-0.027464321,-1.866982752,1293.565368,0.205921839
229.5263298,5.556508913,1275.365097,0,1,94.2284996,6,2,0,1264.279141,0,4.661504306,0.047582326,-1.136317996,1274.877814,0.021189818
228.5096836,5.532715817,1264.279141,0,1,94.2158568,6,2,0,1270.27637,0,-11.08595674,-0.023793096,-1.016646231,1274.997036,0.019770754
229.4617423,5.535896125,1270.27637,0,1,94.20315404,6,2,0,1264.729542,0,5.997229427,0.003180308,0.952058747,1273.599827,0.016928154
227.7783654,5.552456835,1264.729542,0,1,94.19050675,7,2,0,1297.55368,0,-5.546828455,0.016560711,-1.683376977,1269.070749,0.01888616
231.9719897,5.593579127,1297.55368,0,1,94.17753121,7,2,0,1260.525423,0,32.82413816,0.041122292,4.193624381,1274.440766,0.024267686
228.0877051,5.526494389,1260.525423,0,1,94.16492595,7,2,0,1280.243542,0,-37.02825724,-0.067084738,-3.884284605,1271.472831,0.027109318
228.7281131,5.597228624,1280.243542,0,1,94.15212352,7,2,0,1285.053802,0,19.7181192,0.070734235,0.640407964,1274.665711,0.032663643
230.3695238,5.578228322,1285.053802,0,1,94.13927298,7,2,0,1272.527919,0,4.810260185,-0.019000302,1.641410646,1277.621198,0.029852844
229.4012262,5.547171388,1272.527919,0,1,94.1265477,7,2,0,1290.847483,0,-12.52588349,-0.031056934,-0.968297526,1279.180873,0.030693279
228.6187073,5.646289835,1290.847483,0,1,94.11363923,7,2,0,1305.976571,0,18.31956438,0.099118447,-0.78251897,1277.839634,0.046450688
233.4119326,5.595157698,1305.976571,0,1,94.10057946,7,2,0,1309.471832,0,15.12908833,-0.051132137,4.793225296,1286.929863,0.03598832
231.6920766,5.651776491,1309.471832,0,1,94.08748474,7,2,0,1281.265639,0,3.495260352,0.056618793,-1.719855956,1292.775521,0.044839997
234.0678172,5.473907751,1281.265639,0,1,94.07467209,7,2,0,1250.423647,0,-28.20619285,-0.177868739,2.375740567,1292.017889,0.074277065
228.3297368,5.476394202,1250.423647,0,1,94.06216785,7,2,0,1270.560941,0,-30.84199186,0.002486451,-5.738080352,1287.597034,0.088215399
231.0041564,5.50016485,1270.560941,0,1,94.04946224,7,2,0,1301.853811,0,20.13729439,0.023770647,2.674419612,1283.539726,0.07989951
230.5730765,5.646165766,1301.853811,0,1,94.0364437,7,2,0,1278.536926,0,31.29286956,0.146000916,-0.431079972,1282.715174,0.091237586
228.9709754,5.583838403,1278.536926,0,1,94.02365833,7,2,0,1286.68341,0,-23.31688507,-0.062327363,-1.602101045,1276.528193,0.076022071
228.4096905,5.633226011,1286.68341,0,1,94.0107915,7,2,0,1293.668574,0,8.146483991,0.049387607,-0.561284892,1277.611747,0.076825119
231.8514102,5.579731315,1293.668574,0,1,93.99785481,7,2,0,1277.130338,0,6.985164136,-0.053494696,3.441719677,1286.260732,0.057505211
230.1135922,5.549999571,1277.130338,0,1,93.98508351,7,2,0,1290.481707,0,-16.53823586,-0.029731744,-1.737817997,1287.574612,0.039991862
229.2160662,5.629979295,1290.481707,0,1,93.97217869,7,2,0,1309.400697,0,13.3513689,0.079979724,-0.897525986,1285.300191,0.035591086
233.4026617,5.610050408,1309.400697,0,1,93.95908469,7,2,0,1516.832413,0,18.91899035,-0.019928887,4.186595443,1291.472945,0.035400619
227.2869651,6.673644535,1516.832413,1,1,93.94391636,7,3,0,1386.911631,0,207.4317156,1.063594127,-6.115696504,1337.502746,0.484480229
233.3362139,5.94383361,1386.911631,1,1,93.93004725,7,3,0,1387.950936,0,-129.9207822,-0.729810925,6.049248749,1356.151357,0.46856657
230.9372156,6.010079111,1387.950936,1,1,93.91616774,7,3,0,1352.116901,0,1.039305026,0.066245501,-2.39899825,1378.315477,0.430848748
227.0957217,5.953951445,1352.116901,1,1,93.90264657,7,3,0,1381.048324,0,-35.8340352,-0.056127666,-3.84149393,1390.642515,0.388553531
231.3768115,5.968827708,1381.048324,1,1,93.88883608,7,3,0,1345.225303,0,28.93142312,0.014876263,4.281089803,1404.972041,0.316058286
227.5327554,5.912227011,1345.225303,1,1,93.87538383,7,3,0,1337.545411,0,-35.82302106,-0.056600697,-3.844056075,1370.650619,0.035852068
227.6748488,5.87480531,1337.545411,1,1,93.86200838,7,3,0,1368.887146,0,-7.679891799,-0.037421701,0.142093378,1360.777375,0.052151992
228.5225606,5.990161945,1368.887146,1,1,93.84831951,7,3,0,1390.354803,0,31.34173562,0.115356636,0.847711818,1356.964617,0.046269825
230.9582194,6.019940778,1390.354803,1,1,93.83441596,7,3,0,1346.720052,0,21.46765682,0.029778833,2.435658795,1364.612197,0.058926342
229.5953133,5.865625185,1346.720052,1,1,93.82094876,7,3,0,1318.613303,0,-43.63475119,-0.154315593,-1.362906151,1357.746543,0.069250791
226.2604838,5.827855051,1318.613303,1,1,93.80776262,7,3,0,1356.869313,0,-28.10674877,-0.037770134,-3.334829508,1352.424143,0.084123891
229.0902156,5.92286017,1356.869313,1,1,93.79419393,7,3,0,1366.050603,0,38.25600991,0.095005118,2.829731812,1356.288924,0.080972993
226.9583836,6.018947531,1366.050603,1,1,93.78053342,7,3,0,1348.592314,0,9.181289376,0.096087361,-2.13183199,1355.721615,0.087498891
227.2112816,5.935410885,1348.592314,1,1,93.7670475,7,3,0,1362.566068,0,-17.45828863,-0.083536646,0.252897994,1347.369117,0.072992962
228.9723774,5.950787969,1362.566068,1,1,93.75342184,7,3,0,1373.979279,0,13.97375455,0.015377085,1.761095757,1350.53832,0.068649065
231.8391006,5.926434649,1373.979279,1,1,93.73968205,7,3,0,1384.706724,0,11.4132106,-0.02435332,2.866723292,1361.611515,0.039544837
232.2213237,5.962874993,1384.706724,1,1,93.72583498,7,3,0,1369.525051,0,10.72744466,0.036440344,0.382223029,1367.178998,0.036376671
226.7704508,6.039257082,1369.525051,1,1,93.71213973,7,3,0,1361.663394,0,-15.18167284,0.07638209,-5.450872904,1367.873887,0.044895615
229.0353164,5.945211488,1361.663394,1,1,93.6985231,7,3,0,1352.852001,0,-7.861656495,-0.094045595,2.264865673,1370.488103,0.0435874
228.1537564,5.929562688,1352.852001,1,1,93.68499458,7,3,0,1367.866925,0,-8.811393072,-0.015648799,-0.881560009,1368.54529,0.046258732
227.6467761,6.008725223,1367.866925,1,1,93.67131591,7,3,0,1358.354652,0,15.01492402,0.079162535,-0.506980372,1367.322819,0.045669131
227.1044602,5.981188791,1358.354652,1,1,93.65773236,7,3,0,1371.857192,0,-9.512273746,-0.027536432,-0.542315882,1362.052405,0.044969444
229.9129388,5.966855105,1371.857192,1,1,93.64401379,7,3,0,1409.619655,0,13.50254082,-0.014333686,2.808478599,1362.518833,0.030887857
230.859757,6.10595659,1409.619655,1,1,93.62991759,7,3,0,1358.638364,0,37.76246238,0.139101486,0.946818233,1372.110085,0.066529872
231.9754995,5.856818358,1358.638364,1,1,93.61633121,7,3,0,1344.541266,0,-50.98129104,-0.249138233,1.115742446,1373.267358,0.089389213
229.0846107,5.869190697,1344.541266,1,1,93.6028858,7,3,0,1347.932573,0,-14.09709778,0.012372339,-2.890888732,1368.602226,0.100762271
226.1512726,5.960313896,1347.932573,1,1,93.58940647,7,3,0,1373.398868,0,3.39130675,0.091123199,-2.933338116,1366.51781,0.099886439
230.4815379,5.958823774,1373.398868,1,1,93.57567248,7,3,0,1365.783781,0,25.46629494,-0.001490122,4.330265331,1366.826145,0.099648648
230.5682497,5.923555313,1365.783781,1,1,93.56201464,7,3,0,1366.382725,0,-7.615086965,-0.035268461,0.086711787,1358.05897,0.048792235
232.7217539,5.871315002,1366.382725,1,1,93.54835082,7,3,0,1364.085491,0,0.598944121,-0.052240311,2.153504161,1359.607842,0.044834399
230.2388677,5.924653404,1364.085491,1,1,93.53470996,7,3,0,1379.856702,0,-2.297233406,0.053338402,-2.48288614,1363.516687,0.036187285
229.6909218,6.007449888,1379.856702,1,1,93.52091139,7,3,0,1368.962058,0,15.77121087,0.082796485,-0.547945976,1369.901513,0.050217163
230.7368763,5.933000742,1368.962058,1,1,93.50722177,7,3,0,1366.729083,0,-10.89464412,-0.074449146,1.045954499,1369.014151,0.048738181
231.2976503,5.908962246,1366.729083,1,1,93.49355448,7,3,0,1377.185755,0,-2.232975302,-0.024038497,0.560773992,1369.203212,0.049795395
229.9199034,5.989850095,1377.185755,1,1,93.47978263,7,3,0,1331.198475,0,10.45667239,0.08088785,-1.377746874,1371.363818,0.043201009
223.6373754,5.952486577,1331.198475,1,1,93.46647064,7,3,0,1366.55191,0,-45.98727995,-0.037363519,-6.282527954,1364.786415,0.040370688
229.384893,5.957462552,1366.55191,1,1,93.45280512,7,3,0,1348.875169,0,35.35343458,0.004975976,5.747517535,1362.125456,0.030039152
227.5920219,5.92672431,1348.875169,1,1,93.43931637,7,3,0,1388.132129,0,-17.67674084,-0.030738242,-1.792871045,1358.108078,0.030958139
229.0675883,6.059923795,1388.132129,1,1,93.42543505,7,3,0,1372.578191,0,39.25696,0.133199485,1.475566393,1362.388688,0.051359825
230.5709262,5.95295432,1372.578191,1,1,93.41170927,7,3,0,1348.172229,0,-15.55393812,-0.106969475,1.503337832,1361.467175,0.051753012
228.6304835,5.896729992,1348.172229,1,1,93.39822754,7,3,0,1349.293116,0,-24.40596207,-0.056224329,-1.940442675,1364.861926,0.061529485
231.1175825,5.838124047,1349.293116,1,1,93.40527146,8,3,0,1379.310667,1,1.120887359,-0.058605944,2.487099035,1361.410167,0.081924178
230.7416499,5.97772733,1379.310667,1,1,93.41586496,8,3,0,1352.966412,1,30.01755053,0.139603282,-0.375932606,1367.497266,0.083806695
226.9393019,5.961798599,1352.966412,1,1,93.42078306,8,3,0,1363.748098,1,-26.34425447,-0.015928731,-3.802347964,1360.464123,0.057578831
229.2488441,5.948767611,1363.748098,1,1,93.41721841,8,3,0,1371.647989,1,10.78168614,-0.013030988,2.309542133,1358.698105,0.057107674
229.4958084,5.976788851,1371.647989,1,1,93.44641318,8,3,0,1374.766233,1,7.899890446,0.02802124,0.246964313,1363.393257,0.058535191
229.343354,5.994358277,1374.766233,1,1,93.46091121,8,3,0,1359.095376,1,3.118243722,0.017569426,-0.152454352,1368.48788,0.017316018
227.9881575,5.961254267,1359.095376,1,1,93.46167728,8,3,0,1378.452409,1,-15.67085619,-0.033104011,-1.355196577,1364.444822,0.017493488
230.4636851,5.981213087,1378.452409,1,1,93.46729217,8,3,0,1379.468387,1,19.35703283,0.01995882,2.475527622,1369.542021,0.017760817
230.4371484,5.986310787,1379.468387,1,1,93.49256139,8,3,0,1344.701938,1,1.015977826,0.0050977,-0.026536682,1372.686079,0.012340691
228.4243825,5.886858148,1344.701938,1,1,93.52135625,8,3,0,1379.859528,1,-34.76644951,-0.099452639,-2.012765848,1367.296869,0.043743769
232.5961975,5.932425134,1379.859528,1,1,93.5232982,8,3,0,1351.665978,1,35.15759038,0.045566986,4.171814933,1368.315528,0.040970741
226.4592474,5.968694119,1351.665978,1,1,93.52822252,8,3,0,1368.592075,1,-28.1935497,0.036268985,-6.136950065,1366.829648,0.041629067
229.6706281,5.958933827,1368.592075,1,1,93.55759674,8,3,0,1318.198965,1,16.92609672,-0.009760292,3.21138069,1364.857581,0.038688583
224.582294,5.869558731,1318.198965,1,1,93.58259213,8,3,0,1380.7285,1,-50.39311047,-0.089375096,-5.088334125,1352.603697,0.043674352
230.128546,5.99981412,1380.7285,1,1,93.59711958,8,3,0,1359.005331,1,62.5295352,0.130255389,5.546252027,1359.809009,0.049004452
229.1260007,5.931257588,1359.005331,1,1,93.61189097,8,3,0,1260.448277,1,-21.72316919,-0.068556532,-1.002545269,1355.63817,0.049087336
228.6233696,5.513208379,1260.448277,0,1,93.61747379,8,2,0,1253.774916,1,-98.55705335,-0.418049209,-0.502631113,1337.394629,0.196609426
227.3739243,5.514154362,1253.774916,0,1,93.63667474,8,2,0,1265.649253,1,-6.673360736,0.000945983,-1.249445353,1314.431198,0.234538135
226.7547242,5.58157832,1265.649253,0,1,93.67139186,8,2,0,1264.902337,1,11.87433608,0.067423957,-0.619200072,1303.921255,0.237961015
229.3564362,5.515006937,1264.902337,0,1,93.69468959,8,2,0,1272.880097,1,-0.746915791,-0.066571383,2.601711996,1280.756023,0.181374954
228.2546014,5.576580227,1272.880097,0,1,93.70399267,8,2,0,1289.562753,1,7.977760304,0.06157329,-1.101834779,1263.530976,0.03562743
233.3911219,5.52532908,1289.562753,0,1,93.74017212,8,2,0,1298.909066,1,16.68265589,-0.051251147,5.136520494,1269.353871,0.033699988
235.5708782,5.513877928,1298.909066,0,1,93.7653241,8,2,0,1263.053594,1,9.346313118,-0.011451152,2.179756323,1278.380701,0.033758353
229.1405325,5.512135196,1263.053594,0,1,93.79066866,8,2,0,1298.983433,1,-35.8554722,-0.001742732,-6.430345782,1277.861569,0.02731941
232.4767657,5.587583898,1298.983433,0,1,93.82192,8,2,0,1249.117243,1,35.92983896,0.075448702,3.336233256,1284.677789,0.036153482
228.2977417,5.47143933,1249.117243,0,1,93.82689594,8,2,0,1258.263319,1,-49.86618998,-0.116144568,-4.179024025,1279.925218,0.041928414
227.3188208,5.535235997,1258.263319,0,1,93.8510561,8,2,0,1288.117034,1,9.146076609,0.063796667,-0.978920917,1273.665331,0.042352682
229.6770105,5.60838471,1288.117034,0,1,93.88792192,8,2,0,1250.489013,1,29.85371486,0.073148714,2.358189777,1271.506925,0.055670279
227.0527362,5.507482685,1250.489013,0,1,93.91931586,8,2,0,1275.258098,1,-37.62802105,-0.100902025,-2.624274349,1268.994009,0.056348965
229.155932,5.565023288,1275.258098,0,1,93.95642582,8,2,0,1290.479139,1,24.76908471,0.057540603,2.103195754,1264.248942,0.052565078
230.8590409,5.589900805,1290.479139,0,1,93.96064794,8,2,0,1288.711747,1,15.22104072,0.024877517,1.70310896,1272.521321,0.0406953
233.4685869,5.519850719,1288.711747,0,1,93.95781362,8,2,0,1279.685446,1,-1.76739156,-0.070050086,2.609545945,1278.611006,0.043625942
231.2451516,5.533890927,1279.685446,0,1,93.96819987,8,2,0,1248.704541,1,-9.026300964,0.014040208,-2.223435307,1276.924689,0.033781619
226.2427294,5.519313459,1248.704541,0,1,93.9946709,8,2,0,1274.48591,1,-30.98090478,-0.014577468,-5.002422166,1276.567794,0.030947275
229.2150308,5.560219611,1274.48591,0,1,94.02202567,8,2,0,1266.798141,1,25.78136828,0.040906152,2.972301449,1276.413357,0.030260326
228.2759148,5.549416558,1266.798141,0,1,94.05836166,8,2,0,1264.870162,1,-7.687768274,-0.010803053,-0.939116052,1271.677157,0.018088899
228.6453314,5.532018319,1264.870162,0,1,94.08474717,8,2,0,1304.109411,1,-1.927979281,-0.017398239,0.369416663,1266.90884,0.015977946
234.6390177,5.557939274,1304.109411,0,1,94.11907606,8,2,0,1265.585409,1,39.23924932,0.025920955,5.993686214,1271.793633,0.017603021
228.5795739,5.536738857,1265.585409,0,1,94.1275075,8,2,0,1253.365477,1,-38.5240026,-0.021200417,-6.059443753,1275.169807,0.012546436
228.9627552,5.474102006,1253.365477,0,1,94.15836938,8,2,0,1284.859426,1,-12.21993158,-0.062636851,0.383181246,1270.94572,0.032907705
233.1539801,5.510776293,1284.859426,0,1,94.1863856,8,2,0,1292.108295,1,31.49394906,0.036674287,4.191224991,1274.557977,0.031736909
231.120846,5.590617708,1292.108295,0,1,94.20145791,8,2,0,1295.981307,1,7.248868343,0.079841416,-2.033134093,1280.005604,0.044478251
231.4514792,5.599364978,1295.981307,0,1,94.21741528,8,2,0,1264.404177,1,3.873012098,0.00874727,0.330633134,1278.379983,0.053072233
229.3509881,5.512965902,1264.404177,0,1,94.24229268,8,2,0,1289.532621,1,-31.57712978,-0.086399077,-2.100491071,1278.143736,0.054736024
229.6803703,5.614465961,1289.532621,0,1,94.27305461,8,2,0,1306.858295,1,25.12844426,0.10150006,0.329382216,1285.377165,0.049824245
232.9680144,5.609603956,1306.858295,0,1,94.27758288,8,2,0,1255.673213,1,17.32567405,-0.004862006,3.287644088,1289.776939,0.041531931
227.6487519,5.515836141,1255.673213,0,1,94.30393545,8,2,0,1271.696209,1,-51.1850818,-0.093767814,-5.319262485,1282.489923,0.051462628
233.1932984,5.453399467,1271.696209,0,1,94.3104252,8,2,0,1276.82651,1,16.02299559,-0.062436675,5.54454646,1277.632903,0.069275556
229.6600409,5.559637216,1276.82651,0,1,94.33198656,8,2,0,1295.328651,1,5.130301384,0.106237749,-3.533257487,1280.11737,0.067635915
230.8347781,5.611496939,1295.328651,0,1,94.35742177,8,2,0,1280.370611,1,18.50214028,0.051859723,1.174737181,1281.276576,0.066944405
230.5814016,5.552792214,1280.370611,0,1,94.38955543,8,2,0,1257.773398,1,-14.95803948,-0.058704726,-0.253376513,1275.979039,0.058598776
226.4715095,5.553782024,1257.773398,0,1,94.40000655,8,2,0,1268.241827,1,-22.59721302,0.000989811,-4.109892114,1276.399076,0.057352267
229.5445646,5.52503532,1268.241827,0,1,94.41911946,8,2,0,1288.420992,1,10.46842886,-0.028746705,3.073055189,1275.7082,0.031478981
229.0304868,5.625543614,1288.420992,0,1,94.43884024,8,2,0,1271.728037,1,20.17916542,0.100508294,-0.514077835,1278.027096,0.042774048
229.5670149,5.539681026,1271.728037,0,1,94.43843808,8,2,0,1267.794725,1,-16.69295583,-0.085862588,0.536528089,1273.306973,0.038794219
230.0209216,5.511649617,1267.794725,0,1,94.47406761,8,2,0,1255.533528,1,-3.93331191,-0.028031409,0.453906739,1270.791796,0.04448351
226.7318366,5.537526386,1255.533528,0,1,94.49177819,8,2,0,1290.103449,1,-12.26119717,0.025876768,-3.289085055,1270.343822,0.044834633
231.1753133,5.580628097,1290.103449,0,1,94.51256102,8,2,0,1273.262898,1,34.56992119,0.043101712,4.443476705,1274.716146,0.044643657
228.7953313,5.565073776,1273.262898,0,1,94.52127219,8,2,0,1243.856195,1,-16.84055032,-0.015554321,-2.379981972,1271.684527,0.026694745
225.9725044,5.504458155,1243.856195,0,1,94.5218487,8,2,0,1256.218656,1,-29.40670364,-0.060615621,-2.82282689,1266.110159,0.032986111
224.4455288,5.596986773,1256.218656,0,1,94.52936635,9,2,0,1304.635132,1,12.36246097,0.092528618,-1.526975665,1263.794945,0.036613729
231.2256886,5.642258607,1304.635132,0,1,94.54237218,9,2,0,1238.549109,1,48.41647576,0.045271833,6.780159831,1273.615266,0.050179658
227.1319247,5.452994378,1238.549109,0,1,94.54960057,9,2,0,1263.737719,1,-66.08602292,-0.189264229,-4.093763853,1263.304398,0.074838262
229.1862112,5.514021601,1263.737719,0,1,94.57984987,9,2,0,1269.261736,1,25.18861045,0.061027223,2.054286431,1261.399362,0.07614035
226.7462218,5.597719449,1269.261736,0,1,94.59572703,9,2,0,1298.901856,1,5.524016849,0.083697848,-2.439989332,1266.48047,0.076023522
232.3350554,5.590640867,1298.901856,0,1,94.59962987,9,2,0,1250.630431,1,29.6401196,-0.007078581,5.588833536,1275.01711,0.075317985
230.5557469,5.424416644,1250.630431,0,1,94.6174091,9,2,0,1257.35769,1,-48.27142481,-0.166224223,-1.779308513,1264.21617,0.078438594
229.784487,5.471899807,1257.35769,0,1,94.62445708,9,2,0,1295.885109,1,6.727259309,0.047483163,-0.771259888,1267.977886,0.075026085
230.8766733,5.612888868,1295.885109,0,1,94.62507485,9,2,0,1273.544315,1,38.52741927,0.140989061,1.092186297,1274.407364,0.085447034
228.0632191,5.584172321,1273.544315,0,1,94.62241382,9,2,0,1292.12186,1,-22.34079406,-0.028716547,-2.813454206,1275.26388,0.083328484
231.8927653,5.572066287,1292.12186,0,1,94.65349528,9,2,0,1277.373488,1,18.57754475,-0.012106034,3.829546282,1273.907881,0.080700916
228.2903742,5.595389172,1277.373488,0,1,94.67558803,9,2,0,1268.56607,1,-14.74837201,0.023322885,-3.602391139,1279.256493,0.055398408
230.7839458,5.496769137,1268.56607,0,1,94.67606845,9,2,0,1266.908257,1,-8.807417556,-0.098620035,2.493571545,1281.498169,0.044795298
229.7473919,5.514353161,1266.908257,0,1,94.69979006,9,2,0,1283.062395,1,-1.657813812,0.017584024,-1.036553896,1275.702798,0.044120728
230.8120291,5.558906094,1283.062395,0,1,94.71213855,9,2,0,1276.562657,1,16.15413855,0.044552933,1.06463723,1277.606414,0.040924649
229.743497,5.556469166,1276.562657,0,1,94.71880678,9,2,0,1277.739362,1,-6.499737823,-0.002436928,-1.068532072,1274.494574,0.039139163
232.7181967,5.490500441,1277.739362,0,1,94.72040469,9,2,0,1277.75037,1,1.176704607,-0.065968725,2.974699723,1274.567748,0.032510312
230.4857385,5.543728556,1277.75037,0,1,94.73053296,9,2,0,1285.667179,1,0.011008254,0.053228115,-2.232458255,1276.404608,0.029541196
231.9837143,5.542057911,1285.667179,0,1,94.76180947,9,2,0,1260.639447,1,7.916808654,-0.001670645,1.497975794,1280.156393,0.027762895
228.6076488,5.514423744,1260.639447,0,1,94.79292964,9,2,0,1253.313056,1,-25.02773218,-0.027634167,-3.376065448,1275.671803,0.026625774
227.5418528,5.508055072,1253.313056,0,1,94.79234486,9,2,0,1272.748404,1,-7.326390391,-0.006368672,-1.065796042,1271.021883,0.022876249
230.7425404,5.515881042,1272.748404,0,1,94.81982258,9,2,0,1300.484153,1,19.43534784,0.00782597,3.200687595,1270.023691,0.01676103
231.0848418,5.62773457,1300.484153,0,1,94.82349219,9,2,0,1256.827533,1,27.73574885,0.111853528,0.342301426,1274.570448,0.049861421
227.9070966,5.514648519,1256.827533,0,1,94.85443748,9,2,0,1261.915533,1,-43.65661998,-0.113086051,-3.177745179,1268.802519,0.051288968
226.9986086,5.559133338,1261.915533,0,1,94.87327835,9,2,0,1301.482555,1,5.088,0.044484819,-0.908488005,1269.057736,0.050444953
233.7638638,5.567509594,1301.482555,0,1,94.90933719,9,2,0,1276.50101,1,39.56702156,0.008376256,6.765255184,1278.691636,0.046375632
231.0395399,5.525032687,1276.50101,0,1,94.9447003,9,2,0,1260.801668,1,-24.9815448,-0.042476908,-2.724323924,1279.442157,0.044490244
229.2898197,5.498725017,1260.801668,0,1,94.96068682,9,2,0,1275.097763,1,-15.69934212,-0.02630767,-1.7497202,1271.50566,0.029363636
226.5376471,5.628635151,1275.097763,0,1,94.99770389,9,2,0,1246.081693,1,14.29609566,0.129910134,-2.752172634,1275.159706,0.049135949
227.2604496,5.483055654,1246.081693,0,1,95.02078743,9,2,0,1321.882278,1,-29.01606998,-0.145579497,0.722802571,1271.992938,0.058697361
231.603336,5.707526932,1321.882278,0,1,95.03822536,9,2,0,1277.634735,1,75.80058443,0.224471278,4.342886365,1276.072882,0.096181301
229.4628213,5.56793788,1277.634735,0,1,95.04633237,9,2,0,1299.3471,1,-44.24754297,-0.139589052,-2.140514707,1276.299627,0.093190596
231.3388038,5.616641388,1299.3471,0,1,95.05678311,9,2,0,1282.330093,1,21.71236541,0.048703508,1.875982539,1284.008714,0.08270433
232.1564162,5.523560856,1282.330093,0,1,95.0936763,9,2,0,1281.182279,1,-17.01700729,-0.093080532,0.81761237,1285.45518,0.087083956
231.2071194,5.541275211,1281.182279,0,1,95.11522908,9,2,0,1243.356603,1,-1.147813653,0.017714355,-0.949296814,1292.475297,0.073803297
226.6530202,5.485727049,1243.356603,0,1,95.13392373,9,2,0,1271.284336,1,-37.82567576,-0.055548162,-4.554099194,1276.770162,0.049053173
229.8101997,5.531888216,1271.284336,0,1,95.166512,9,2,0,1270.940145,1,27.92773208,0.046161167,3.1571795,1275.500082,0.047846012
231.2602405,5.495714016,1270.940145,0,1,95.19587657,9,2,0,1257.380914,1,-0.344190431,-0.0361742,1.450040829,1269.818691,0.023852347
227.8706679,5.517958612,1257.380914,0,1,95.23322871,9,2,0,1319.544395,1,-13.55923069,0.022244596,-3.38957261,1264.828856,0.023516054
234.7304337,5.621530939,1319.544395,0,1,95.25113231,9,2,0,1294.59546,1,62.16348096,0.103572327,6.859765789,1272.501279,0.053991914
232.1165736,5.577350379,1294.59546,0,1,95.26483181,9,2,0,1257.372163,1,-24.94893566,-0.04418056,-2.613860092,1282.74905,0.050398899
228.2965172,5.507627442,1257.372163,0,1,95.283961,9,2,0,1269.392517,1,-37.2232967,-0.069722937,-3.820056409,1279.966616,0.053516214
227.9899936,5.567755397,1269.392517,0,1,95.30971335,9,2,0,1274.371911,1,12.02035401,0.060127955,-0.30652363,1279.65709,0.046490602
226.7911559,5.619142889,1274.371911,0,1,95.34112837,9,2,0,1260.1541,1,4.979393757,0.051387492,-1.198837691,1283.055289,0.046483947
228.1935888,5.522302826,1260.1541,0,1,95.33967262,9,2,0,1283.576194,1,-14.21781064,-0.096840063,1.402432885,1271.17723,0.044766751
233.1144038,5.506207135,1283.576194,0,1,95.3392341,9,2,0,1269.123597,1,23.42209371,-0.016095691,4.920815097,1268.973377,0.048556566
229.9658278,5.51874863,1269.123597,0,1,95.36168841,9,2,0,1305.045408,1,-14.45259683,0.012541495,-3.148576073,1271.323664,0.046656695
232.1531264,5.621485389,1305.045408,0,1,95.36776096,9,2,0,1273.138141,1,35.92181129,0.102736759,2.187298654,1278.454242,0.057587788
229.6545134,5.543710515,1273.138141,0,1,95.39212797,9,2,0,1226.488235,1,-31.90726725,-0.077774874,-2.498612988,1278.207488,0.046177327
226.1213091,5.424027658,1226.488235,0,1,95.4185529,9,2,0,1274.4629,1,-46.64990643,-0.119682858,-3.533204327,1271.474315,0.071105136
225.6932403,5.64688113,1274.4629,0,1,95.43618526,9,2,0,1255.632227,1,47.97466548,0.222853472,-0.428068766,1269.651656,0.088567263
225.6663349,5.56410963,1255.632227,0,1,95.46916956,9,2,0,1267.444572,1,-18.83067286,-0.082771501,-0.026905415,1266.953382,0.086746021
228.6915967,5.542156295,1267.444572,0,1,95.47506106,9,2,0,1298.434332,1,11.81234523,-0.021953335,3.025261813,1259.433215,0.079664317
233.854893,5.552307736,1298.434332,0,1,95.50190145,9,2,0,1262.70711,1,30.98975917,0.010151441,5.163296275,1264.492453,0.079744469
227.6197507,5.547440879,1262.70711,0,1,95.50627465,9,2,0,1272.23082,1,-35.7272218,-0.004866857,-6.235142339,1271.736228,0.043419263
228.2490755,5.573870639,1272.23082,0,1,95.53356414,9,2,0,1268.764119,1,9.52371047,0.02642976,0.629324818,1271.289812,0.012880826
231.2047791,5.487620646,1268.764119,0,1,95.53959638,9,2,0,1271.516598,1,-3.466700945,-0.086249993,2.955703631,1273.916191,0.032015648
230.5084495,5.516138784,1271.516598,0,1,95.55137991,9,2,0,1257.205199,1,2.752478705,0.028518138,-0.696329664,1274.730596,0.033781196
225.5293713,5.574463281,1257.205199,0,1,95.55047269,9,2,0,1287.758824,1,-14.31139912,0.058324497,-4.979078178,1266.484769,0.037759819
230.829893,5.578821736,1287.758824,0,1,95.55220045,9,2,0,1286.246196,1,30.55362548,0.004358455,5.300521724,1271.495112,0.041724906
230.3916367,5.582868434,1286.246196,0,1,95.57492419,10,2,0,1295.118038,1,-1.51262861,0.004046699,-0.438256361,1274.298187,0.043378838
229.383456,5.646083029,1295.118038,0,1,95.58570462,10,2,0,1274.616894,1,8.871842165,0.063214595,-1.008180672,1279.568971,0.046056935
226.6257786,5.624324391,1274.616894,0,1,95.60545749,10,2,0,1255.961213,1,-20.50114388,-0.021758639,-2.757677379,1280.18903,0.032018924
226.7862186,5.538084371,1255.961213,0,1,95.604877,10,2,0,1301.260386,1,-18.6556813,-0.08624002,0.160440005,1279.940233,0.042169459
231.0128029,5.632849651,1301.260386,0,1,95.62269513,10,2,0,1275.910909,1,45.29917357,0.09476528,4.226584339,1282.640545,0.044170785
226.843146,5.624639454,1275.910909,0,1,95.65103298,10,2,0,1305.033464,1,-25.34947771,-0.008210197,-4.169656968,1280.573488,0.042907963
231.9133775,5.627245299,1305.033464,0,1,95.66568366,10,2,0,1266.967997,1,29.12255493,0.002605846,5.07023156,1282.556573,0.040028846
228.6094998,5.54206189,1266.967997,0,1,95.68089953,10,2,0,1296.260302,1,-38.06546708,-0.08518341,-3.303877719,1281.026794,0.048405074
233.7179224,5.546259734,1296.260302,0,1,95.67853037,10,2,0,1266.372058,1,29.29230533,0.004197844,5.108422553,1289.086611,0.046174002
229.5660633,5.516373106,1266.372058,0,1,95.68579727,10,2,0,1276.945098,1,-29.88824407,-0.029886627,-4.151859058,1282.108946,0.051170837
229.0053026,5.576050351,1276.945098,0,1,95.70075587,10,2,0,1256.730747,1,10.57304026,0.059677245,-0.560760701,1282.315784,0.042369362
228.9420363,5.489296622,1256.730747,0,1,95.73043088,10,2,0,1264.227684,1,-20.2143514,-0.086753729,-0.063266275,1272.65524,0.032759068
227.1103548,5.566578788,1264.227684,0,1,95.73774664,10,2,0,1290.172673,1,7.496937059,0.077282166,-1.831681506,1272.107178,0.03594574
230.5622723,5.595766647,1290.172673,0,1,95.74854186,10,2,0,1269.611124,1,25.94498965,0.02918786,3.451917443,1270.889652,0.044318979
230.7329633,5.502512973,1269.611124,0,1,95.74884346,10,2,0,1283.349603,1,-20.56154922,-0.093253674,0.170691075,1271.537465,0.04719538
232.2119278,5.526630844,1283.349603,0,1,95.78184487,10,2,0,1319.230211,1,13.73847839,0.024117871,1.478964435,1272.818366,0.044433542
234.1900225,5.63316147,1319.230211,0,1,95.79258125,10,2,0,1299.650966,1,35.88060896,0.106530626,1.978094712,1285.318259,0.052373327
232.0251628,5.601336296,1299.650966,0,1,95.80349754,10,2,0,1283.783346,1,-19.57924552,-0.031825175,-2.164859682,1292.402915,0.054892928
231.1583769,5.553695967,1283.783346,0,1,95.82247576,10,2,0,1230.192842,1,-15.86762042,-0.047640329,-0.866785906,1291.12505,0.05352376
225.0406786,5.466535427,1230.192842,0,1,95.82904465,10,2,0,1292.223075,1,-53.59050322,-0.08716054,-6.117698258,1283.241394,0.064962812
233.7009075,5.529388347,1292.223075,0,1,95.85885532,10,2,0,1286.160793,1,62.03023228,0.06285292,8.660228846,1285.016088,0.064659261
230.3839945,5.582682929,1286.160793,0,1,95.86356138,10,2,0,1257.13254,1,-6.062281542,0.053294582,-3.316913036,1278.402204,0.052571113
226.5118624,5.549963371,1257.13254,0,1,95.86463706,10,2,0,1266.505722,1,-29.02825345,-0.032719558,-3.87213202,1269.898519,0.043460996
230.4021654,5.496934978,1266.505722,0,1,95.87741708,10,2,0,1263.63282,1,9.373182151,-0.053028393,3.89030292,1266.442994,0.045209094
227.5246234,5.553828863,1263.63282,0,1,95.90152566,10,2,0,1261.809758,1,-2.872901326,0.056893885,-2.877541967,1273.13099,0.03180716
229.9923485,5.486311898,1261.809758,0,1,95.90446729,10,2,0,1271.022598,1,-1.82306231,-0.067516965,2.467725139,1267.048327,0.040822776
229.2424525,5.544446868,1271.022598,0,1,95.90388002,10,2,0,1267.898364,1,9.212839952,0.058134971,-0.749895989,1264.020688,0.032048616
228.4616489,5.549720799,1267.898364,0,1,95.93291677,10,2,0,1270.274087,1,-3.124233565,0.005273931,-0.780803675,1266.173853,0.032003987
227.9152294,5.573449788,1270.274087,0,1,95.96446079,10,2,0,1263.798973,1,2.375722392,0.023728989,-0.546419498,1266.927526,0.032767242
227.1816579,5.56294458,1263.798973,0,1,95.96353701,10,2,0,1264.572724,1,-6.475114082,-0.010505208,-0.73357143,1266.960756,0.033856599
230.7021626,5.481408192,1264.572724,0,1,95.97142154,10,2,0,1288.241557,1,0.773751125,-0.081536389,3.520504668,1267.513349,0.035930326
230.0323579,5.600262365,1288.241557,0,1,95.981658,10,2,0,1283.342666,1,23.66883294,0.118854174,-0.669804684,1270.957141,0.044399909
231.0595425,5.554164318,1283.342666,0,1,96.00491747,10,2,0,1283.112366,1,-4.898890758,-0.046098047,1.02718455,1274.046001,0.044348365
230.5060675,5.566501482,1283.112366,0,1,96.00806914,10,2,0,1288.332929,1,-0.2302998,0.012337164,-0.553474978,1276.613657,0.043708245
231.0990328,5.574808831,1288.332929,0,1,96.04271671,10,2,0,1294.64709,1,5.220562454,0.008307349,0.592965296,1281.520448,0.044690289
231.0273355,5.603869718,1294.64709,0,1,96.04653437,10,2,0,1253.70072,1,6.314160818,0.029060887,-0.07169726,1287.535322,0.021546094
226.535808,5.534227596,1253.70072,0,1,96.08291192,10,2,0,1258.727002,1,-40.9463695,-0.069642122,-4.491527538,1280.627154,0.025782648
225.9392838,5.571085208,1258.727002,0,1,96.10792462,10,2,0,1276.412368,1,5.026281641,0.036857612,-0.596524211,1275.704021,0.024815903
228.3714697,5.58919365,1276.412368,0,1,96.11626112,10,2,0,1235.254317,1,17.68536651,0.018108443,2.432185895,1274.364022,0.026038493
224.5037852,5.502153632,1235.254317,0,1,96.14850791,10,2,0,1261.291531,1,-41.15805147,-0.087040019,-3.867684525,1263.748299,0.041563404
228.210497,5.526877806,1261.291531,0,1,96.16016614,10,2,0,1266.502456,1,26.03721391,0.024724174,3.706711808,1257.077187,0.035047679
228.7109303,5.537568553,1266.502456,0,1,96.18060717,10,2,0,1259.86106,1,5.210924858,0.010690748,0.500433363,1259.637535,0.034829091
227.8247748,5.52995635,1259.86106,0,1,96.18126981,10,2,0,1252.563168,1,-6.641395341,-0.007612204,-0.886155488,1259.864346,0.031979404
229.8361209,5.449809905,1252.563168,0,1,96.19986345,10,2,0,1276.370797,1,-7.297891953,-0.080146445,2.011346076,1255.094506,0.035794251
231.2062654,5.520485332,1276.370797,0,1,96.23248568,10,2,0,1317.4524,1,23.80762845,0.070675427,1.370144465,1263.317802,0.03582152
235.5046602,5.594167006,1317.4524,0,1,96.25932425,10,2,0,1267.878251,1,41.0816029,0.073681673,4.298394798,1274.549976,0.05155283
231.1035156,5.486191968,1267.878251,0,1,96.29047782,10,2,0,1290.560778,1,-49.57414833,-0.107975038,-4.401144529,1274.825135,0.053839
231.9005317,5.565147988,1290.560778,0,1,96.29774895,10,2,0,1270.661059,1,22.68252623,0.07895602,0.797016074,1280.965079,0.058221585
229.5712528,5.534931065,1270.661059,0,1,96.32920769,10,2,0,1282.365999,1,-19.89971865,-0.030216923,-2.329278912,1284.584657,0.041437109
229.1188166,5.596947551,1282.365999,0,1,96.32977786,10,2,0,1271.77946,1,11.70494035,0.062016486,-0.452436243,1285.783697,0.046186584
227.5250136,5.589624806,1271.77946,0,1,96.3368176,10,2,0,1292.306839,1,-10.58653917,-0.007322745,-1.593802962,1276.649109,0.045270943
231.6647252,5.57834965,1292.306839,0,1,96.3591702,10,2,0,1271.671377,1,20.52737862,-0.011275156,4.139711567,1281.534827,0.024440673
228.7800957,5.558487826,1271.671377,0,1,96.35985605,10,2,0,1262.812596,1,-20.63546189,-0.019861824,-2.884629481,1277.756947,0.0251469
229.181373,5.510101364,1262.812596,0,1,96.3755158,10,2,0,1267.056657,1,-8.858780676,-0.048386462,0.401277342,1276.187254,0.034810274
226.4697437,5.594816494,1267.056657,0,1,96.37982146,10,2,0,1284.44362,1,4.244061304,0.08471513,-2.711629319,1273.125386,0.034357477
229.7977005,5.589453754,1284.44362,0,1,96.39677423,10,2,0,1273.705593,1,17.38696241,-0.00536274,3.327956805,1275.658218,0.034328489
229.2415897,5.556171522,1273.705593,0,1,96.39905652,10,2,0,1273.081442,1,-10.73802724,-0.033282232,-0.556110771,1271.937969,0.033801694
228.2110986,5.57852554,1273.081442,0,1,96.40267566,10,2,0,1249.990803,1,-0.624150252,0.022354018,-1.0304911,1272.219982,0.034490727
228.9253194,5.460255801,1249.990803,0,1,96.43031766,10,2,0,1267.873225,1,-23.09063928,-0.118269739,0.714220709,1269.655623,0.055452985
230.6473198,5.49702128,1267.873225,0,1,96.43899531,10,2,0,1304.439637,1,17.88242185,0.036765478,1.722000421,1269.818937,0.055517412
232.4690473,5.611240088,1304.439637,0,1,96.43839742,11,2,0,1282.438806,1,36.56641222,0.114218808,1.82172749,1273.81814,0.061288512
231.422479,5.54154813,1282.438806,0,1,96.45581333,11,2,0,1250.839722,1,-22.00083148,-0.069691958,-1.046568281,1275.564783,0.060708397
227.3095009,5.502804403,1250.839722,0,1,96.47699867,11,2,0,1286.521114,1,-31.59908357,-0.038743727,-4.112978125,1271.116439,0.057334608
231.4977317,5.55738108,1286.521114,0,1,96.47850717,11,2,0,1297.957717,1,35.68139223,0.054576678,4.188230849,1278.422501,0.046342075
231.4374019,5.608245278,1297.957717,0,1,96.48171854,11,2,0,1275.099544,1,11.43660239,0.050864198,-0.060329768,1284.439399,0.046048266
229.6468843,5.552435635,1275.099544,0,1,96.50063098,11,2,0,1260.90349,1,-22.85817302,-0.055809644,-1.790517664,1278.57138,0.037818513
225.2960756,5.596650925,1260.90349,0,1,96.51564158,11,2,0,1269.845288,1,-14.19605396,0.04421529,-4.350808705,1274.264317,0.041668155
230.3272065,5.513223153,1269.845288,0,1,96.55265902,11,2,0,1294.942307,1,8.941798076,-0.083427772,5.031130943,1278.06543,0.037970265
229.9276541,5.631955459,1294.942307,0,1,96.56564417,11,2,0,1257.171912,1,25.09701888,0.118732306,-0.399552429,1279.749669,0.047413342
229.3595564,5.481227519,1257.171912,0,1,96.59036536,11,2,0,1289.687779,1,-37.77039427,-0.15072794,-0.568097666,1271.592508,0.060932655
229.9258722,5.609145967,1289.687779,0,1,96.62647706,11,2,0,1264.789636,1,32.51586641,0.127918448,0.566315793,1274.510155,0.065425482
227.5624353,5.557989542,1264.789636,0,1,96.62856836,11,2,0,1268.595158,1,-24.89814323,-0.051156425,-2.363436921,1275.287384,0.063209555
229.1689286,5.535633323,1268.595158,0,1,96.66519034,11,2,0,1247.491339,1,3.805522178,-0.02235622,1.606493317,1275.037358,0.059885104
226.3319758,5.511776826,1247.491339,0,1,96.66951964,11,2,0,1288.983604,1,-21.10381852,-0.023856497,-2.836952811,1265.547165,0.048402053
230.7370882,5.586373712,1288.983604,0,1,96.69379625,11,2,0,1269.552703,1,41.49226496,0.074596886,4.405112436,1271.909503,0.038839352
229.0376297,5.542987431,1269.552703,0,1,96.7016691,11,2,0,1276.161196,1,-19.43090162,-0.043386281,-1.699458559,1267.882488,0.027645171
228.3425874,5.58880063,1276.161196,0,1,96.70537286,11,2,0,1280.45375,1,6.608493726,0.045813198,-0.695042264,1270.1568,0.033528448
230.0603761,5.565729188,1280.45375,0,1,96.72551382,11,2,0,1287.87103,1,4.292554147,-0.023071442,1.717788722,1272.528519,0.032283978
229.8248485,5.603706643,1287.87103,0,1,96.75126929,11,2,0,1266.267057,1,7.417279704,0.037977455,-0.235527634,1280.604457,0.023573834
228.1643555,5.549802266,1266.267057,0,1,96.75218574,11,2,0,1250.602589,1,-21.60397306,-0.053904377,-1.660492995,1276.061147,0.025716036
225.7741469,5.539175347,1250.602589,0,1,96.78812727,11,2,0,1266.881586,1,-15.66446855,-0.010626919,-2.390208589,1272.271125,0.026760029
229.808602,5.512768342,1266.881586,0,1,96.82476119,11,2,0,1294.323248,1,16.27899704,-0.026407005,4.034455044,1270.415202,0.033710109
229.2019823,5.647085748,1294.323248,0,1,96.84253701,11,2,0,1267.130809,1,27.44166237,0.134317406,-0.606619623,1273.189102,0.054107837
227.1785019,5.577688025,1267.130809,0,1,96.85256446,11,2,0,1289.15653,1,-27.19243866,-0.069397724,-2.023480473,1269.041058,0.051294795
231.2994322,5.573539537,1289.15653,0,1,96.85369018,11,2,0,1315.965581,1,22.02572112,-0.004148487,4.120930359,1273.618952,0.050595097
232.1772593,5.667934857,1315.965581,0,1,96.8841973,11,2,0,1255.177344,1,26.80905072,0.09439532,0.877827094,1286.691551,0.062352814
228.8064226,5.485760976,1255.177344,0,1,96.88565656,11,2,0,1274.354895,1,-60.78823715,-0.182173881,-3.370836738,1284.350703,0.071798543
228.577248,5.57516072,1274.354895,0,1,96.89159499,11,2,0,1258.188749,1,19.17755056,0.089399744,-0.229174583,1280.357032,0.064429624
226.6807201,5.550488582,1258.188749,0,1,96.92419496,11,2,0,1282.258474,1,-16.16614572,-0.024672138,-1.896527861,1278.56862,0.06539427
227.9920054,5.624137879,1282.258474,0,1,96.95592951,11,2,0,1243.704342,1,24.06972506,0.073649297,1.311285298,1277.189008,0.069738084
226.1298272,5.499957069,1243.704342,0,1,96.98517984,11,2,0,1284.93049,1,-38.55413231,-0.12418081,-1.862178257,1262.736761,0.056388503
229.5313461,5.598061056,1284.93049,0,1,97.00724765,11,2,0,1260.478437,1,41.22614799,0.098103986,3.40151891,1268.68739,0.047515024
228.9498214,5.505479016,1260.478437,0,1,97.01379017,11,2,0,1282.778344,1,-24.45205216,-0.09258204,-0.581524672,1265.912098,0.055078931
231.9185898,5.531157919,1282.778344,0,1,97.03610704,11,2,0,1251.802253,1,22.29990697,0.025678904,2.968768337,1270.830017,0.056196672
226.4014838,5.529125655,1251.802253,0,1,97.06470153,11,2,0,1258.902472,1,-30.97609177,-0.002032264,-5.517105927,1264.738773,0.039052168
228.2440347,5.515598573,1258.902472,0,1,97.1003485,11,2,0,1308.245089,1,7.10021944,-0.013527083,1.842550878,1267.778399,0.036297241
230.9728211,5.664065074,1308.245089,0,1,97.13689135,11,2,0,1260.954765,1,49.34261676,0.148466501,2.728786376,1272.441319,0.065121033
230.2177753,5.477225916,1260.954765,0,1,97.14611478,11,2,0,1262.641409,1,-47.29032384,-0.186839158,-0.755045804,1272.536585,0.070826563
226.4822681,5.575012205,1262.641409,0,1,97.18057479,11,2,0,1266.03824,1,1.686643987,0.097786289,-3.735507144,1268.509197,0.071636922
225.6940638,5.609532741,1266.03824,0,1,97.202886,11,2,0,1262.457079,1,3.396831261,0.034520536,-0.788204342,1271.356395,0.074141875
228.6311109,5.521807919,1262.457079,0,1,97.22209657,11,2,0,1272.068337,1,-3.581161538,-0.087724822,2.937047125,1272.067316,0.073083163
229.5746695,5.540978627,1272.068337,0,1,97.25342456,11,2,0,1261.581069,1,9.611258092,0.019170708,0.943558551,1264.831966,0.050528553
230.5114948,5.47296381,1261.581069,0,1,97.27263206,11,2,0,1262.104277,1,-10.48726811,-0.068014817,0.936825294,1264.957227,0.051971235
226.2539553,5.578263929,1262.104277,0,1,97.30568191,11,2,0,1297.706588,1,0.523208792,0.105300119,-4.257539488,1264.8498,0.052473322
231.908072,5.59578016,1297.706588,0,1,97.33694438,11,2,0,1302.594517,1,35.60231102,0.017516231,5.654116769,1271.18347,0.048430694
231.2835426,5.632024236,1302.594517,0,1,97.35188187,11,2,0,1275.716021,1,4.887928647,0.036244076,-0.624529468,1279.210958,0.060535746
233.0592142,5.473784958,1275.716021,0,1,97.36049959,11,2,0,1299.406172,1,-26.87849609,-0.158239278,1.775671648,1279.940495,0.073082775
233.717521,5.559729396,1299.406172,0,1,97.37109181,11,2,0,1254.959676,1,23.69015093,0.085944438,0.658306813,1287.505515,0.058993709
227.920964,5.506117796,1254.959676,0,1,97.38245724,11,2,0,1258.962838,1,-44.44649579,-0.0536116,-5.796556986,1286.076595,0.064405034
227.0165878,5.545686553,1258.962838,0,1,97.41852587,11,2,0,1285.859125,1,4.003161869,0.039568757,-0.904376268,1278.327845,0.059921461
230.6895691,5.573980349,1285.859125,0,1,97.45450943,11,2,0,1274.569655,1,26.89628695,0.028293796,3.672981342,1274.980766,0.041162398
227.4247478,5.604357779,1274.569655,0,1,97.47151606,11,2,0,1269.662462,1,-11.28947033,0.03037743,-3.264821282,1274.751493,0.036231157
228.8046932,5.54911022,1269.662462,0,1,97.48419895,11,2,0,1271.016088,1,-4.907193144,-0.055247559,1.379945367,1268.802751,0.036413344
227.5376992,5.585958248,1271.016088,0,1,97.4955927,11,2,0,1277.871272,1,1.35362612,0.036848027,-1.266993971,1272.014033,0.024809048
232.1532842,5.504429009,1277.871272,0,1,97.52772017,11,2,0,1263.570794,1,6.855184688,-0.081529239,4.615585015,1275.79572,0.03866521
228.7123097,5.524717037,1263.570794,0,1,97.56155993,11,2,0,1275.204926,1,-14.30047807,0.020288028,-3.440974503,1271.338054,0.041519612
229.6228695,5.553475263,1275.204926,0,1,97.59701032,11,2,0,1301.691783,1,11.63413128,0.028758226,0.910559731,1271.465108,0.03087482
233.1802074,5.582342504,1301.691783,0,1,97.60673634,11,2,0,1287.066321,1,26.48685722,0.028867241,3.557337893,1277.870973,0.035591024
230.6421566,5.580360242,1287.066321,0,1,97.6372487,11,2,0,1264.292576,1,-14.6254617,-0.001982262,-2.538050738,1281.081019,0.034247007
228.8220933,5.525220743,1264.292576,0,1,97.67294645,11,2,0,1278.157584,1,-22.77374472,-0.0551395,-1.820063314,1278.36528,0.028200866
228.9949642,5.581596908,1278.157584,0,1,97.6814528,12,2,0,1295.281145,1,13.86500747,0.056376165,0.172870839,1281.282638,0.02513246
231.1936147,5.602581829,1295.281145,0,1,97.67949555,12,2,0,1261.93225,1,17.12356107,0.020984921,2.198650576,1285.297882,0.028996621
226.1731079,5.579497323,1261.93225,0,1,97.7041108,12,2,0,1279.120321,1,-33.34889499,-0.023084506,-5.020506865,1277.345975,0.028829728
232.8677941,5.492903497,1279.120321,0,1,97.73603427,12,2,0,1286.8749,1,17.18807062,-0.086593827,6.694686246,1275.756775,0.045566095
230.3554747,5.586474129,1286.8749,0,1,97.77014652,12,2,0,1285.764386,1,7.754579168,0.093570632,-2.512319432,1280.27324,0.043277825
232.4248085,5.531958461,1285.764386,0,1,97.79296145,12,2,0,1261.962766,1,-1.110513835,-0.054515668,2.069333801,1281.7946,0.04520463
227.5420537,5.546063885,1261.962766,0,1,97.82051274,12,2,0,1288.890091,1,-23.80161958,0.014105424,-4.882754792,1275.130924,0.037970774
232.1645013,5.551624315,1288.890091,0,1,97.83891137,12,2,0,1252.752108,1,26.92732436,0.00556043,4.62244762,1280.522493,0.033905012
229.4493272,5.459820359,1252.752108,0,1,97.86856252,12,2,0,1266.704946,1,-36.13798229,-0.091803956,-2.71517407,1275.24885,0.046662125
226.0987091,5.602442184,1266.704946,0,1,97.8957081,12,2,0,1282.385764,1,13.95283756,0.142621825,-3.350618099,1271.214859,0.051359689
231.6149901,5.536713162,1282.385764,0,1,97.89568619,12,2,0,1262.21291,1,15.68081831,-0.065729022,5.516280961,1270.539135,0.051254936
229.6114267,5.497169407,1262.21291,0,1,97.92823052,12,2,0,1251.124083,1,-20.17285402,-0.039543755,-2.00356345,1270.589164,0.05422772
227.4767069,5.500009648,1251.124083,0,1,97.94100966,12,2,0,1278.125308,1,-11.08882743,0.002840241,-2.134719743,1263.035962,0.053887674
227.8677257,5.609066855,1278.125308,0,1,97.95308308,12,2,0,1255.829586,1,27.00122485,0.109057207,0.391018805,1268.110602,0.05408672
227.5750011,5.518310797,1255.829586,0,1,97.96248304,12,2,0,1275.678936,1,-22.29572184,-0.090756058,-0.292724606,1265.93553,0.045785201
229.9979581,5.546479397,1275.678936,0,1,97.99662807,12,2,0,1258.03773,1,19.84935037,0.0281686,2.422957019,1264.594164,0.04622916
228.079491,5.515786292,1258.03773,0,1,98.00655302,12,2,0,1259.273354,1,-17.64120613,-0.030693105,-1.918467107,1263.759128,0.043147289
227.4838941,5.535659388,1259.273354,0,1,98.04265922,12,2,0,1303.290635,1,1.235623985,0.019873096,-0.595596908,1265.388983,0.037946454
229.0718721,5.689439839,1303.290635,0,1,98.04136085,12,2,0,1287.859196,1,44.017281,0.153780451,1.587977971,1270.422048,0.072829154
229.6205633,5.60864052,1287.859196,0,1,98.05154325,12,2,0,1277.709317,1,-15.43143938,-0.080799319,0.548691221,1276.82797,0.070723559
229.0189405,5.579055225,1277.709317,0,1,98.06219883,12,2,0,1255.758424,1,-10.14987884,-0.029585295,-0.601622777,1277.234046,0.068418497
228.2862737,5.500805652,1255.758424,0,1,98.0782306,12,2,0,1281.986248,1,-21.95089238,-0.078249573,-0.732666861,1276.778185,0.072455313
230.4869441,5.562077511,1281.986248,0,1,98.11532711,12,2,0,1282.307718,1,26.22782378,0.061271859,2.200670395,1281.320764,0.069048734
233.5687311,5.490065868,1282.307718,0,1,98.14233322,12,2,0,1279.374355,1,0.321470011,-0.072011643,3.081786991,1277.124181,0.051047681
229.0209013,5.586277706,1279.374355,0,1,98.15992754,12,2,0,1252.959503,1,-2.93336281,0.096211838,-4.547829717,1275.427213,0.045047535
228.5685956,5.481765768,1252.959503,0,1,98.19360202,12,2,0,1277.658636,1,-26.4148522,-0.104511938,-0.452305718,1270.47725,0.046908011
231.5546445,5.517741349,1277.658636,0,1,98.2079999,12,2,0,1259.97106,1,24.69913312,0.035975581,2.98604884,1274.857292,0.045383234
229.2054163,5.497126029,1259.97106,0,1,98.21293738,12,2,0,1261.268274,1,-17.68757609,-0.02061532,-2.349228123,1270.454255,0.042228283
227.0044348,5.556139355,1261.268274,0,1,98.21170922,12,2,0,1263.077277,1,1.297213913,0.059013326,-2.200981509,1266.246366,0.042965044
229.999688,5.491647783,1263.077277,0,1,98.21225998,12,2,0,1273.296818,1,1.809002791,-0.064491572,2.995253217,1262.98695,0.029505325
227.1202208,5.606267964,1273.296818,0,1,98.22862323,12,2,0,1306.20688,1,10.2195409,0.114620182,-2.87946727,1267.054413,0.047776357
231.385564,5.645152868,1306.20688,0,1,98.26321834,12,2,0,1279.794296,1,32.91006262,0.038884904,4.265343255,1272.764062,0.067136268
233.0302654,5.491966007,1279.794296,0,1,98.29726092,12,2,0,1275.958689,1,-26.41258434,-0.153186861,1.64470136,1276.728709,0.068358815
229.3355606,5.56371932,1275.958689,0,1,98.31724019,12,2,0,1261.527604,1,-3.835606864,0.071753313,-3.694704779,1279.666792,0.068384772
226.3826857,5.572544563,1261.527604,0,1,98.33652223,12,2,0,1244.876488,1,-14.43108491,0.008825243,-2.952874914,1279.356858,0.056839053
226.5328056,5.495347505,1244.876488,0,1,98.34576059,12,2,0,1299.706002,1,-16.65111616,-0.077197058,0.150119932,1273.672792,0.063315125
231.2199981,5.621079548,1299.706002,0,1,98.35899443,12,2,0,1280.675035,1,54.8295141,0.125732043,4.687192447,1272.372616,0.054995248
231.2506303,5.538039111,1280.675035,0,1,98.37808111,12,2,0,1258.592288,1,-19.03096707,-0.083040437,0.030632254,1272.548764,0.046224858
229.5555688,5.482734725,1258.592288,0,1,98.40716036,12,2,0,1297.246308,1,-22.08274704,-0.055304386,-1.695061548,1269.075484,0.056769378
233.917175,5.545750575,1297.246308,0,1,98.41454505,12,2,0,1266.686491,1,38.65401995,0.063015851,4.361606264,1276.219224,0.054373325
227.9190915,5.557614688,1266.686491,0,1,98.42678331,12,2,0,1300.771103,1,-30.55981718,0.011864113,-5.998083495,1280.581225,0.049475881
228.5214439,5.692118347,1300.771103,0,1,98.46359467,12,2,0,1260.948971,1,34.08461252,0.134503658,0.602352355,1280.794245,0.077561807
229.4761059,5.494903125,1260.948971,0,1,98.4668601,12,2,0,1267.078806,1,-39.82213195,-0.197215221,0.954661989,1276.849032,0.083257174
227.6888266,5.564958216,1267.078806,0,1,98.47459125,12,2,0,1279.889069,1,6.129835002,0.070055091,-1.787279274,1278.546336,0.072995835
228.917043,5.591060641,1279.889069,0,1,98.49602886,12,2,0,-5.350257502,1,12.81026287,0.026102424,1.228216422,1275.074888,0.071870737
229.139871,-0.023349308,-5.350257502,0,0,98.51267697,12,0,0,-3.876258811,1,-1285.239327,-5.614409949,0.222827966,1020.667539,2.509467792
230.5357787,-0.016814131,-3.876258811,0,0,98.53363865,12,0,0,21.95336327,1,1.47399869,0.006535177,1.395907743,759.7380662,3.051231203
227.7381177,0.096397404,21.95336327,0,0,98.55138312,12,0,0,31.41583922,1,25.82962208,0.113211535,-2.797661005,511.9389446,3.045320867
230.4625702,0.136316449,31.41583922,0,0,98.57139076,12,0,0,-4.063095546,1,9.462475954,0.039919045,2.724452408,264.8063511,2.479850311
229.9363052,-0.017670526,-4.063095546,0,0,98.5922227,12,0,0,27.52390764,1,-35.47893477,-0.153986976,-0.526264954,8.015918127,0.075660742
230.1632889,0.119584265,27.52390764,0,0,98.60655025,12,0,0,4.632805412,1,31.58700319,0.137254791,0.2269837,14.59075116,0.075114768
229.499905,0.020186524,4.632805412,0,0,98.65342576,12,0,0,8.498763849,1,-22.89110223,-0.09939774,-0.663383874,16.292564,0.066551037
229.393354,0.037048867,8.498763849,0,0,98.68946554,12,0,0,2994.374175,1,3.865958436,0.016862343,-0.106550978,13.60164412,0.066172031
153.1355856,19.5537449,2994.374175,0,0,98.71334461,12,0,1,-2.837172268,1,2985.875411,19.51669603,-76.25776848,606.1933113,8.727051251
228.9368743,-0.012392815,-2.837172268,0,0,98.75705058,12,0,0,12.03317539,1,-2997.211347,-19.56613771,75.80128869,606.4384959,8.726452806
228.229743,0.052723958,12.03317539,0,0,98.77045656,12,0,0,17.10237815,1,14.87034766,0.065116773,-0.707131219,603.3403495,8.733825692
227.0538141,0.075323016,17.10237815,0,0,98.78098371,12,0,0,28.26963155,1,5.069202761,0.022599058,-1.175928887,605.834264,8.727687282
227.6212037,0.12419595,28.26963155,0,0,98.79679049,12,0,0,-0.041959827,1,11.16725339,0.048872933,0.567389522,609.7884376,8.718022862
232.4927129,-0.000180478,-0.041959827,0,0,98.82755968,12,0,0,19.72702213,1,-28.31159137,-0.124376428,4.871509267,10.9052106,0.05599847
230.1262769,0.085722597,19.72702213,0,0,98.8397103,12,0,0,5.164293542,1,19.76898196,0.085903075,-2.366436075,15.41804948,0.045843908
230.6204757,0.02239304,5.164293542,0,0,98.86899218,13,0,0,19.80909009,1,-14.56272859,-0.063329557,0.49419882,14.04427311,0.050105956
232.0354218,0.085370975,19.80909009,0,0,98.88684908,13,0,0,16.48726302,1,14.64479655,0.062977935,1.41494614,14.5856155,0.050993056
235.22178,0.070092417,16.48726302,0,0,98.90649058,13,0,0,2.661199395,1,-3.32182707,-0.015278558,3.18635813,12.22914179,0.039291333
234.1539425,0.01136517,2.661199395,0,0,98.91852458,13,0,0,-13.46908295,1,-13.82606363,-0.058727247,-1.067837409,12.76977364,0.03557129
233.073799,-0.057788919,-13.46908295,0,0,98.96664063,13,0,0,21.15990701,1,-16.13028235,-0.069154089,-1.080143513,6.130552619,0.056383541
231.4289713,0.091431539,21.15990701,0,0,98.97667812,13,0,0,8.188183974,1,34.62898996,0.149220458,-1.644827706,9.329675312,0.063229471
231.3487262,0.035393253,8.188183974,0,0,98.99696102,13,0,0,-5.601575511,1,-12.97172303,-0.056038286,-0.080245108,7.005494088,0.058018156
233.3627683,-0.024003724,-5.601575511,0,0,99.03449926,13,0,0,6.728111036,1,-13.78975949,-0.059396977,2.014042123,2.587726382,0.057055197
231.766153,0.029029739,6.728111036,0,0,99.05863966,13,0,0,7.478364705,1,12.32968655,0.053033464,-1.596615336,3.40110871,0.057606076
229.6218912,0.03256817,7.478364705,0,0,99.08910525,13,0,0,9.963630231,1,0.750253669,0.00353843,-2.144261803,7.590598242,0.040881777
229.7544183,0.043366436,9.963630231,0,0,99.10408421,13,0,0,5.74374303,1,2.485265526,0.010798266,0.132527101,5.351342887,0.026950304
234.2519037,0.024519515,5.74374303,0,0,99.12766307,13,0,0,18.30052473,1,-4.219887201,-0.018846921,4.497485388,4.862454698,0.026154506
226.8946008,0.080656502,18.30052473,0,0,99.1712931,13,0,0,24.86796079,1,12.5567817,0.056136987,-7.357302935,9.642874746,0.022687787
232.1172836,0.107135326,24.86796079,0,0,99.18774138,13,0,0,-2.842816843,1,6.567436068,0.026478824,5.222682893,13.2708447,0.035031572
229.0486051,-0.012411413,-2.842816843,0,0,99.2346675,13,0,0,19.7560358,1,-27.71077764,-0.119546739,-3.068678548,11.20660839,0.046860543
230.5692475,0.085683742,19.7560358,0,0,99.26693656,13,0,0,18.8269411,1,22.59885265,0.098095155,1.520642408,13.1650895,0.04941861
229.7479773,0.081946058,18.8269411,0,0,99.28111451,13,0,0,0.998471213,1,-0.929094703,-0.003737683,-0.821270201,15.78172912,0.046538025
229.1112734,0.004358019,0.998471213,0,0,99.31608254,13,0,0,29.8501441,1,-17.82846989,-0.077588039,-0.636703858,12.32131841,0.05357435
228.9154756,0.130398104,29.8501441,0,0,99.34134538,13,0,0,-0.723386405,1,28.85167289,0.126040086,-0.195797799,13.31775508,0.060034402
228.3980827,-0.003167218,-0.723386405,0,0,99.35695615,13,0,0,6.41629861,1,-30.57353051,-0.133565322,-0.517392934,13.74164116,0.05740902
229.2190543,0.027991995,6.41629861,0,0,99.38202378,13,0,0,25.38116268,1,7.139685015,0.031159212,0.820971587,11.07369372,0.056710544
230.5089822,0.110109213,25.38116268,0,0,99.41602631,13,0,0,22.76145277,1,18.96486407,0.082117218,1.289927917,12.38453804,0.062035732
231.6561638,0.09825533,22.76145277,0,0,99.45666551,13,0,0,14.01685864,1,-2.619709914,-0.011853883,1.147181575,16.73713435,0.057306706
231.4296269,0.060566397,14.01685864,0,0,99.48284991,13,0,0,16.2539404,1,-8.744594132,-0.037688933,-0.226536931,13.57047726,0.047385483
231.8891674,0.070093574,16.2539404,0,0,99.51746767,13,0,0,10.08221283,1,2.237081767,0.009527177,0.459540529,16.96594262,0.03241479
228.2581536,0.04417022,10.08221283,0,0,99.56282914,13,0,0,-14.29939907,1,-6.171727573,-0.025923354,-3.631013748,17.69912546,0.027124315
230.0618611,-0.062154583,-14.29939907,0,0,99.57448713,13,0,0,12.5807632,1,-24.3816119,-0.106324803,1.803707489,9.763013113,0.061545381
233.9663768,0.053771672,12.5807632,0,0,99.58857086,13,0,0,12.57702921,1,26.88016227,0.115926255,3.904515705,7.726875198,0.054189601
228.796509,0.054970372,12.57702921,0,0,99.61472097,13,0,0,25.56206933,1,-0.003733981,0.0011987,-5.169867844,7.438909314,0.053539282
231.0522322,0.110633293,25.56206933,0,0,99.64076284,13,0,0,-8.4495931,1,12.98504012,0.055662921,2.25572316,9.3005351,0.062959105
229.2322934,-0.036860396,-8.4495931,0,0,99.67244554,13,0,0,0.912403947,1,-34.01166243,-0.147493689,-1.819938763,5.594173914,0.071549664
231.919799,0.003934136,0.912403947,0,0,99.69221859,13,0,0,15.08297194,1,9.361997047,0.040794532,2.687505565,8.636534518,0.056067759
228.6368149,0.065969131,15.08297194,0,0,99.72594253,13,0,0,1.840404468,1,14.170568,0.062034995,-3.28298407,9.136976267,0.057217721
231.1978582,0.007960301,1.840404468,0,0,99.75357727,13,0,0,1.731025796,1,-13.24256747,-0.05800883,2.561043366,6.989651318,0.057944933
229.8759249,0.007530261,1.731025796,0,0,99.77201907,13,0,0,20.36213186,1,-0.109378673,-0.000430039,-1.321933362,2.223442611,0.036657417
232.2389234,0.087677516,20.36213186,0,0,99.79209978,13,0,0,-4.642145169,1,18.63110607,0.080147254,2.362998485,7.985787603,0.039319472
230.748377,-0.02011778,-4.642145169,0,0,99.82591689,13,0,0,2.556000912,1,-25.00427703,-0.107795296,-1.490546409,6.87487778,0.045063043
227.6245199,0.011229023,2.556000912,0,0,99.86031819,13,0,0,6.011339019,1,7.198146081,0.031346803,-3.123857071,4.369483574,0.040498506
230.5385717,0.026075199,6.011339019,0,0,99.87638951,13,0,0,21.95324613,1,3.455338107,0.014846176,2.914051814,5.203670484,0.040088314
230.9700955,0.095048002,21.95324613,0,0,99.90216731,13,0,0,2.80176935,1,15.94190711,0.068972804,0.43152383,9.24811455,0.049847877
228.1009384,0.012283024,2.80176935,0,0,99.93529073,13,0,0,32.19558904,1,-19.15147678,-0.082764978,-2.869157141,5.736042048,0.042704823
229.4566168,0.140312315,32.19558904,0,0,99.95338117,13,0,0,22.68721176,1,29.39381969,0.128029291,1.355678413,13.10358889,0.057964483
231.0509237,0.098191392,22.68721176,0,0,99.97189162,13,0,0,5.746147369,1,-9.508377279,-0.042120923,1.594306892,17.12983106,0.053690332
229.3089336,0.025058541,5.746147369,0,0,100,13,0,0,17.90569435,1,-16.94106439,-0.07313285,-1.741990128,17.07679273,0.053920443
226.1699533,0.0791692,17.90569435,0,0,100,13,0,0,5.719693396,1,12.15954698,0.054110659,-3.138980312,16.26728237,0.052840811
227.5777453,0.025132921,5.719693396,0,0,100,13,0,0,9.488685767,1,-12.18600095,-0.05403628,1.407792001,16.85086718,0.049476289
226.9553384,0.041808604,9.488685767,0,0,100,13,0,0,22.49068338,1,3.768992371,0.016675683,-0.622406854,12.30948653,0.033188223
232.4173764,0.096768511,22.49068338,0,0,100,13,0,0,4.434152215,1,13.00199761,0.054959907,5.462037978,12.27018085,0.032715937
228.7753262,0.019382126,4.434152215,0,0,100,13,0,0,15.43412884,1,-18.05653116,-0.077386385,-3.642050194,12.00778182,0.034025698
227.8308215,0.067743814,15.43412884,0,0,100,13,0,0,3.935832639,1,10.99997663,0.048361688,-0.944504656,11.51346872,0.032112776
231.013522,0.017037239,3.935832639,0,0,100,13,0,0,24.58586774,1,-11.49829621,-0.050706575,3.182700484,11.15669657,0.033847794
231.2174342,0.10633224,24.58586774,0,0,100,13,0,0,5.770193763,1,20.6500351,0.089295001,0.203912227,14.17613296,0.041963151
229.7836606,0.025111419,5.770193763,0,0,100,13,0,0,8.720706117,1,-18.81567398,-0.081220821,-1.433773669,10.83203504,0.039019773
231.5449265,0.037663128,8.720706117,0,0,100,13,0,0,10.67170626,1,2.950512354,0.012551709,1.761265912,11.68934582,0.036549024
230.6443072,0.046269108,10.67170626,0,0,100,13,0,0,8.431602089,1,1.951000146,0.00860598,-0.900619252,10.73686131,0.035297184
233.2333885,0.036150922,8.431602089,0,0,100,13,0,0,7.734877506,1,-2.240104175,-0.010118185,2.589081233,11.6360152,0.032211067
229.5109657,0.03370156,7.734877506,0,0,100,13,0,0,6.180512516,1,-0.696724583,-0.002449363,-3.722422735,8.265817148,0.007613207
226.7039222,0.027262486,6.180512516,0,0,100,13,0,0,22.61495778,1,-1.55436499,-0.006439074,-2.807043513,8.347880898,0.006885692
231.2755592,0.097783604,22.61495778,0,0,100,13,0,0,10.74424406,1,16.43444526,0.070521118,4.57163696,11.12673123,0.028530778
230.3537348,0.04664237,10.74424406,0,0,100,13,0,0,21.1583436,1,-11.87071372,-0.051141235,-0.921824337,11.14123879,0.02852484
230.0904133,0.09195665,21.1583436,0,0,100,14,0,0,24.70909096,1,10.41409954,0.04531428,-0.263321553,13.68658709,0.033125516
230.6152836,0.107144204,24.70909096,0,0,100,14,0,0,-1139.19459,1,3.550747359,0.015187554,0.524870267,17.08142978,0.035069039
227.8389179,-5,-1139.19459,0,0,100,14,0,1,3.63716849,1,-1163.903681,-5.107144204,-2.776365636,-211.9935906,2.27459472
232.0900551,0.015671367,3.63716849,0,0,100,14,0,0,15.07696515,1,1142.831758,5.015671367,4.25113714,-215.7891485,2.265585944
229.75274,0.06562257,15.07696515,0,0,100,14,0,0,13.7358269,1,11.43979666,0.049951202,-2.337315063,-214.9226043,2.267683463
230.4650564,0.059600475,13.7358269,0,0,100,14,0,0,19.52568511,1,-1.341138252,-0.006022094,0.712316398,-216.4071076,2.264031615
227.6230228,0.0857808,19.52568511,0,0,100,14,0,0,24.56960115,1,5.789858212,0.026180325,-2.842033576,-217.4437888,2.261555691
229.441725,0.107084277,24.56960115,0,0,100,14,0,0,10.83877349,1,5.043916042,0.021303476,1.818702156,15.30904936,0.034097063
231.6106837,0.046797381,10.83877349,0,0,100,14,0,0,10.96745149,1,-13.73082766,-0.060286895,2.168958726,16.74937036,0.023694066
224.9887303,0.04874667,10.96745149,0,0,100,14,0,0,19.4917285,1,0.128678005,0.001949289,-6.621953355,15.92746763,0.02608496
229.4521119,0.084949005,19.4917285,0,0,100,14,0,0,14.24537587,1,8.524277003,0.036202334,4.463381542,17.07864795,0.026118456
231.117868,0.061636844,14.24537587,0,0,100,14,0,0,5.765731239,1,-5.246352627,-0.023312161,1.665756066,16.0225861,0.02578081
233.3882096,0.024704467,5.765731239,0,0,100,14,0,0,8.716419182,1,-8.479644632,-0.036932377,2.270341613,12.26181212,0.022089938
230.4213842,0.03782817,8.716419182,0,0,100,14,0,0,31.81468881,1,2.950687943,0.013123703,-2.966825406,11.83734126,0.023097972
230.8911399,0.13779086,31.81468881,0,0,100,14,0,0,-3.929221497,1,23.09826962,0.099962691,0.469755751,16.00678872,0.044648117
228.5993924,-0.017188241,-3.929221497,0,0,100,14,0,0,10.2801739,1,-35.7439103,-0.154979102,-2.291747511,11.32259872,0.057313747
232.3652504,0.044241443,10.2801739,0,0,100,14,0,0,32.28125219,1,14.2093954,0.061429684,3.765857947,10.52955833,0.056877743
229.0253354,0.140950573,32.28125219,0,0,100,14,0,0,7.301269324,1,22.00107829,0.09670913,-3.339914928,15.83266252,0.068778213
231.2447244,0.031573777,7.301269324,0,0,100,14,0,0,28.46119027,1,-24.97998287,-0.109376796,2.219389024,15.54963255,0.069533338
227.7267286,0.124979577,28.46119027,0,0,100,14,0,0,-23.25842559,1,21.15992095,0.0934058,-3.517995817,14.87893284,0.066462653
229.9854573,-0.101129984,-23.25842559,0,0,100,14,0,0,39.46709618,1,-51.71961586,-0.226109561,2.258728706,11.01309202,0.096292897
230.5705265,0.171171471,39.46709618,0,0,100,14,0,0,272.016328,1,62.72552177,0.272301455,0.585069204,16.85047647,0.110671679
234.5295047,1.159838411,272.016328,1,0,100,14,1,0,112.0783671,1,232.5492318,0.98866694,3.958978148,64.79749164,0.5042146
228.667207,0.490137473,112.0783671,1,0,100,14,1,0,94.29247633,1,-159.9379609,-0.669700938,-5.862297664,85.75291119,0.489847929
232.261204,0.405976008,94.29247633,1,0,100,14,1,0,101.5466726,1,-17.78589076,-0.084161466,3.593996974,98.91916841,0.470593715
224.7890695,0.451742039,101.5466726,1,0,100,14,1,0,97.54837323,1,7.254196312,0.045766032,-7.472134542,123.8801881,0.370264424
230.1648538,0.423819587,97.54837323,1,0,100,14,1,0,104.3741415,1,-3.998299417,-0.027922453,5.375784357,135.4964435,0.322186286
227.2321363,0.459328259,104.3741415,1,0,100,14,1,0,116.4260343,1,6.82576824,0.035508672,-2.932717517,101.9680062,0.032605289
233.0331134,0.499611547,116.4260343,1,0,100,14,1,0,109.9943546,1,12.05189285,0.040283289,5.800977059,102.8375396,0.035905246
229.3346157,0.479623864,109.9943546,1,0,100,14,1,0,105.6914248,1,-6.431679712,-0.019987683,-3.698497626,105.9779153,0.028687686
226.3778535,0.466880586,105.6914248,1,0,100,14,1,0,89.83982622,1,-4.30292978,-0.012743279,-2.956762224,106.8068657,0.028016568
232.6980601,0.386078965,89.83982622,1,0,100,14,1,0,103.5400068,1,-15.85159861,-0.080801621,6.320206582,105.2651563,0.043162231
230.1048821,0.449968753,103.5400068,1,0,100,14,1,0,109.0270107,1,13.70018054,0.063889787,-2.593177978,105.0983293,0.043309444
227.7555984,0.478701782,109.0270107,1,0,100,14,1,0,112.1193277,1,5.487003971,0.028733029,-2.3492837,103.6185246,0.038880873
231.2446224,0.484851611,112.1193277,1,0,100,14,1,0,105.3368726,1,3.092316964,0.006149829,3.489023943,104.0435192,0.039858975
230.8728442,0.456254927,105.3368726,1,0,100,14,1,0,95.05056549,1,-6.78245504,-0.028596684,-0.371778145,103.9726088,0.039231977
231.0190649,0.411440353,95.05056549,1,0,100,14,1,0,115.3499528,1,-10.28630715,-0.044814574,0.146220681,105.0147567,0.029023667
225.9735695,0.510457719,115.3499528,1,0,100,14,1,0,96.31717993,1,20.29938727,0.099017366,-5.0454954,107.3767459,0.03720726
228.4494173,0.421612719,96.31717993,1,0,100,14,1,0,3355.791053,1,-19.03277284,-0.088845,2.475847838,104.8347797,0.041719021
151.4612805,22.15609852,3355.791053,1,0,100,14,1,1,116.3189237,1,3259.473873,21.7344858,-76.98813679,753.5691248,9.707365649
228.4594182,0.509144795,116.3189237,1,0,100,14,1,0,87.29021607,1,-3239.47213,-21.64695372,76.9981377,755.7655351,9.701488066
227.5631807,0.383586729,87.29021607,1,0,100,14,1,0,106.0068139,1,-29.02870767,-0.125558067,-0.896237523,754.2134652,9.704646768
226.9328474,0.467128559,106.0068139,1,0,100,14,1,0,91.75490871,1,18.71659781,0.08354183,-0.630333319,752.3448374,9.709448632
232.8148658,0.394111039,91.75490871,1,0,100,14,1,0,102.8876665,1,-14.25190518,-0.073017519,5.882018424,751.4323831,9.712547494
227.3167793,0.452618002,102.8876665,1,0,100,14,1,0,98.65225242,1,11.13275781,0.058506963,-5.498086491,100.8517058,0.05233485
230.3458308,0.428278871,98.65225242,1,0,100,14,1,0,98.05875188,1,-4.235414093,-0.024339131,3.029051446,97.31837152,0.036115796
229.4034319,0.427451111,98.05875188,1,0,100,14,1,0,85.2076595,1,-0.593500542,-0.00082776,-0.942398877,99.47207868,0.027887478
229.5761545,0.371152046,85.2076595,1,0,100,14,1,0,104.9291286,1,-12.85109237,-0.056299065,0.172722602,95.3122478,0.032035444
229.2554557,0.457695231,104.9291286,1,0,100,14,1,0,107.473415,1,19.72146912,0.086543184,-0.320698849,97.94709179,0.034345117
231.5307647,0.464186326,107.473415,1,0,100,14,1,0,118.2737275,1,2.544286417,0.006491096,2.275309027,98.86424149,0.036769436
227.1156616,0.520764295,118.2737275,1,0,100,14,1,0,88.67056093,1,10.80031242,0.056577969,-4.415103116,102.7885365,0.054722459
231.9914342,0.382214806,88.67056093,1,0,100,14,1,0,97.17425724,1,-29.60316652,-0.13854949,4.87577266,100.9108983,0.062243395
230.5489955,0.421490699,97.17425724,1,0,100,14,1,0,101.8182997,1,8.503696303,0.039275893,-1.442438709,103.3042179,0.051655116
226.7575326,0.449018379,101.8182997,1,0,100,14,1,0,102.7815358,1,4.644042494,0.02752768,-3.791462949,102.6820521,0.051446648
232.3787563,0.442301773,102.7815358,1,0,100,14,1,0,104.68795,1,0.963236095,-0.006716607,5.621223771,101.7436762,0.0505998
230.4364753,0.454302861,104.68795,1,0,100,14,1,0,98.90171879,1,1.906414142,0.012001088,-1.942281063,99.02652074,0.02940835
224.8902324,0.439777743,98.90171879,1,0,100,14,1,0,90.17750172,1,-5.786231178,-0.014525118,-5.546242924,101.0727523,0.012493462
226.3861524,0.398334884,90.17750172,1,0,100,14,1,0,122.0184362,1,-8.724217066,-0.041442859,1.495920034,99.67340121,0.022216697
231.4165617,0.527267519,122.0184362,1,0,100,14,1,0,89.56890654,1,31.84093452,0.128932635,5.030409278,103.7134285,0.046885762
229.4261241,0.390404131,89.56890654,1,0,100,14,1,0,88.75601021,1,-32.4495297,-0.136863388,-1.990437538,101.0709027,0.054762266
227.0003942,0.390994961,88.75601021,1,0,100,15,1,0,104.967611,1,-0.812896325,0.00059083,-2.42572993,97.8845147,0.058408915
230.0081966,0.456364654,104.967611,1,0,100,15,1,0,92.22656412,1,16.21160083,0.065369693,3.007802403,99.09769315,0.05960755
229.5544073,0.401763422,92.22656412,1,0,100,15,1,0,110.6100751,1,-12.74104692,-0.054601232,-0.453789264,99.50750563,0.059131597
229.8870572,0.481149641,110.6100751,1,0,100,15,1,0,107.5173341,1,18.38351098,0.07938622,0.332649885,97.22583341,0.041910444
228.0692542,0.471424061,107.5173341,1,0,100,15,1,0,123.0808212,1,-3.092741012,-0.00972558,-1.817802992,100.8155189,0.041265968
231.0975185,0.532592569,123.0808212,1,0,100,15,1,0,128.1396278,1,15.56348706,0.061168508,3.028264286,107.6804811,0.047109798
230.0803024,0.556934368,128.1396278,1,0,100,15,1,0,87.62499629,1,5.058806605,0.024341799,-1.017216154,112.3148844,0.060199449
230.5953677,0.379994608,87.62499629,1,0,100,15,1,0,113.3837603,1,-40.51463147,-0.17693976,0.515065374,111.3945709,0.068306629
230.3238352,0.492279751,113.3837603,1,0,100,15,1,0,82.25342206,1,25.75876403,0.112285144,-0.271532558,111.9493079,0.068354788
229.4097534,0.358543701,82.25342206,1,0,100,15,1,0,105.0288854,1,-31.13033826,-0.13373605,-0.914081799,106.8965255,0.089887979
227.7566068,0.461145285,105.0288854,1,0,100,15,1,0,99.06877423,1,22.77546329,0.102601584,-1.653146602,103.2861384,0.081565189
229.6517788,0.431386923,99.06877423,1,0,100,15,1,0,89.14316216,1,-5.960111117,-0.029758362,1.895171993,97.47196765,0.055486981
230.3803586,0.386939072,89.14316216,1,0,100,15,1,0,121.8920682,1,-9.925612073,-0.044447851,0.728579826,97.77560083,0.054160194
226.4533552,0.538265676,121.8920682,1,0,100,15,1,0,108.6709566,1,32.74890603,0.151326604,-3.927003441,99.4772624,0.069848981
230.3929038,0.471676665,108.6709566,1,0,100,15,1,0,105.3280101,1,-13.22111163,-0.06658901,3.9395486,104.7607693,0.055671728
231.5961608,0.454791693,105.3280101,1,0,100,15,1,0,122.5565888,1,-3.342946427,-0.016884972,1.203257045,104.8205943,0.05565115
229.8233285,0.533264354,122.5565888,1,0,100,15,1,0,125.2361752,1,17.22857865,0.078472661,-1.772832304,109.5181572,0.062353182
229.8744697,0.544802454,125.2361752,1,0,100,15,1,0,116.9461163,1,2.679586422,0.0115381,0.051141225,116.7367598,0.042004937
229.1949963,0.510247249,116.9461163,1,0,100,15,1,0,114.566235,1,-8.290058913,-0.034555205,-0.67947343,115.7475694,0.038797814
229.2231315,0.499802242,114.566235,1,0,100,15,1,0,106.9448776,1,-2.379881306,-0.010445007,0.028135202,116.9266251,0.034979973
233.5924953,0.457826684,106.9448776,1,0,100,15,1,0,108.0032114,1,-7.621357388,-0.041975558,4.369363843,117.2499986,0.033820332
231.1672633,0.467208072,108.0032114,1,0,100,15,1,0,99.61809546,1,1.058333837,0.009381388,-2.425232077,114.3393231,0.034947443
230.452996,0.432270776,99.61809546,1,0,100,15,1,0,103.5282792,1,-8.385115973,-0.034937296,-0.714267252,109.2157072,0.031730325
232.8663152,0.44458246,103.5282792,1,0,100,15,1,0,117.5973053,1,3.910183737,0.012311683,2.413319217,106.5321397,0.025724196
228.169088,0.51539543,117.5973053,1,0,100,15,1,0,109.2240321,1,14.06902613,0.070812971,-4.697227188,107.1383538,0.031906897
230.0029499,0.474881005,109.2240321,1,0,100,15,1,0,93.77007548,1,-8.373273235,-0.040514425,1.833861896,107.5941847,0.032065747
230.0183194,0.40766351,93.77007548,1,0,100,15,1,0,108.816961,1,-15.45395662,-0.067217495,0.01536944,104.7475575,0.041559415
228.3198666,0.476598741,108.816961,1,0,100,15,1,0,3402.664128,1,15.04688551,0.068935231,-1.698452754,106.5873306,0.040215983
229.1418618,14.84959623,3402.664128,1,1,100,15,3,0,1377.728267,1,3293.847167,14.37299749,0.82199521,766.4145003,6.431478267
231.8388703,5.942611198,1377.728267,1,1,100,15,3,0,1372.22301,1,-2024.935861,-8.906985033,2.697008456,1018.440693,6.291015747
234.071131,5.862418848,1372.22301,1,1,100,15,3,0,1343.573999,1,-5.505256418,-0.08019235,2.232260737,1271.040488,5.892969337
229.5730823,5.852489265,1343.573999,1,1,100,15,3,0,1372.12301,1,-28.64901066,-0.009929583,-4.498048739,1521.001273,5.174137276
230.0471217,5.964530223,1372.12301,1,1,100,15,3,0,1385.291949,1,28.54901065,0.112040958,0.474039433,1773.662483,4.000213639
231.1912401,5.991974214,1385.291949,1,1,100,15,3,0,1343.78686,1,13.16893921,0.027443991,1.144118403,1370.188047,0.062266464
227.6387636,5.903154799,1343.78686,1,1,100,15,3,0,1368.686268,1,-41.50508957,-0.088819415,-3.552476525,1363.399766,0.061625712
230.7285654,5.932019147,1368.686268,1,1,100,15,3,0,1340.514371,1,24.89940822,0.028864348,3.089801854,1362.692417,0.054219443
227.7956609,5.884723029,1340.514371,1,1,100,15,3,0,1356.341582,1,-28.17189651,-0.047296118,-2.932904568,1362.080492,0.043784925
228.8199031,5.927550724,1356.341582,1,1,100,15,3,0,1373.417242,1,15.82721089,0.042827695,1.024242245,1358.924206,0.040617634
231.8831273,5.922885629,1373.417242,1,1,100,15,3,0,1393.267408,1,17.07566,-0.004665095,3.063224205,1356.549265,0.019761094
231.1020586,6.028797043,1393.267408,1,1,100,15,3,0,1366.768301,1,19.85016518,0.105911414,-0.781068704,1366.445374,0.053499531
229.9024021,5.944993565,1366.768301,1,1,100,15,3,0,1327.42599,1,-26.49910628,-0.083803478,-1.199656472,1366.061781,0.053378975
223.0975841,5.949979226,1327.42599,1,1,100,15,3,0,1376.953487,1,-39.34231083,0.004985661,-6.80481809,1363.444105,0.042883592
228.3484439,6.030054174,1376.953487,1,1,100,15,3,0,1361.545153,1,49.52749699,0.080074949,5.250859856,1367.566486,0.050415356
225.3221877,6.042659035,1361.545153,1,1,99.99871715,15,3,0,1351.172591,1,-15.40833397,0.012604861,-3.026256202,1365.192068,0.047638294
228.1571538,5.922113631,1351.172591,1,1,100,15,3,0,1365.738011,1,-10.37256281,-0.120545404,2.834966095,1356.773105,0.054516728
230.3124659,5.929935256,1365.738011,1,1,100,15,3,0,1363.383001,1,14.56542077,0.007821624,2.1553121,1356.567047,0.057145718
226.0508328,6.03131156,1363.383001,1,1,100,15,3,0,1361.31722,1,-2.355010032,0.101376305,-4.261633061,1363.758449,0.059776481
227.8879172,5.973626143,1361.31722,1,1,100,15,3,0,1360.557429,1,-2.0657816,-0.057685418,1.837084356,1360.631195,0.055805336
229.0744875,5.939366901,1360.557429,1,1,100,15,3,0,1366.740402,1,-0.759790754,-0.034259242,1.186570321,1360.43365,0.044814455
229.2288751,5.96233961,1366.740402,1,1,100,15,3,0,1353.585475,1,6.182972559,0.022972709,0.154387558,1363.547213,0.039807306
225.40264,6.00518909,1353.585475,1,1,100,15,3,0,1383.233884,1,-13.15492678,0.042849481,-3.82623506,1361.116705,0.036204024
227.8359928,6.071182464,1383.233884,1,1,100,15,3,0,1361.725898,1,29.64840929,0.065993374,2.433352759,1365.086882,0.051033399
230.5974614,5.905207672,1361.725898,1,1,100,15,3,0,1378.652995,1,-21.50798597,-0.165974793,2.761468624,1365.168618,0.064128171
232.2591049,5.935840474,1378.652995,1,1,100,15,3,0,1358.315515,1,16.92709709,0.030632802,1.661643497,1368.787731,0.064658024
227.8080615,5.962543669,1358.315515,1,1,100,15,3,0,1362.065785,1,-20.33748067,0.026703195,-4.451043434,1367.102753,0.064647348
228.1742763,5.969409907,1362.065785,1,1,100,15,3,0,1358.758873,1,3.7502709,0.006866238,0.366214841,1368.798815,0.062553958
225.6009929,6.022840841,1358.758873,1,1,100,15,3,0,2861.457326,1,-3.306912035,0.053430934,-2.573283457,1363.903813,0.043664668
162.3968658,17.62015118,2861.457326,1,1,100,15,3,1,1345.667897,1,1502.698453,11.59731034,-63.20412702,1663.850099,5.209012648
229.375091,5.866669701,1345.667897,1,1,100,15,3,0,1392.091356,1,-1515.78943,-11.75348148,66.97822519,1657.253079,5.21695406
233.1922891,5.969714357,1392.091356,1,1,100,15,3,0,1363.77043,1,46.42345982,0.103044656,3.817198112,1664.008248,5.21615579
229.4818624,5.942824484,1363.77043,1,1,100,16,3,0,1352.768769,1,-28.32092611,-0.026889874,-3.710426748,1664.349177,5.21912505
228.1730781,5.928695796,1352.768769,1,1,100,16,3,0,1362.820025,1,-11.00166166,-0.014128688,-1.308784326,1663.151156,5.229483543
231.1735734,5.895224119,1362.820025,1,1,100,16,3,0,1341.156674,1,10.05125668,-0.033471677,3.000495293,1363.423695,0.040385947
225.3886938,5.950416814,1341.156674,1,1,100,16,3,0,1389.213143,1,-21.66335184,0.055192694,-5.784879501,1362.521451,0.027828246
233.2054311,5.957035979,1389.213143,1,1,100,16,3,0,1365.093797,1,48.0564699,0.006619166,7.816737206,1361.945808,0.024526617
229.0741589,5.959178477,1365.093797,1,1,99.99694712,16,3,0,1364.466869,1,-24.1193461,0.002142498,-4.131272169,1362.210482,0.026839137
227.8397706,5.988712443,1364.466869,1,1,100,16,3,0,1373.063572,1,-0.626928085,0.029533966,-1.2343883,1364.550102,0.034032738
232.3781502,5.908746458,1373.063572,1,1,100,16,3,0,1398.295352,1,8.596702841,-0.079965986,4.538379643,1366.598811,0.028699846
231.0554602,6.051773679,1398.295352,1,1,100,16,3,0,1372.756991,1,25.23178021,0.143027221,-1.322690061,1378.026547,0.052503656
231.5880286,5.927581832,1372.756991,1,1,100,16,3,0,1364.061277,1,-25.53836163,-0.124191847,0.532568387,1374.735316,0.056272225
231.1071727,5.902288798,1364.061277,1,1,100,16,3,0,1375.033389,1,-8.695713839,-0.025293034,-0.480855825,1374.528812,0.063576575
230.9078349,5.954901399,1375.033389,1,1,100,16,3,0,1373.604337,1,10.97211214,0.052612601,-0.199337857,1376.642116,0.060947232
227.971402,6.025336182,1373.604337,1,1,100,16,3,0,1382.481657,1,-1.429051969,0.070434783,-2.936432885,1376.750269,0.063900054
230.3335727,6.002084895,1382.481657,1,1,100,16,3,0,1365.538424,1,8.877320231,-0.023251288,2.362170673,1373.58753,0.051033658
227.6571892,5.998222278,1365.538424,1,1,100,16,3,0,1374.663816,1,-16.94323289,-0.003862616,-2.676383419,1372.143817,0.048695987
229.6544271,5.985792797,1374.663816,1,1,100,16,3,0,1352.298114,1,9.125391374,-0.012429482,1.997237896,1374.264325,0.025780446
229.5114249,5.892073193,1352.298114,1,1,100,16,3,0,1366.506091,1,-22.36570172,-0.093719603,-0.143002282,1369.71727,0.051568838
226.9185059,6.022012555,1366.506091,1,1,100,16,3,0,1361.462946,1,14.20797744,0.129939362,-2.592918973,1368.297621,0.0508663
228.7696526,5.951239293,1361.462946,1,1,100,16,3,0,1370.484564,1,-5.043145664,-0.070773262,1.85114674,1364.093878,0.050437287
230.0176317,5.958171785,1370.484564,1,1,100,16,3,0,1387.451841,1,9.021617803,0.006932492,1.247979119,1365.083106,0.04792627
230.5818367,6.017177504,1387.451841,1,1,100,16,3,0,1323.739842,1,16.96727726,0.059005718,0.564205002,1367.640711,0.053567917
227.7371593,5.812577298,1323.739842,1,1,100,16,3,0,1350.722694,1,-63.71199886,-0.204600206,-2.844677464,1361.929057,0.084597498
228.3262292,5.9157579,1350.722694,1,1,100,16,3,0,1377.932392,1,26.98285234,0.103180602,0.589069951,1358.772377,0.075549245
230.1952588,5.985928641,1377.932392,1,1,100,16,3,0,1341.867086,1,27.20969818,0.070170742,1.869029524,1362.066267,0.079370441
226.0282199,5.936723684,1341.867086,1,1,100,16,3,0,1382.029271,1,-36.06530616,-0.049204957,-4.167038872,1356.342771,0.078578102
231.7694633,5.962948057,1382.029271,1,1,100,16,3,0,1362.975062,1,40.16218443,0.026224373,5.741243379,1355.258257,0.067062648
227.8705491,5.981356816,1362.975062,1,1,100,16,3,0,1384.603075,1,-19.05420858,0.018408759,-3.898914148,1363.105301,0.029901906
233.2671962,5.935695621,1384.603075,1,1,100,16,3,0,-1137.455578,1,21.62801257,-0.045661195,5.396647042,1369.881377,0.023812714
227.4911156,-5,-1137.455578,1,1,100,16,3,1,1367.38883,1,-2522.058653,-10.93569562,-5.776080588,866.8037832,4.898895991
229.2027829,5.965847415,1367.38883,1,1,100,16,3,0,1339.008561,1,2504.844408,10.96584742,1.711667336,871.9081319,4.902142391
229.0414857,5.846139868,1339.008561,1,1,100,16,3,0,1335.007792,1,-28.38026888,-0.119707547,-0.161297187,863.30399,4.889335661
227.4338345,5.869873299,1335.007792,1,1,100,16,3,0,1343.76336,1,-4.000768914,0.023733431,-1.607651263,857.710536,4.876830477
227.5388549,5.905643503,1343.76336,1,1,100,16,3,0,1358.872385,1,8.755568084,0.035770204,0.105020463,849.5425931,4.873439823
228.6375334,5.943347819,1358.872385,1,1,100,16,3,0,1385.097855,1,15.10902501,0.037704316,1.098678444,1348.808186,0.049661173
232.0128978,5.969917483,1385.097855,1,1,100,16,3,0,1354.29393,1,26.2254697,0.026569664,3.375364447,1352.349991,0.050901768
227.4008891,5.955534894,1354.29393,1,1,100,16,3,0,1328.079411,1,-30.80392482,-0.01438259,-4.612008666,1355.407065,0.040698895
227.6145364,5.834774142,1328.079411,1,1,100,16,3,0,1374.413465,1,-26.21451885,-0.120760751,0.213647228,1354.021388,0.054203705
227.7073754,6.035875924,1374.413465,1,1,100,16,3,0,1362.014025,1,46.33405357,0.201101781,0.092839024,1360.151409,0.072630926
227.7477166,5.980363032,1362.014025,1,1,100,16,3,0,1325.435793,1,-12.39943969,-0.055512892,0.040341228,1360.779737,0.073927064
226.9387216,5.840500838,1325.435793,1,1,100,16,3,0,1365.117348,1,-36.57823173,-0.139862195,-0.808995054,1348.847325,0.088705269
229.8221475,5.939885961,1365.117348,1,1,100,16,3,0,1359.487402,1,39.68155421,0.099385123,2.883425964,1351.012008,0.087824754
229.6595227,5.919577757,1359.487402,1,1,100,16,3,0,1366.142746,1,-5.629945187,-0.020308204,-0.16262481,1357.293607,0.072605132
230.197291,5.934660396,1366.142746,1,1,100,16,3,0,1339.250205,1,6.65534363,0.015082638,0.537768276,1355.639463,0.051306533
226.4846944,5.913204017,1339.250205,1,1,100,16,3,0,1342.640043,1,-26.89254131,-0.021456379,-3.712596586,1351.086699,0.040101421
227.6860837,5.896891111,1342.640043,1,1,100,16,3,0,1347.643716,1,3.38983849,-0.016312906,1.20138932,1354.527549,0.017227904
226.4693903,5.950666068,1347.643716,1,1,100,16,3,0,1378.745462,1,5.003673113,0.053774957,-1.216693418,1351.032823,0.020559203
230.8740975,5.971849926,1378.745462,1,1,100,16,3,0,1363.487151,1,31.10174553,0.021183858,4.404707154,1354.884434,0.029660009
228.5951601,5.964637002,1363.487151,1,1,100,16,3,0,1363.522866,1,-15.25831125,-0.007212924,-2.278937335,1354.353315,0.03282549
229.4807823,5.94177365,1363.522866,1,1,100,16,3,0,1368.839494,1,0.035715054,-0.022863352,0.885622202,1359.207848,0.029425225
230.7034209,5.933329852,1368.839494,1,1,100,16,3,0,1366.996067,1,5.316628533,-0.008443798,1.222638581,1364.447738,0.015871571
229.8485931,5.947376265,1366.996067,1,1,100,16,3,0,1361.737715,1,-1.843427036,0.014046413,-0.854827817,1368.318208,0.016031465
228.5278056,5.958739734,1361.737715,1,1,99.99958585,16,3,0,1370.592305,1,-5.258351929,0.011363469,-1.320787551,1364.916659,0.01264557
232.8793385,5.885418234,1370.592305,1,1,100,16,3,0,1389.594403,1,8.8545898,-0.0733215,4.351532927,1366.337689,0.028327481
230.0606593,6.040121796,1389.594403,1,1,100,16,3,0,1361.190456,1,19.00209776,0.154703562,-2.818679147,1371.551997,0.056144875
230.3626604,5.908902307,1361.190456,1,1,100,16,3,0,1384.812482,1,-28.40394728,-0.131219489,0.302001067,1370.022189,0.059260444
231.1014882,5.992226587,1384.812482,1,1,100,16,3,0,1402.16632,1,23.62202632,0.08332428,0.738827803,1373.585472,0.062430914
230.8187409,6.074750752,1402.16632,1,1,100,16,3,0,1381.68521,1,17.35383778,0.082524166,-0.28274735,1381.671193,0.081764928
230.4478698,5.995651908,1381.68521,1,1,100,16,3,0,1390.968391,1,-20.48110922,-0.079098845,-0.370871009,1383.889774,0.062346601
228.2682805,6.093568446,1390.968391,1,1,100,16,3,0,1380.725009,1,9.283180663,0.097916538,-2.179589363,1384.164572,0.073948037
230.2201992,5.997410366,1380.725009,1,1,99.99887187,16,3,0,1375.545166,1,-10.24338219,-0.09615808,1.9519187,1388.071482,0.049268854
230.850609,5.958594487,1375.545166,1,1,100,17,3,0,1377.775432,1,-5.179842998,-0.038815879,0.630409801,1386.218019,0.057454137
230.8599188,5.968014887,1377.775432,1,1,100,17,3,0,1347.761408,1,2.230266107,0.0094204,0.009309786,1381.339842,0.053579544
227.5470668,5.923000579,1347.761408,1,1,100,17,3,0,1390.574457,1,-30.01402383,-0.045014308,-3.312852004,1374.555081,0.064657165
233.0870358,5.965902189,1390.574457,1,1,99.99916605,17,3,0,1345.648218,1,42.81304866,0.04290161,5.539968999,1374.476294,0.02662773
227.9926502,5.902156128,1345.648218,1,1,100,17,3,0,1382.794001,1,-44.9262391,-0.063746061,-5.094385524,1367.460936,0.029411807
230.8222908,5.990729907,1382.794001,1,1,100,17,3,0,1371.064016,1,37.14578277,0.088573779,2.829640548,1368.910703,0.036243407
232.1062263,5.907054014,1371.064016,1,1,99.99934797,17,3,0,1360.582205,1,-11.72998491,-0.083675893,1.283935489,1367.56842,0.038814067
230.0962466,5.913100386,1360.582205,1,1,100,17,3,0,1361.147218,1,-10.48181111,0.006046372,-2.009979699,1370.132579,0.039990468
228.8963752,5.946565196,1361.147218,1,1,100,17,3,0,1379.204395,1,0.565013705,0.03346481,-1.199871393,1364.247131,0.037186927
229.030629,6.021921177,1379.204395,1,1,100,17,3,0,1364.918878,1,18.05717675,0.075355981,0.134253797,1370.958367,0.049691022
228.9026944,5.962878165,1364.918878,1,1,100,17,3,0,1258.381641,1,-14.28551668,-0.059043013,-0.127934587,1367.383342,0.046248726
228.5724203,5.50539579,1258.381641,0,1,100,17,2,0,1276.051947,1,-106.5372376,-0.457482375,-0.330274053,1344.846867,0.207582812
230.2750097,5.541426091,1276.051947,0,1,100,17,2,0,1272.655923,1,17.67030632,0.036030301,1.70258938,1327.940816,0.250407968
230.690088,5.516734307,1272.655923,0,1,100,17,2,0,1257.654129,1,-3.396024243,-0.024691784,0.415078275,1310.242557,0.25926498
230.3665772,5.459360227,1257.654129,0,1,100,17,2,0,1271.066187,1,-15.00179337,-0.05737408,-0.323510772,1285.932504,0.206599724
227.1875979,5.594786858,1271.066187,0,1,100,17,2,0,1265.938827,1,13.41205766,0.135426631,-3.178979314,1267.161965,0.049725748
229.338284,5.519962933,1265.938827,0,1,99.99920658,17,2,0,1265.662847,1,-5.127360297,-0.074823925,2.150686098,1268.673403,0.048815273
228.7143618,5.533814479,1265.662847,0,1,100,17,2,0,1258.652194,1,-0.275980214,0.013851546,-0.623922256,1266.595583,0.048348089
229.5048177,5.484208159,1258.652194,0,1,100,17,2,0,1279.763259,1,-7.01065299,-0.049606319,0.790455898,1263.794837,0.051792312
230.4787351,5.552630522,1279.763259,0,1,100,17,2,0,1273.007249,1,21.11106578,0.068422363,0.973917465,1268.216663,0.040838062
229.4400485,5.548321913,1273.007249,0,1,100,17,2,0,1276.358511,1,-6.75601041,-0.004308609,-1.038686595,1268.604875,0.027547891
229.5551083,5.560139877,1276.358511,0,1,100,17,2,0,1286.77642,1,3.351262426,0.011817964,0.115059732,1270.688812,0.030406217
230.364446,5.585829073,1286.77642,0,1,100,17,2,0,1261.586271,1,10.41790832,0.025689196,0.809337722,1274.911527,0.037595288
229.4737769,5.497736114,1261.586271,0,1,100,17,2,0,1255.474509,1,-25.19014902,-0.088092959,-0.890669032,1275.498342,0.032101715
226.5985073,5.540524181,1255.474509,0,1,100,17,2,0,1279.255641,1,-6.111761455,0.042788067,-2.875269607,1270.640592,0.032209347
228.5965542,5.596128277,1279.255641,0,1,100,17,2,0,1276.472036,1,23.78113194,0.055604096,1.998046891,1271.89027,0.039215261
229.1732191,5.569900536,1276.472036,0,1,100,17,2,0,1279.996184,1,-2.78360504,-0.026227741,0.576664895,1271.912975,0.039708258
230.2019294,5.560319096,1279.996184,0,1,100,17,2,0,1510.053507,1,3.524148071,-0.00958144,1.028710307,1270.556928,0.036772809
229.5045248,6.57962412,1510.053507,1,1,100,17,3,0,1375.717329,1,230.057323,1.019305024,-0.697404601,1320.250376,0.453427272
233.3023125,5.896715356,1375.717329,1,1,100,17,3,0,1356.196058,1,-134.3361787,-0.682908764,3.797787631,1344.298939,0.436150081
229.1770653,5.917677916,1356.196058,1,1,100,17,3,0,1380.317343,1,-19.5212702,0.02096256,-4.125247127,1359.687023,0.414259438
230.4111456,5.990670889,1380.317343,1,1,100,17,3,0,1383.429677,1,24.12128427,0.072992973,1.234080295,1380.456084,0.369530193
233.0977531,5.934976459,1383.429677,1,1,100,17,3,0,1339.931767,1,3.112334492,-0.05569443,2.686607444,1401.142783,0.290381967
228.9873227,5.851554361,1339.931767,1,1,100,17,3,0,1384.406018,1,-43.49791047,-0.083422098,-4.110430382,1367.118435,0.051080604
228.4786449,6.059235947,1384.406018,1,1,100,17,3,0,1355.981136,1,44.47425153,0.207681587,-0.508677828,1368.856173,0.078334529
228.0517099,5.945937162,1355.981136,1,1,100,17,3,0,1357.16249,1,-28.4248817,-0.113298786,-0.426934998,1368.813188,0.076339284
229.0892306,5.924165382,1357.16249,1,1,100,17,3,0,1370.316643,1,1.181353096,-0.021771779,1.037520764,1364.182218,0.074667088
230.925126,5.934030077,1370.316643,1,1,100,17,3,0,1358.626351,1,13.15415376,0.009864695,1.835895373,1361.559611,0.074694258
228.4786696,5.946403459,1358.626351,1,1,100,17,3,0,1352.851231,1,-11.69029194,0.012373381,-2.446456361,1365.298528,0.055158546
227.6537934,5.942581545,1352.851231,1,1,99.99661789,17,3,0,1378.786175,1,-5.775119978,-0.003821914,-0.82487622,1358.98757,0.009484464
227.259476,6.067012912,1378.786175,1,1,100,17,3,0,1367.77294,1,25.93494404,0.124431368,-0.394317407,1363.548578,0.058860637
228.9324866,5.97456901,1367.77294,1,1,100,17,3,0,1346.902405,1,-11.01323538,-0.092443902,1.67301062,1365.670668,0.054754384
231.1670339,5.826533234,1346.902405,1,1,100,17,3,0,1341.797456,1,-20.87053478,-0.148035777,2.234547221,1360.987821,0.086019745
228.4192915,5.874273784,1341.797456,1,1,100,17,3,0,1362.454967,1,-5.104949208,0.04774055,-2.747742311,1357.622042,0.092848568
230.4787752,5.911411868,1362.454967,1,1,100,17,3,0,1373.07544,1,20.65751101,0.037138084,2.059483647,1359.542789,0.09342423
234.2654817,5.861194018,1373.07544,1,1,100,17,3,0,1364.138769,1,10.62047289,-0.05021785,3.786706496,1358.400642,0.056379739
227.6146451,5.993194191,1364.138769,1,1,100,17,3,0,1343.190542,1,-8.936671101,0.132000173,-6.650836573,1357.673807,0.063556036
229.4092921,5.854996234,1343.190542,1,1,100,17,3,0,1388.494682,1,-20.94822734,-0.138197957,1.794647026,1356.931435,0.057016683
231.3761414,6.001027908,1388.494682,1,1,99.99631945,17,3,0,1360.090664,1,45.30414052,0.146031674,1.966849311,1366.27088,0.069973283
228.8839757,5.942271231,1360.090664,1,1,100,17,3,0,1331.497624,1,-28.40401811,-0.058756676,-2.49216579,1365.798019,0.06990608
226.0812682,5.889464592,1331.497624,1,1,100,17,3,0,1344.634964,1,-28.59303999,-0.05280664,-2.802707459,1357.482456,0.06376932
227.6703574,5.906060758,1344.634964,1,1,100,17,3,0,1372.26224,1,13.13733965,0.016596166,1.589089208,1353.581695,0.055691328
228.6854733,6.0006533,1372.26224,1,1,100,17,3,0,1383.713787,1,27.62727644,0.094592542,1.015115902,1359.396035,0.051967267
229.8463412,6.020168865,1383.713787,1,1,100,17,3,0,1383.137264,1,11.45154715,0.019515565,1.16086791,1358.439856,0.057292007
231.9401264,5.963337544,1383.137264,1,1,100,17,3,0,1332.990134,1,-0.576523615,-0.056831321,2.093785155,1363.049176,0.057197615
224.6594215,5.933381849,1332.990134,1,1,100,17,3,0,1354.791421,1,-50.14712946,-0.029955694,-7.280704831,1363.347678,0.046879303
229.674275,5.898751272,1354.791421,1,1,100,17,3,0,1366.215918,1,21.80128741,-0.034630578,5.014853414,1365.378969,0.049221346
227.5329357,6.004475411,1366.215918,1,1,100,17,3,0,1372.982312,1,11.42449644,0.105724139,-2.141339209,1364.169705,0.049971252
231.1649554,5.939405086,1372.982312,1,1,100,17,3,0,1390.300875,1,6.766393861,-0.065070325,3.632019654,1362.02341,0.039171508
231.5454682,6.004440019,1390.300875,1,1,100,17,3,0,1378.633763,1,17.31856352,0.065034933,0.380512782,1363.456132,0.046799168
229.5439181,6.005969463,1378.633763,1,1,99.98621366,18,3,0,1377.182268,0,-11.66711259,0.001529445,-2.001550069,1372.584858,0.049191085
231.7740611,5.941917149,1377.182268,1,1,99.97244184,18,3,0,1365.013617,0,-1.451494307,-0.064052314,2.230142984,1377.063027,0.035235446
229.1807695,5.956056523,1365.013617,1,1,99.9587917,18,3,0,1368.219986,0,-12.16865143,0.014139374,-2.593291625,1376.822567,0.033158915
230.8697529,5.926371768,1368.219986,1,1,99.9451095,18,3,0,1369.446572,0,3.20636868,-0.029684755,1.688983414,1375.870102,0.036468906
231.8190783,5.907393742,1369.446572,1,1,99.93141504,18,3,0,1362.018293,0,1.226586686,-0.018978026,0.949325403,1371.699241,0.03734289
229.4490081,5.93603914,1362.018293,1,1,99.91779486,18,3,0,1337.60776,0,-7.428279362,0.028645398,-2.370070155,1368.376147,0.018155063
227.3393821,5.883748553,1337.60776,1,1,99.90441878,18,3,0,1366.870434,0,-24.41053271,-0.052290587,-2.109626071,1360.461246,0.027624908
231.6953786,5.899428995,1366.870434,1,1,99.89075007,18,3,0,1350.480967,0,29.26267411,0.015680442,4.355996528,1360.832609,0.020928271
230.3241331,5.863393248,1350.480967,1,1,99.87724526,18,3,0,1376.083359,0,-16.38946784,-0.036035747,-1.371245534,1357.284805,0.027101622
229.6640887,5.991721938,1376.083359,1,1,99.86348443,18,3,0,1376.629651,0,25.60239233,0.12832869,-0.660044323,1358.612163,0.050525187
228.7857665,6.017112304,1376.629651,1,1,99.84971813,18,3,0,1361.589079,0,0.546291894,0.025390366,-0.878322224,1361.534434,0.068743273
229.3981442,5.935484281,1361.589079,1,1,99.83610224,18,3,0,1363.879799,0,-15.0405716,-0.081628024,0.612377729,1366.330698,0.063533969
231.1527391,5.900340202,1363.879799,1,1,99.82246344,18,3,0,1347.975723,0,2.290719915,-0.035144078,1.754594811,1365.732571,0.063384512
228.9753226,5.886991261,1347.975723,1,1,99.80898369,18,3,0,1375.974263,0,-15.9040757,-0.013348941,-2.17741642,1365.231522,0.056622301
231.6639668,5.93952647,1375.974263,1,1,99.79522394,18,3,0,1350.044963,0,27.9985396,0.052535208,2.688644187,1365.209703,0.050658973
227.5611158,5.932669815,1350.044963,1,1,99.7817235,18,3,0,1362.434994,0,-25.92930014,-0.006856655,-4.102850995,1359.892766,0.023731196
229.1805265,5.944811347,1362.434994,1,1,99.76809915,18,3,0,1352.595212,0,12.39003138,0.012141532,1.619410652,1360.061949,0.025640442
230.1723779,5.876444533,1352.595212,1,1,99.75457319,18,3,0,1338.746367,0,-9.839782545,-0.068366813,0.991851402,1357.805031,0.031888767
225.9097851,5.926022045,1338.746367,1,1,99.74118573,18,3,0,1361.842139,0,-13.84884513,0.049577511,-4.26259279,1355.95916,0.027454075
226.505334,6.012406484,1361.842139,1,1,99.72756731,18,3,0,1350.109924,0,23.09577247,0.08638444,0.595548939,1353.132735,0.048843036
228.759902,5.901864407,1350.109924,1,1,99.71406621,18,3,0,1362.006071,0,-11.73221543,-0.110542077,2.254567998,1353.145727,0.051621588
230.2599551,5.915080068,1362.006071,1,1,99.70044615,18,3,0,1337.52245,0,11.89614716,0.013215661,1.500053051,1353.059942,0.051533815
227.617745,5.876178284,1337.52245,1,1,99.68707092,18,3,0,1363.649945,0,-24.48362043,-0.038901784,-2.642210052,1350.04539,0.051598389
228.5089369,5.967600058,1363.649945,1,1,99.67343442,18,3,0,1361.019778,0,26.12749442,0.091421774,0.891191832,1355.026106,0.054791863
229.8438114,5.921498471,1361.019778,1,1,99.65982423,18,3,0,1351.453696,0,-2.630166982,-0.046101587,1.334874541,1354.861633,0.033459837
229.2338926,5.895523042,1351.453696,1,1,99.64630969,18,3,0,1375.127874,0,-9.566082128,-0.025975429,-0.609918823,1355.130388,0.034261222
230.5668235,5.964118572,1375.127874,1,1,99.63255841,18,3,0,1355.382855,0,23.67417863,0.068595531,1.332930936,1357.754749,0.040650148
228.4141184,5.933883878,1355.382855,1,1,99.61900458,18,3,0,1345.043257,0,-19.7450196,-0.030234695,-2.152705102,1361.326829,0.030170338
228.4168212,5.888547305,1345.043257,1,1,99.60555415,18,3,0,1337.876887,0,-10.3395979,-0.045336572,0.002702754,1357.605492,0.030525803
225.5556024,5.931472649,1337.876887,1,1,99.59217538,18,3,0,1364.109315,0,-7.166370108,0.042925344,-2.86121874,1352.976914,0.030913305
231.5140728,5.892122664,1364.109315,1,1,99.57853429,18,3,0,1376.748434,0,26.23242849,-0.039349985,5.958470343,1355.508038,0.031688585
231.8554526,5.937960132,1376.748434,1,1,99.5647668,18,3,0,1362.977916,0,12.63911888,0.045837468,0.341379848,1355.832149,0.024300629
229.3633363,5.942440228,1362.977916,1,1,99.55113702,18,3,0,1367.362068,0,-13.77051769,0.004480096,-2.492116324,1357.351162,0.026043465
228.4738216,5.984764723,1367.362068,1,1,99.5374634,18,3,0,1372.943343,0,4.384151613,0.042324496,-0.889514649,1361.814924,0.032991232
230.1972256,5.964204559,1372.943343,1,1,99.52373397,18,3,0,1260.312896,0,5.581274831,-0.020560164,1.723404008,1368.828215,0.034639978
230.2083968,5.474660845,1260.312896,0,1,99.51113084,18,2,0,1259.447598,0,-112.6304468,-0.489543714,0.011171127,1348.068931,0.216669111
229.2132397,5.494654672,1259.447598,0,1,99.49853636,18,2,0,1281.710976,0,-0.865297574,0.019993827,-0.995157064,1324.608764,0.262960163
227.8483381,5.625281215,1281.710976,0,1,99.48571926,18,2,0,1267.487252,0,22.26337789,0.130626543,-1.364901586,1308.355376,0.249520907
227.793313,5.564198685,1267.487252,0,1,99.47304438,18,2,0,1274.166262,0,-14.22372386,-0.061082531,-0.055025136,1288.380413,0.198964556
228.6534589,5.57247753,1274.166262,0,1,99.46030272,18,2,0,1284.0668,0,6.679009207,0.008278845,0.860145893,1268.624997,0.061325069
229.5788265,5.593141229,1284.0668,0,1,99.44746205,18,2,0,1476.906295,0,9.900538081,0.020663699,0.925367614,1273.375778,0.048239582
224.8339598,6.568875522,1476.906295,1,1,99.43269299,18,3,0,1381.053139,0,192.8394952,0.975734293,-4.7448667,1316.867517,0.438947469
232.8231952,5.931767829,1381.053139,1,1,99.41888246,18,3,0,1339.553331,0,-95.8531558,-0.637107693,7.989235405,1336.73595,0.432454963
228.6032666,5.859729613,1339.553331,1,1,99.40548692,18,3,0,1373.56277,0,-41.49980865,-0.072038217,-4.219928649,1351.149165,0.403523086
230.4012651,5.961611232,1373.56277,1,1,99.3917513,18,3,0,1387.31998,0,34.00943925,0.101881619,1.797998535,1371.028467,0.358300777
234.0781657,5.926738088,1387.31998,1,1,99.3778781,18,3,0,1385.362541,0,13.75721064,-0.034873144,3.676900662,1391.679103,0.292582988
230.8592408,6.000897066,1385.362541,1,1,99.36402447,18,3,0,1368.914005,0,-1.957439691,0.074158979,-3.218924971,1373.370352,0.051933419
230.2247474,5.945989824,1368.914005,1,1,99.35033533,18,3,0,1357.897333,0,-16.44853555,-0.054907243,-0.634493376,1370.942525,0.052022882
226.6951065,5.98997197,1357.897333,1,1,99.33675636,18,3,0,1370.240581,0,-11.01667177,0.043982146,-3.529640939,1374.611326,0.03061468
229.7178272,5.964885695,1370.240581,1,1,99.32305395,18,3,0,1362.982942,0,12.34324801,-0.025086275,3.022720749,1373.946888,0.030557923
229.8413792,5.930102522,1362.982942,1,1,99.30942412,18,3,0,-1136.3633,0,-7.257639027,-0.034783173,0.12355199,1369.079481,0.029504474
227.27266,-5,-1136.3633,1,1,99.2959508,18,3,1,1355.707489,0,-2499.346243,-10.93010252,-2.568719156,864.7343125,4.900499995
227.6736035,5.95460988,1355.707489,1,1,99.28239372,18,3,0,1350.769535,0,2492.070789,10.95460988,0.400943428,862.0930092,4.901459993
230.235575,5.86690191,1350.769535,1,1,99.26888603,18,3,0,1357.976892,0,-4.937954091,-0.08770797,2.561971511,860.6674494,4.887801643
230.311084,5.896272415,1357.976892,1,1,99.25530626,18,3,0,1338.222597,0,7.207357081,0.029370505,0.075509049,858.2147114,4.880095421
225.3986142,5.937137642,1338.222597,1,1,99.24192403,18,3,0,1381.175822,0,-19.75429488,0.040865227,-4.912469824,853.2626423,4.880889437
229.6683498,6.01378389,1381.175822,1,1,99.22811228,18,3,0,1365.995,0,42.95322497,0.076646248,4.269735545,1356.770467,0.05640317
228.6368193,5.974518909,1365.995,1,1,99.21445233,18,3,0,1355.400077,0,-15.18082188,-0.039264981,-1.031530489,1358.827969,0.058892526
228.8477762,5.922714651,1355.400077,1,1,99.20089832,18,3,0,1386.128161,0,-10.59492316,-0.051804258,0.210956902,1359.754077,0.045988952
231.4328909,5.989330883,1386.128161,1,1,99.18703704,18,3,0,1365.092244,0,30.72808417,0.066616232,2.585114736,1365.384331,0.037402043
229.1794861,5.956432956,1365.092244,1,1,99.17338612,19,3,0,1361.241748,0,-21.03591695,-0.032897927,-2.253404789,1370.758261,0.034358057
229.762168,5.924568694,1361.241748,1,1,99.1597737,19,3,0,1380.990107,0,-3.850496291,-0.031864262,0.58268191,1366.771446,0.029660606
231.658695,5.961313506,1380.990107,1,1,99.1459638,19,3,0,1359.494481,0,19.74835945,0.036744812,1.896526945,1369.770467,0.027855588
227.8913309,5.965538379,1359.494481,1,1,99.13236886,19,3,0,1363.720729,0,-21.49562619,0.004224873,-3.767364023,1370.589348,0.023233679
228.3403035,5.97231723,1363.720729,1,1,99.11873165,19,3,0,1337.628366,0,4.226248195,0.006778851,0.448972599,1366.107862,0.018530884
227.7324266,5.873684243,1337.628366,1,1,99.10535537,19,3,0,1351.517935,0,-26.09236361,-0.098632987,-0.607876982,1360.615086,0.041186932
229.4257285,5.890873458,1351.517935,1,1,99.09184019,19,3,0,1378.261176,0,13.88956904,0.017189215,1.693301928,1358.670323,0.046634016
233.6093379,5.899854811,1378.261176,1,1,99.07805758,19,3,0,1361.490218,0,26.74324148,0.008981353,4.183609383,1358.124537,0.045302155
228.2870727,5.963939185,1361.490218,1,1,99.06444267,19,3,0,1351.623954,0,-16.77095795,0.064084374,-5.322265221,1358.523685,0.044908208
229.1685118,5.897947948,1351.623954,1,1,99.05092643,19,3,0,1327.978882,0,-9.866263912,-0.065991237,0.881439183,1356.10433,0.034387243
225.379858,5.892180844,1327.978882,1,1,99.03764664,19,3,0,1362.749121,0,-23.64507216,-0.005767104,-3.788653831,1354.174433,0.030965883
228.7631418,5.957030972,1362.749121,1,1,99.02401915,19,3,0,1335.111949,0,34.77023926,0.064850128,3.383283832,1356.42067,0.035156703
225.6243556,5.917410582,1335.111949,1,1,99.01066803,19,3,0,1386.465291,0,-27.6371719,-0.03962039,-3.138786239,1347.790825,0.033189945
229.7306351,6.035178073,1386.465291,1,1,98.99680338,19,3,0,1341.529536,0,51.35334201,0.117767491,4.106279462,1352.78584,0.058979309
226.9397342,5.911391149,1341.529536,1,1,98.98338809,19,3,0,1361.614059,0,-44.93575544,-0.123786924,-2.790900873,1350.766956,0.056854058
228.6550184,5.954883773,1361.614059,1,1,98.96977195,19,3,0,1367.89492,0,20.08452295,0.043492625,1.715284239,1357.493991,0.049363949
230.436109,5.936113597,1367.89492,1,1,98.956093,19,3,0,1353.830657,0,6.28086102,-0.018770176,1.781090563,1358.523151,0.050049342
227.9487351,5.939189162,1353.830657,1,1,98.94255469,19,3,0,1374.731942,0,-14.06426274,0.003075565,-2.487373862,1362.266893,0.047266085
231.2865923,5.943846239,1374.731942,1,1,98.92880737,19,3,0,1371.170432,0,20.90128439,0.004657077,3.337857154,1359.920223,0.016031655
227.6634626,6.022795298,1371.170432,1,1,98.91509567,19,3,0,1357.964456,0,-3.561509247,0.078949059,-3.623129638,1365.848402,0.036166311
229.7977238,5.909390372,1357.964456,1,1,98.90151602,19,3,0,1393.088724,0,-13.2059759,-0.113404926,2.134261145,1365.118481,0.042706897
232.9499641,5.980205792,1393.088724,1,1,98.88758513,19,3,0,1365.969541,0,35.12426778,0.07081542,3.152240269,1370.157242,0.043596761
227.838799,5.995333313,1365.969541,1,1,98.87392544,19,3,0,1368.128825,0,-27.11918275,0.015127522,-5.1111651,1372.585019,0.044413768
232.2874794,5.889808734,1368.128825,1,1,98.86024415,19,3,0,1350.845442,0,2.159283328,-0.105524579,4.448680395,1371.264396,0.05719899
227.0698599,5.949030149,1350.845442,1,1,98.8467357,19,3,0,1372.197554,0,-17.28338266,0.059221414,-5.217619502,1367.199398,0.045008195
229.8629737,5.969632831,1372.197554,1,1,98.83301372,19,3,0,1360.758298,0,21.3521123,0.020602682,2.793113839,1370.046017,0.041065585
228.9044695,5.944655867,1360.758298,1,1,98.81940614,19,3,0,1374.285342,0,-11.43925675,-0.024976964,-0.958504195,1363.579932,0.039027466
230.3939537,5.964936667,1374.285342,1,1,98.80566328,19,3,0,1345.881438,0,13.52704478,0.0202808,1.489484224,1365.243092,0.031847537
227.9032998,5.905493423,1345.881438,1,1,98.79220447,19,3,0,1362.75317,0,-28.40390448,-0.059443244,-2.490653943,1360.793615,0.025328188
229.4719093,5.938649199,1362.75317,1,1,98.77857694,19,3,0,1385.003705,0,16.87173247,0.033155776,1.56860953,1363.175161,0.025519282
231.3680256,5.986149991,1385.003705,1,1,98.7647269,19,3,0,1387.12697,0,22.2505342,0.047500792,1.89611633,1365.736391,0.030198095
230.7844761,6.010486467,1387.12697,1,1,98.75085563,19,3,0,1359.680711,0,2.123265498,0.024336476,-0.583549574,1371.010125,0.040857575
230.4618313,5.899808674,1359.680711,1,1,98.73725882,19,3,0,1370.149248,0,-27.44625899,-0.110677793,-0.322644788,1368.089199,0.048929954
232.6210715,5.890047875,1370.149248,1,1,98.72355733,19,3,0,1370.841088,0,10.46853637,-0.009760799,2.159240179,1372.942761,0.052640573
229.8522525,5.964009808,1370.841088,1,1,98.70984892,19,3,0,1393.819951,0,0.691840618,0.073961933,-2.768818986,1374.560344,0.053092102
233.0981604,5.979540762,1393.819951,1,1,98.69591072,19,3,0,1375.797304,0,22.97886328,0.015530954,3.245907904,1376.323594,0.052042081
228.5238518,6.020366333,1375.797304,1,1,98.68215275,19,3,0,1370.920143,0,-18.02264779,0.040825571,-4.574308567,1374.05766,0.055070253
231.3725087,5.92516436,1370.920143,1,1,98.66844355,19,3,0,1353.507348,0,-4.877161116,-0.095201972,2.848656895,1376.305547,0.050154055
228.7181622,5.917795661,1353.507348,1,1,98.65490847,19,3,0,1359.238954,0,-17.4127943,-0.007368699,-2.654346449,1372.977167,0.041914448
227.2924852,5.980131516,1359.238954,1,1,98.64131608,19,3,0,1382.194432,0,5.731605957,0.062335854,-1.42567702,1370.65674,0.042778949
233.5094557,5.919222531,1382.194432,1,1,98.62749414,19,3,0,1353.50021,0,22.9554774,-0.060908985,6.216970505,1368.331636,0.045903027
229.4207663,5.899641222,1353.50021,1,1,98.61395914,19,3,0,1389.910722,0,-28.69422123,-0.019581309,-4.088689395,1363.872217,0.030456378
229.4136199,6.058536204,1389.910722,1,1,98.60006003,19,3,0,1347.645037,0,36.41051151,0.158894981,-0.007146428,1367.670333,0.065345431
225.3946964,5.97904502,1347.645037,1,1,98.58658358,19,3,0,1378.85083,0,-42.26568459,-0.079491184,-4.018923479,1366.497871,0.062281197
232.2660513,5.93651471,1378.85083,1,1,98.57279507,19,3,0,1373.699348,0,31.20579282,-0.04253031,6.871354852,1370.420246,0.063086698
230.085896,5.970376161,1373.699348,1,1,98.55905808,19,3,0,1397.766605,0,-5.151481812,0.033861451,-2.180155333,1368.72123,0.059129741
234.8652315,5.951356001,1397.766605,1,1,98.54508041,19,3,0,1370.046109,0,24.06725681,-0.01902016,4.77933557,1377.574509,0.047353547
228.5729624,5.993911506,1370.046109,1,1,98.53137995,19,3,0,-1151.133709,0,-27.7204957,0.042555505,-6.292269101,1373.601586,0.022649034
230.2267418,-5,-1151.133709,0,1,98.51855211,19,2,1,1272.733289,0,-2521.179818,-10.99391151,1.653779377,873.8458368,4.902867444
227.1594588,5.60281881,1272.733289,0,1,98.50582477,19,2,0,1278.310125,0,2423.866997,10.60281881,-3.067283004,852.6223285,4.868159123
229.4684822,5.5707438,1278.310125,0,1,98.49304167,19,2,0,1268.773003,0,5.576836216,-0.032075009,2.309023436,833.5444837,4.82472739
228.9750141,5.541098044,1268.773003,0,1,98.48035394,19,2,0,1296.02669,0,-9.537121859,-0.029645757,-0.493468091,807.7457633,4.778514471
230.0079224,5.634704563,1296.02669,0,1,98.46739368,19,2,0,1294.901589,0,27.25368715,0.093606519,1.032908293,792.9418794,4.734932245
231.5632463,5.591999635,1294.901589,0,1,98.45444466,19,2,0,1305.179116,0,-1.125101247,-0.042704928,1.555323876,1282.148939,0.035050349
232.270469,5.619221081,1305.179116,0,1,98.44139287,19,2,0,1268.34516,0,10.27752692,0.027221446,0.707222658,1288.638104,0.037438299
229.7256144,5.521130775,1268.34516,0,1,98.42870942,19,2,0,1286.648549,0,-36.83395594,-0.098090306,-2.544854519,1286.645111,0.049093084
231.6221757,5.55494544,1286.648549,0,1,98.41584293,19,2,0,1298.843959,0,18.30338887,0.033814665,1.89656123,1290.220221,0.046560115
230.708622,5.629802423,1298.843959,0,1,98.40285449,19,2,0,1275.400997,0,12.1954102,0.074856982,-0.913553714,1290.783674,0.04526976
229.5165892,5.556901142,1275.400997,0,1,98.39010048,19,2,0,1305.868989,0,-23.44296208,-0.072901281,-1.192032739,1286.883556,0.046315911
232.3318913,5.620704854,1305.868989,0,1,98.37704179,19,2,0,1252.503492,0,30.46799241,0.063803712,2.815302092,1287.021531,0.046662321
228.0385464,5.49250779,1252.503492,0,1,98.36451676,20,2,0,1299.986401,0,-53.36549687,-0.128197064,-4.293344943,1283.853197,0.056004123
228.7757388,5.682361282,1299.986401,0,1,98.35151689,20,2,0,1267.405057,0,47.48290824,0.189853493,0.737192438,1286.520767,0.073228283
228.7245645,5.541184697,1267.405057,0,1,98.33884284,20,2,0,1277.291611,0,-32.58134378,-0.141176586,-0.051174273,1280.232987,0.073860932
229.061415,5.576197157,1277.291611,0,1,98.32606993,20,2,0,1263.262119,0,9.886554097,0.03501246,0.336850426,1280.61111,0.072933399
227.6922781,5.548111377,1263.262119,0,1,98.31343731,20,2,0,1308.828899,0,-14.02949222,-0.02808578,-1.36913686,1272.089736,0.070638802
228.2705708,5.733673399,1308.828899,0,1,98.30034902,20,2,0,1280.356922,0,45.56678068,0.185562022,0.57829265,1283.354817,0.086661472
227.7647806,5.621399933,1280.356922,0,1,98.28754545,20,2,0,1267.282458,0,-28.47197696,-0.112273466,-0.505790156,1279.428922,0.078993959
228.3941109,5.548665211,1267.282458,0,1,98.27487262,20,2,0,1262.579956,0,-13.07446462,-0.072734722,0.629330322,1279.404402,0.077562027
229.1572813,5.509665451,1262.579956,0,1,98.26224682,20,2,0,1291.574189,0,-4.702501806,-0.03899976,0.763170429,1276.462071,0.088767029
231.449298,5.580376352,1291.574189,0,1,98.24933108,20,2,0,1275.402586,0,28.99423327,0.070710901,2.292016645,1282.124485,0.085877059
231.5020446,5.50924977,1275.402586,0,1,98.23657706,20,2,0,1263.993983,0,-16.17160304,-0.071126582,0.052746633,1275.439222,0.04804939
227.896955,5.546339936,1263.993983,0,1,98.22393712,20,2,0,1286.83023,0,-11.40860352,0.037090166,-3.605089667,1272.166634,0.030019937
231.9120015,5.548786703,1286.83023,0,1,98.21106881,20,2,0,1263.069065,0,22.83624731,0.002446767,4.0150465,1276.076189,0.030029906
228.0589856,5.538343781,1263.069065,0,1,98.19843812,20,2,0,1270.662183,0,-23.76116523,-0.010442922,-3.853015821,1276.174011,0.025442486
229.7242784,5.531248991,1270.662183,0,1,98.1857315,20,2,0,1285.597118,0,7.593118609,-0.007094789,1.665292783,1271.991609,0.015864899
231.1931972,5.560704786,1285.597118,0,1,98.17287553,20,2,0,1249.417933,0,14.9349348,0.029455794,1.468918776,1274.030516,0.011137037
228.1668222,5.475896632,1249.417933,0,1,98.16038135,20,2,0,1245.878039,0,-36.17918517,-0.084808154,-3.026375041,1271.115306,0.032745669
226.4145209,5.502641941,1245.878039,0,1,98.14792257,20,2,0,1296.793798,0,-3.539894206,0.026745309,-1.752301272,1262.924868,0.032979947
231.5249331,5.601097821,1296.793798,0,1,98.13495463,20,2,0,1267.887454,0,50.91575963,0.09845588,5.110412221,1269.669814,0.048942964
229.763786,5.518221458,1267.887454,0,1,98.12227576,20,2,0,1270.569651,0,-28.90634441,-0.082876363,-1.761147149,1269.114868,0.049490888
231.613587,5.485730208,1270.569651,0,1,98.10957006,20,2,0,1286.232036,0,2.682197136,-0.03249125,1.849801082,1266.109375,0.049867267
230.9414994,5.569514529,1286.232036,0,1,98.09670774,20,2,0,1264.920259,0,15.6623852,0.083784321,-0.67208764,1273.472196,0.048257842
230.1856002,5.495218891,1264.920259,0,1,98.08405854,20,2,0,1257.942173,0,-21.31177764,-0.074295639,-0.755899186,1277.28064,0.049614261
226.9304575,5.54329369,1257.942173,0,1,98.07147912,20,2,0,1292.253315,0,-6.978085227,0.048074799,-3.255142661,1269.510315,0.034486489
231.7749701,5.575465351,1292.253315,0,1,98.05855658,20,2,0,1280.661357,0,34.31114158,0.032171661,4.844512564,1274.383487,0.041535696
231.0174446,5.54356992,1280.661357,0,1,98.04574997,20,2,0,1240.330147,0,-11.59195809,-0.03189543,-0.757525528,1276.401828,0.031667667
227.2017902,5.459156577,1240.330147,0,1,98.03334667,20,2,0,1269.181482,0,-40.33120945,-0.084413344,-3.815654343,1267.22145,0.045920475
229.429198,5.53190916,1269.181482,0,1,98.02065485,20,2,0,1291.744648,0,28.85133458,0.072752583,2.227407772,1268.073695,0.04315117
232.1851161,5.563425728,1291.744648,0,1,98.00773741,20,2,0,1265.478742,0,22.56316632,0.031516568,2.755918055,1274.83419,0.045497951
229.6167685,5.511264487,1265.478742,0,1,97.99508262,20,2,0,1294.903084,0,-26.26590619,-0.05216124,-2.568347526,1269.479275,0.039824616
230.4777445,5.618343269,1294.903084,0,1,97.98213359,20,2,0,1284.893018,0,29.42434231,0.107078781,0.860975974,1272.327621,0.059293161
230.5063288,5.574220129,1284.893018,0,1,97.96928466,20,2,0,1273.457555,0,-10.01006665,-0.044123139,0.028584266,1281.240195,0.041176419
229.5806261,5.546885976,1273.457555,0,1,97.95655008,20,2,0,1289.036479,0,-11.43546263,-0.027334154,-0.925702686,1282.09541,0.039131276
234.1174183,5.505940089,1289.036479,0,1,97.94365972,20,2,0,1282.252398,0,15.57892398,-0.040945887,4.536792251,1281.553776,0.046636828
228.7598276,5.605234152,1282.252398,0,1,97.93083719,20,2,0,1276.826889,0,-6.784081125,0.099294063,-5.357590778,1284.908507,0.045371189
230.4961478,5.539471706,1276.826889,0,1,97.91806893,20,2,0,1262.394561,0,-5.425508717,-0.065762446,1.736320277,1281.293268,0.037431984
230.2310215,5.48316449,1262.394561,0,1,97.90544498,20,2,0,1250.522471,0,-14.43232788,-0.056307215,-0.265126392,1276.793577,0.046419331
227.8741282,5.487777313,1250.522471,0,1,97.89293976,20,2,0,1265.178781,0,-11.87209072,0.004612822,-2.356893288,1272.20656,0.050357818
229.34633,5.516455316,1265.178781,0,1,97.88028797,20,2,0,1286.359533,0,14.65631041,0.028678003,1.472201809,1267.43502,0.049612521
230.0125456,5.592562481,1286.359533,0,1,97.86742437,20,2,0,1253.310724,0,21.18075164,0.076107166,0.666215629,1268.256447,0.044656094
226.0859539,5.543514324,1253.310724,0,1,97.85489126,20,2,0,1281.715493,0,-33.0488087,-0.049048158,-3.926591655,1263.553214,0.045043738
231.0297224,5.547838083,1281.715493,0,1,97.84207411,20,2,0,1278.909531,0,28.40476849,0.00432376,4.9437685,1267.4174,0.039019436
231.1105704,5.53375611,1278.909531,0,1,97.82928501,20,2,0,1283.137888,0,-2.805961523,-0.014081973,0.080847959,1273.094812,0.028271088
231.8579649,5.534154882,1283.137888,0,1,97.81645364,20,2,0,1293.114326,0,4.228357288,0.000398773,0.747394468,1276.686634,0.024354505
229.7787022,5.627650926,1293.114326,0,1,97.80352249,20,2,0,1286.437165,0,9.976438043,0.093496043,-2.079262637,1278.037592,0.039745448
230.440155,5.582521696,1286.437165,0,1,97.79065812,20,2,0,1271.665317,0,-6.677161363,-0.04512923,0.661452785,1284.662881,0.040168743
231.3984919,5.495564413,1271.665317,0,1,97.77794147,20,2,0,1274.950519,0,-14.7718476,-0.086957283,0.958336885,1282.652846,0.051121536
230.7511085,5.525219479,1274.950519,0,1,97.76519196,20,2,0,1265.13025,0,3.285201909,0.029655065,-0.647383421,1281.861043,0.052129721
229.615971,5.509765912,1265.13025,0,1,97.75254066,20,2,0,1261.367383,0,-9.820269613,-0.015453567,-1.13513752,1278.259516,0.055376442
229.8197074,5.48850835,1261.367383,0,1,97.73992699,20,2,0,1281.880632,0,-3.762866397,-0.021257562,0.203736481,1271.910127,0.037514213
228.922237,5.599633522,1281.880632,0,1,97.72710818,20,2,0,1256.994948,0,20.51324878,0.111125172,-0.897470471,1270.99882,0.044700178
226.51797,5.549206309,1256.994948,0,1,97.71453823,20,2,0,-1140.970993,0,-24.88568373,-0.050427213,-2.404266939,1268.064747,0.042637368
228.1941987,-5,-1140.970993,0,1,97.70170203,20,2,1,1260.423335,0,-2397.965942,-10.54920631,1.67622865,784.880444,4.712380667
229.3285787,5.496145931,1260.423335,0,1,97.6890978,20,2,0,1279.194207,0,2401.394328,10.49614593,1.134380055,783.939061,4.710881185
233.7834917,5.471704601,1279.194207,0,1,97.67630585,20,2,0,1254.181185,0,18.77087238,-0.02444133,4.45491296,787.5044258,4.709048199
229.1649077,5.472832633,1254.181185,0,1,97.66376404,20,2,0,1269.812273,0,-25.01302201,0.001128031,-4.618583974,781.9645365,4.694717514
231.718119,5.479986971,1269.812273,0,1,97.65106592,20,2,0,1303.635164,0,15.63108795,0.007154338,2.553211312,784.5280015,4.686883559
229.6264517,5.677199446,1303.635164,0,1,97.63802957,20,2,0,1278.405839,0,33.82289108,0.197212475,-2.091667355,1273.449233,0.088653854
229.2901625,5.575493625,1278.405839,0,1,97.62524551,20,2,0,1272.762443,0,-25.2293252,-0.101705821,-0.336289201,1277.045734,0.090494413
227.1520948,5.603128797,1272.762443,0,1,97.61251788,20,2,0,1262.350244,0,-5.643395672,0.027635173,-2.138067732,1275.759381,0.086344015
226.4480677,5.574568407,1262.350244,0,1,97.59989438,21,2,0,1263.280723,0,-10.41219981,-0.028560391,-0.704027103,1277.393193,0.07073463
229.0716061,5.514785284,1263.280723,0,1,97.58726157,21,2,0,1279.01064,0,0.930478941,-0.059783122,2.623538497,1276.086883,0.058900926
229.9605603,5.561869559,1279.01064,0,1,97.57447147,21,2,0,1271.803143,0,15.72991751,0.047084275,0.88895413,1271.161978,0.032334567
232.4437156,5.47144559,1271.803143,0,1,97.56175344,21,2,0,1275.884424,0,-7.207497373,-0.090423969,2.483155321,1269.841439,0.05210778
227.1435822,5.617083309,1275.884424,0,1,97.54899459,21,2,0,1250.466372,0,4.081281683,0.145637719,-5.300133394,1270.465835,0.056201715
226.2817583,5.526147496,1250.466372,0,1,97.53648993,21,2,0,1301.088632,0,-25.41805248,-0.090935814,-0.861823904,1268.08906,0.054617913
232.7293369,5.590565632,1301.088632,0,1,97.52347904,21,2,0,1251.381507,0,50.62226056,0.064418136,6.447578621,1275.650642,0.056938131
224.8562744,5.565250562,1251.381507,0,1,97.51096523,21,2,0,1266.411585,0,-49.70712511,-0.025315069,-7.873062548,1270.124816,0.057083423
231.0218683,5.481782286,1266.411585,0,1,97.49830111,21,2,0,1273.77155,0,15.0300779,-0.083468277,6.165593932,1269.046504,0.053410743
231.1608748,5.510325011,1273.77155,0,1,97.4855634,21,2,0,1266.815503,0,7.359964556,0.028542726,0.13900645,1268.623929,0.043364186
223.9992767,5.655444613,1266.815503,0,1,97.47289524,21,2,0,1269.39524,0,-6.956047036,0.145119602,-7.161598045,1271.893756,0.068291374
230.9660491,5.49602526,1269.39524,0,1,97.46020129,21,2,0,1282.645359,0,2.579737518,-0.159419353,6.966772421,1265.555077,0.070980893
229.7433565,5.582948636,1282.645359,0,1,97.44737484,21,2,0,1245.215442,0,13.25011851,0.086923376,-1.222692626,1271.807847,0.072861178
228.2304235,5.455957284,1245.215442,0,1,97.43492268,21,2,0,1260.945161,0,-37.42991725,-0.126991352,-1.512933005,1267.568619,0.079135179
223.6896888,5.637028542,1260.945161,0,1,97.42231323,21,2,0,1274.690004,0,15.72971907,0.181071258,-4.540734662,1265.003341,0.087087836
228.8150991,5.570829936,1274.690004,0,1,97.40956633,21,2,0,1268.836612,0,13.74484314,-0.066198607,5.125410261,1266.578241,0.072180976
227.4343047,5.578914814,1268.836612,0,1,97.39687796,21,2,0,1257.95013,0,-5.853392162,0.008084878,-1.3807944,1266.466515,0.066385421
226.0940943,5.563834536,1257.95013,0,1,97.38429846,21,2,0,1271.207932,0,-10.88648112,-0.015080278,-1.340210359,1261.52747,0.065649494
227.9208289,5.577410096,1271.207932,0,1,97.37158638,21,2,0,1277.660099,0,13.25780175,0.01357556,1.826734577,1266.725968,0.029362184
228.3384012,5.595467483,1277.660099,0,1,97.35880978,21,2,0,1282.868664,0,6.452166753,0.018057387,0.417572293,1270.068955,0.011788313
230.0425696,5.576657686,1282.868664,0,1,97.34598109,21,2,0,1244.254992,0,5.208564847,-0.018809796,1.704168364,1271.704687,0.011266278
224.0962006,5.552325244,1244.254992,0,1,97.33353854,21,2,0,1282.597016,0,-38.61367213,-0.024332442,-5.946368975,1266.788363,0.016193903
230.8025897,5.557117091,1282.597016,0,1,97.32071257,21,2,0,1276.566721,0,38.34202423,0.004791847,6.706389097,1271.717741,0.017393058
228.4917138,5.586927857,1276.566721,0,1,97.30794691,21,2,0,1250.431968,0,-6.03029487,0.029810765,-2.31087586,1272.789498,0.018637465
225.2719214,5.550767092,1250.431968,0,1,97.29544259,21,2,0,1284.383666,0,-26.13475322,-0.036160765,-3.219792456,1267.343872,0.016138521
228.2911177,5.626078136,1284.383666,0,1,97.28259875,21,2,0,1270.41584,0,33.95169781,0.075311044,3.019196285,1267.646872,0.032294696
228.4459263,5.56112276,1270.41584,0,1,97.26989459,21,2,0,1276.12835,0,-13.96782568,-0.064955376,0.154808608,1272.879042,0.030987996
230.2681156,5.541923799,1276.12835,0,1,97.25713331,21,2,0,1287.960309,0,5.712509691,-0.019198961,1.822189286,1271.585309,0.033954796
231.2419683,5.569751537,1287.960309,0,1,97.24425371,21,2,0,1268.610089,0,11.83195884,0.027827739,0.973852756,1273.864026,0.033097496
227.8147223,5.568604503,1268.610089,0,1,97.23156761,21,2,0,1265.331112,0,-19.35021994,-0.001147035,-3.427245984,1277.49965,0.031435369
225.9135519,5.600952673,1265.331112,0,1,97.21891429,21,2,0,1267.292149,0,-3.278976351,0.03234817,-1.901170456,1273.68914,0.02130415
227.4798658,5.571007986,1267.292149,0,1,97.20624137,21,2,0,1261.177033,0,1.961036643,-0.029944686,1.566313877,1273.064402,0.020906711
228.0363545,5.530596366,1261.177033,0,1,97.1936296,21,2,0,1278.653143,0,-6.115115528,-0.04041162,0.556488709,1270.074138,0.024986121
230.5081784,5.547105319,1278.653143,0,1,97.18084307,21,2,0,1273.666196,0,17.47610925,0.016508953,2.471823973,1268.212705,0.026629146
230.6619042,5.521788264,1273.666196,0,1,97.16810641,21,2,0,1277.450649,0,-4.986947071,-0.025317055,0.153725752,1269.223926,0.032118012
228.0397736,5.601876504,1277.450649,0,1,97.1553319,21,2,0,1274.350473,0,3.784453857,0.080088239,-2.622130627,1271.647834,0.032454454
229.3676691,5.55592895,1274.350473,0,1,97.1425884,21,2,0,1266.231433,0,-3.100176209,-0.045947553,1.327895571,1273.059499,0.031210822
225.9346182,5.604415309,1266.231433,0,1,97.12992608,21,2,0,1275.630771,0,-8.119040029,0.048486358,-3.433050905,1274.070379,0.035971251
226.7926636,5.624656242,1275.630771,0,1,97.11716978,21,2,0,1263.251446,0,9.399337792,0.020240934,0.858045354,1273.465904,0.041898308
227.507724,5.552565088,1263.251446,0,1,97.10453726,21,2,0,1258.374795,0,-12.37932529,-0.072091154,0.715060425,1271.382954,0.031975861
227.569473,5.529629166,1258.374795,0,1,97.09195351,21,2,0,1285.219331,0,-4.876650565,-0.022935922,0.061748975,1267.567784,0.039510635
229.4670157,5.600889206,1285.219331,0,1,97.07910132,21,2,0,1255.864269,0,26.8445361,0.07126004,1.897542672,1269.741555,0.039645279
227.8321896,5.512233681,1255.864269,0,1,97.06654268,21,2,0,1276.062306,0,-29.35506221,-0.088655526,-1.63482607,1267.668122,0.04751804
230.8592235,5.527447793,1276.062306,0,1,97.05378205,21,2,0,1266.546725,0,20.19803658,0.015214113,3.027033919,1267.754429,0.034633109
230.3810598,5.497616543,1266.546725,0,1,97.04111659,21,2,0,1275.224874,0,-9.515580112,-0.029831251,-0.47816372,1268.413485,0.039789372
229.3843097,5.559337844,1275.224874,0,1,97.02836434,21,2,0,1272.638227,0,8.67814822,0.061721301,-0.996750111,1271.783501,0.041246534
228.8798426,5.560289682,1272.638227,0,1,97.01563796,21,2,0,1259.713178,0,-2.58664637,0.000951837,-0.504467045,1269.26728,0.028015288
230.0699395,5.475348847,1259.713178,0,1,97.00304082,21,2,0,1290.588381,0,-12.92504946,-0.084940834,1.190096831,1270.037062,0.037552006
230.8025666,5.591741895,1290.588381,0,1,96.99013494,21,2,0,1257.957952,0,30.87520315,0.116393048,0.732627118,1272.942277,0.048450739
228.1415013,5.513937381,1257.957952,0,1,96.97755536,21,2,0,1256.698779,0,-32.63042849,-0.077804514,-2.661065236,1271.224522,0.04561193
227.8693644,5.51499664,1256.698779,0,1,96.96498837,21,2,0,1283.807611,0,-1.259173229,0.001059259,-0.272136894,1267.519304,0.045253201
229.9706849,5.582483746,1283.807611,0,1,96.9521503,21,2,0,1278.298492,0,27.10883136,0.067487106,2.101320467,1269.75318,0.049683788
230.0140689,5.557479582,1278.298492,0,1,96.93936731,21,2,0,1257.75124,0,-5.509119099,-0.025004164,0.043383998,1273.470243,0.03659451
230.4825649,5.457034205,1257.75124,0,1,96.9267898,21,2,0,1286.086616,0,-20.54725111,-0.100445377,0.468496012,1266.902815,0.047960736
230.4861959,5.579885645,1286.086616,0,1,96.91392893,21,2,0,1263.238315,0,28.33537532,0.12285144,0.003630967,1272.528548,0.05290693
227.1164747,5.562072575,1263.238315,0,1,96.90129655,21,2,0,1269.564339,0,-22.84830064,-0.017813069,-3.369721232,1273.836455,0.051885163
230.1930223,5.51521643,1269.564339,0,1,96.88860091,21,2,0,1277.861641,0,6.326023501,-0.046856145,3.076547635,1270.9878,0.049297157
228.9754436,5.580780283,1277.861641,0,1,96.87582229,21,2,0,1279.272901,0,8.297302547,0.065563853,-1.21757865,1270.90043,0.05299439
230.789251,5.54303502,1279.272901,0,1,96.86302956,21,2,0,1250.672759,0,1.411259422,-0.037745263,1.813807368,1275.204762,0.027625427
224.3225521,5.57533225,1250.672759,0,1,96.85052283,21,2,0,1274.509273,0,-28.60014143,0.032297231,-6.466698924,1268.121991,0.026709199
229.270395,5.558978833,1274.509273,0,1,96.83777774,22,2,0,1250.740524,0,23.83651371,-0.016353417,4.947842898,1270.376182,0.026548062
225.5231175,5.54595262,1250.740524,0,1,96.82527034,22,2,0,1286.222029,0,-23.76874863,-0.013026214,-3.747277496,1266.61142,0.016954001
229.7488211,5.598383587,1286.222029,0,1,96.81240812,22,2,0,18.94492254,0,35.48150473,0.052430967,4.22570357,1268.283497,0.022915799
229.6392994,0.082498608,18.94492254,0,0,96.81221867,22,0,0,11.6933213,0,-1267.277106,-5.515884979,-0.109521685,1016.217902,2.454012096
228.8921077,0.051086608,11.6933213,0,0,96.81210173,22,0,0,13.05739866,0,-7.251601239,-0.031412,-0.747191635,768.422014,3.013092628
227.924226,0.057288332,13.05739866,0,0,96.81197116,22,0,0,0.451240787,0,1.364077355,0.006201724,-0.967881779,516.1316391,3.017233461
231.2218106,0.001951549,0.451240787,0,0,96.81196665,22,0,0,0.942245031,0,-12.60615787,-0.055336782,3.297584654,266.0737824,2.482286285
227.8948857,0.00413456,0.942245031,0,0,96.81195722,22,0,0,26.38799372,0,0.491004244,0.00218301,-3.326924907,9.017825663,0.035213977
229.3818417,0.115039593,26.38799372,0,0,96.81169334,22,0,0,3177.478543,0,25.44574869,0.110905033,1.486955962,10.5064399,0.046402308
229.0759859,13.87084958,3177.478543,0,1,96.77991856,22,2,0,1284.466666,0,3151.090549,13.75580998,-0.305855718,643.6634842,6.183458646
229.1494146,5.605367436,1284.466666,0,1,96.76707389,22,2,0,1240.171487,0,-1893.011876,-8.26548214,0.07342861,897.9453377,6.062645849
227.0099614,5.463070781,1240.171487,0,1,96.75467218,22,2,0,1261.506423,0,-44.29517897,-0.142296655,-2.139453117,1145.889387,5.658924425
229.4904316,5.496989195,1261.506423,0,1,96.74205711,22,2,0,1268.4659,0,21.33493537,0.033918414,2.480470114,1398.002223,4.929992134
226.5828625,5.598242896,1268.4659,0,1,96.72937245,22,2,0,1272.806801,0,6.959477584,0.101253701,-2.907569083,1646.417804,3.725776546
228.4288607,5.572005205,1272.806801,0,1,96.71664439,22,2,0,1286.982982,0,4.340900709,-0.026237691,1.845998247,1265.483456,0.063645415
230.3210297,5.587778865,1286.982982,0,1,96.70377456,22,2,0,1292.848634,0,14.17618107,0.015773659,1.89216902,1265.986719,0.060004155
228.8195064,5.650080513,1292.848634,0,1,96.69084607,22,2,0,1274.300118,0,5.865651898,0.062301649,-1.501523377,1276.522148,0.055349136
228.4628047,5.57771371,1274.300118,0,1,96.67810307,22,2,0,1290.88208,0,-18.54851624,-0.072366804,-0.356701698,1279.080887,0.031227716
230.8704403,5.591370117,1290.88208,0,1,96.66519425,22,2,0,1258.879259,0,16.58196275,0.013656407,2.407635592,1283.564123,0.031319492
226.9890511,5.54599111,1258.879259,0,1,96.65260546,22,2,0,1256.776635,0,-32.00282113,-0.045379006,-3.881389194,1280.778615,0.037757423
229.8179728,5.468574191,1256.776635,0,1,96.64003769,22,2,0,1296.525101,0,-2.102624733,-0.07741692,2.828921736,1274.737345,0.066595324
232.1501733,5.584855194,1296.525101,0,1,96.62707244,22,2,0,1252.914914,0,39.74846668,0.116281003,2.332200547,1275.472639,0.050675863
225.8576134,5.547366301,1252.914914,0,1,96.61454329,22,2,0,1254.712401,0,-43.61018775,-0.037488892,-6.292559929,1271.195598,0.048865861
227.3191771,5.51960647,1254.712401,0,1,96.60199617,22,2,0,1273.844478,0,1.797487036,-0.027759831,1.461563668,1263.961662,0.042993616
232.8126568,5.471543066,1273.844478,0,1,96.58925772,22,2,0,1301.604336,0,19.13207763,-0.048063404,5.493479747,1266.954706,0.049837179
231.052552,5.633369227,1301.604336,0,1,96.57624168,22,2,0,1263.324215,0,27.75985805,0.161826161,-1.76010482,1275.920246,0.061730098
231.526072,5.456509515,1263.324215,0,1,96.56360843,22,2,0,1262.676675,0,-38.28012122,-0.176859712,0.473520035,1269.280069,0.070390902
226.6316068,5.571494166,1262.676675,0,1,96.55098167,22,2,0,1282.106048,0,-0.647540087,0.114984651,-4.894465263,1271.232421,0.073027016
229.8441666,5.578153527,1282.106048,0,1,96.53816061,22,2,0,1270.210956,0,19.42937351,0.006659362,3.212559785,1276.711151,0.075494855
228.9135656,5.548867114,1270.210956,0,1,96.5254585,22,2,0,1281.158635,0,-11.89509209,-0.029286413,-0.930600937,1275.984446,0.064521294
228.4682299,5.60760083,1281.158635,0,1,96.51264691,22,2,0,1249.064895,0,10.94767909,0.058733715,-0.445335742,1271.895306,0.057624542
228.0339287,5.477539689,1249.064895,0,1,96.50015626,22,2,0,1252.829422,0,-32.09374046,-0.130061141,-0.43430115,1269.043442,0.048983976
226.6400351,5.527838104,1252.829422,0,1,96.48762797,22,2,0,1276.154286,0,3.764526869,0.050298415,-1.393893648,1267.073991,0.04958176
232.0090787,5.500449781,1276.154286,0,1,96.47486643,22,2,0,1285.528538,0,23.32486442,-0.027388323,5.369043638,1265.883639,0.049943954
231.4062313,5.555289201,1285.528538,0,1,96.46201114,22,2,0,1297.558136,0,9.374251541,0.05483942,-0.602847438,1268.947155,0.050550312
232.7142491,5.575757141,1297.558136,0,1,96.44903556,22,2,0,1249.994913,0,12.02959856,0.02046794,1.308017828,1272.227055,0.039776797
226.2980577,5.523666116,1249.994913,0,1,96.43653561,22,2,0,1247.335588,0,-47.56322308,-0.052091025,-6.416191454,1272.413059,0.029297877
226.1133304,5.516417746,1247.335588,0,1,96.42406225,22,2,0,1542.19346,0,-2.659324893,-0.00724837,-0.184727282,1271.314292,0.030569313
231.1520094,6.671771808,1542.19346,1,1,96.40864032,22,3,0,1378.21346,0,294.8578711,1.155354062,5.038678982,1324.522127,0.505469503
231.462328,5.95437483,1378.21346,1,1,96.39485818,22,3,0,1344.388996,0,-163.9799998,-0.717396979,0.310318612,1343.059111,0.494765156
228.5054499,5.883400139,1344.388996,1,1,96.38141429,22,3,0,1349.807643,0,-33.82446398,-0.070974691,-2.956878076,1352.425283,0.470938902
226.2349283,5.966398086,1349.807643,1,1,96.36791622,22,3,0,1364.121996,0,5.418647373,0.082997947,-2.270521625,1372.387829,0.418904454
229.2898592,5.949334177,1364.121996,1,1,96.354275,22,3,0,1383.010286,0,14.31435246,-0.01706391,3.054930906,1395.745111,0.329574805
229.6133077,6.023214855,1383.010286,1,1,96.3404449,22,3,0,1390.368549,0,18.88829055,0.073880679,0.323448555,1363.908476,0.049853842
232.3369622,5.984276182,1390.368549,1,1,96.32654121,22,3,0,1344.75548,0,7.358262838,-0.038938674,2.723654457,1366.339494,0.051475506
226.9458899,5.925445399,1344.75548,1,1,96.31309366,22,3,0,3846.819665,0,-45.61306949,-0.058830782,-5.391072249,1366.412791,0.036947389
161.0358854,23.88796543,3846.819665,1,1,96.29957797,22,3,1,1381.508372,0,2502.064185,17.96252004,-65.91000452,1865.815195,8.012988848
230.0352358,6.005638081,1381.508372,1,1,96.28576288,22,3,0,1376.748233,0,-2465.311293,-17.88232735,68.99935041,1869.29247,8.006693737
230.9561752,5.961079982,1376.748233,1,1,96.2719954,22,3,0,1372.147087,0,-4.7601393,-0.044558099,0.920939408,1868.04006,8.013610953
228.0571938,6.016679696,1372.147087,1,1,96.25827393,22,3,0,3775.448043,0,-4.601145473,0.055599714,-2.898981427,1864.395767,8.010015782
168.2981285,22.43309582,3775.448043,1,1,96.24469041,22,3,1,1340.069963,0,2403.300955,16.41641612,-59.75906533,2350.53428,9.416323443
229.1361498,5.848356816,1340.069963,1,1,96.23128971,22,3,0,1372.297507,0,-2435.378079,-16.584739,60.83802127,1849.18434,7.368215302
229.2347722,5.986428208,1372.297507,1,1,96.21756673,22,3,0,1371.218809,0,32.22754314,0.138071392,0.098622418,1847.342167,7.370336557
231.0388932,5.935012891,1371.218809,1,1,96.20385455,22,3,0,1363.232771,0,-1.078697177,-0.051415317,1.804120993,1846.236282,7.373252456
226.884031,6.008500311,1363.232771,1,1,96.19022222,22,3,0,1396.495129,0,-7.986038412,0.07348742,-4.154862154,1844.453419,7.374148328
233.0007414,5.993522257,1396.495129,1,1,96.17625727,22,3,0,1364.534827,0,33.26235829,-0.014978054,6.116710337,1368.662836,0.065391534
227.6221001,5.994737885,1364.534827,1,1,96.16261192,22,3,0,1376.105321,0,-31.96030189,0.001215629,-5.37864121,1373.555809,0.028333844
231.4879496,5.944608878,1376.105321,1,1,96.14885087,22,3,0,1368.964482,0,11.57049318,-0.050129007,3.865849476,1374.317371,0.033079964
229.4683045,5.965810768,1368.964482,1,1,96.13516122,22,3,0,1368.103613,0,-7.140838683,0.02120189,-2.019645152,1373.866506,0.025767613
228.0051409,6.00031915,1368.103613,1,1,96.12148018,22,3,0,1383.198705,0,-0.860868635,0.034508382,-1.463163596,1374.840674,0.023804359
232.0464047,5.96087109,1383.198705,1,1,96.1076482,23,3,0,1373.083993,0,15.09509217,-0.039448061,4.041263848,1372.18139,0.023576257
230.2823018,5.9626119,1373.083993,1,1,96.09391736,23,3,0,1395.93912,0,-10.11471212,0.00174081,-1.764102895,1373.891223,0.020430616
229.3095111,6.08757619,1395.93912,1,1,96.07995797,23,3,0,1383.0184,0,22.85512638,0.12496429,-0.972790768,1377.857983,0.05399877
229.1396594,6.035700688,1383.0184,1,1,96.06612778,23,3,0,1391.502206,0,-12.92071965,-0.051875502,-0.169851651,1380.668766,0.05345532
234.6315381,5.930584686,1391.502206,1,1,96.05221276,23,3,0,1373.951586,0,8.483806458,-0.105116002,5.491878657,1385.348485,0.064398955
228.9786048,6.000349192,1373.951586,1,1,96.03847324,23,3,0,1376.241889,0,-17.55062016,0.069764507,-5.652933277,1383.499061,0.061449177
231.0350633,5.956852912,1376.241889,1,1,96.02471083,23,3,0,1334.89834,0,2.290303002,-0.043496281,2.056458471,1384.13064,0.062449832
227.2361687,5.874497656,1334.89834,1,1,96.01136184,23,3,0,1380.143043,0,-41.34354921,-0.082355256,-3.79889461,1371.922484,0.062337098
228.9964676,6.026918482,1380.143043,1,1,95.99756041,23,3,0,1373.778634,0,45.24470315,0.152420827,1.760298987,1371.347413,0.059725708
229.9161324,5.975129364,1373.778634,1,1,95.98382263,23,3,0,1336.520362,0,-6.364408961,-0.051789118,0.919664807,1367.802699,0.057939221
227.1008177,5.885141128,1336.520362,1,1,95.97045742,23,3,0,1392.77967,0,-37.25827183,-0.089988236,-2.815314751,1360.316454,0.063844
230.6987014,6.037223709,1392.77967,1,1,95.95652962,23,3,0,1366.923034,0,56.25930721,0.152082581,3.597883691,1363.62401,0.07678663
228.6706913,5.977692314,1366.923034,1,1,95.94286039,23,3,0,1365.367749,0,-25.8566356,-0.059531395,-2.028010067,1370.028949,0.060212675
232.2668404,5.87844458,1365.367749,1,1,95.92920672,23,3,0,1391.868765,0,-1.555285212,-0.099247735,3.596149045,1367.07389,0.067695161
233.2419758,5.967488312,1391.868765,1,1,95.91528803,23,3,0,1362.200889,0,26.50101569,0.089043732,0.975135444,1370.691916,0.067090082
230.0421777,5.921526662,1362.200889,1,1,95.90166602,23,3,0,1358.799635,0,-29.66787573,-0.04596165,-3.19979808,1375.828021,0.060004071
227.18926,5.980914921,1358.799635,1,1,95.88807802,23,3,0,1373.102111,0,-3.401253822,0.059388259,-2.852917754,1369.032014,0.044285401
229.7220415,5.977232756,1373.102111,1,1,95.874347,23,3,0,1381.594126,0,14.3024761,-0.003682166,2.532781515,1370.26783,0.044201539
229.8324214,6.011310841,1381.594126,1,1,95.86053106,23,3,0,1362.356461,0,8.492015298,0.034078085,0.110379911,1373.513105,0.032479405
230.1642704,5.919061454,1362.356461,1,1,95.8469075,23,3,0,1377.10701,0,-19.23766545,-0.092249387,0.331848969,1367.610644,0.040321147
233.1270672,5.907109057,1377.10701,1,1,95.83313643,23,3,0,1369.313892,0,14.75054895,-0.011952397,2.962796784,1370.591869,0.04426285
228.962343,5.980520091,1369.313892,1,1,95.81944329,23,3,0,1383.559195,0,-7.793117703,0.073411034,-4.164724196,1372.69472,0.044214585
231.4529392,5.97771279,1383.559195,1,1,95.8056077,23,3,0,1367.508427,0,14.24530253,-0.002807301,2.490596209,1374.786137,0.044264439
228.7333551,5.978613946,1367.508427,1,1,95.79193261,23,3,0,1361.373391,0,-16.05076814,0.000901156,-2.719584105,1371.968997,0.036335826
229.614262,5.928958329,1361.373391,1,1,95.77831888,23,3,0,1362.24072,0,-6.13503524,-0.049655617,0.880906965,1371.772383,0.034262243
226.4643188,6.015255414,1362.24072,1,1,95.76469647,23,3,0,1378.27996,0,0.867328766,0.086297085,-3.149943185,1368.799125,0.030756621
230.8080236,5.971542662,1378.27996,1,1,95.75091367,23,3,0,1374.202407,0,16.03923959,-0.043712752,4.343704751,1370.592338,0.030704256
230.8489467,5.952820778,1374.202407,1,1,95.73717165,23,3,0,1365.160914,0,-4.07755309,-0.018721884,0.040923109,1368.720981,0.032025766
229.2379304,5.955213919,1365.160914,1,1,95.72352004,23,3,0,1370.798782,0,-9.04149269,0.00239314,-1.611016292,1368.251478,0.032059412
229.7268382,5.967081568,1370.798782,1,1,95.70981205,23,3,0,1382.466489,0,5.637868133,0.011867649,0.488907825,1370.136556,0.025220592
228.8085122,6.042023858,1382.466489,1,1,95.69598739,23,3,0,1363.495971,0,11.66770744,0.07494229,-0.918326058,1374.18171,0.036785919
228.2781402,5.972958994,1363.495971,1,1,95.68235243,23,3,0,1345.596498,0,-18.97051851,-0.069064864,-0.530371938,1371.224913,0.036731713
227.5668927,5.912971269,1345.596498,1,1,95.66889646,23,3,0,1385.04458,0,-17.89947253,-0.059987725,-0.711247524,1365.503731,0.046571453
231.2356334,5.989754084,1385.04458,1,1,95.65504601,23,3,0,1360.805489,0,39.44808118,0.076782815,3.668740693,1369.480464,0.046381956
227.9764829,5.969060804,1360.805489,1,1,95.64143796,23,3,0,1333.087631,0,-24.23909093,-0.02069328,-3.259150461,1367.481805,0.046284938
228.1491582,5.843053035,1333.087631,1,1,95.62810708,23,3,0,1324.026283,0,-27.71785725,-0.126007769,0.172675273,1357.606034,0.06021998
227.192631,5.827769488,1324.026283,1,1,95.61486682,23,3,0,1376.440852,0,-9.0613485,-0.015283547,-0.956527224,1349.712096,0.072612925
230.1348913,5.981017672,1376.440852,1,1,95.60110241,23,3,0,1377.06628,0,52.41456869,0.153248184,2.942260258,1355.880967,0.079687432
231.4358552,5.950099125,1377.06628,1,1,95.58733175,23,3,0,1348.01091,0,0.625428122,-0.030918547,1.300963979,1354.285307,0.072964341
226.5647137,5.949783126,1348.01091,1,1,95.57385164,23,3,0,1373.757967,0,-29.05536942,-0.000315999,-4.871141566,1351.726391,0.06978056
229.2899799,5.991356305,1373.757967,1,1,95.56011406,23,3,0,1374.454816,0,25.74705671,0.041573179,2.725266279,1359.860458,0.065408923
229.400167,5.991516195,1374.454816,1,1,95.54636951,23,3,0,1349.629456,0,0.696848698,0.00015989,0.110187036,1369.946165,0.021255931
227.7427094,5.926114866,1349.629456,1,1,95.53287322,23,3,0,1333.279058,0,-24.82535996,-0.06540133,-1.657457576,1364.583886,0.028772246
226.055114,5.898026524,1333.279058,1,1,95.51954043,23,3,0,1402.38437,0,-16.35039737,-0.028088342,-1.687595382,1355.826441,0.040916034
234.1197882,5.990029211,1402.38437,1,1,95.50551658,23,3,0,1376.47322,0,69.10531203,0.092002687,8.064674223,1366.701133,0.044343566
232.1941948,5.928112118,1376.47322,1,1,95.49175185,23,3,0,97.04143362,0,-25.91115068,-0.061917092,-1.925593496,1367.244184,0.041905424
228.8152041,0.424103958,97.04143362,1,0,95.49078144,23,1,0,115.8017965,0,-1279.431786,-5.504008161,-3.378990698,1111.761508,2.465032083
231.0567723,0.501183304,115.8017965,1,0,95.48962342,23,1,0,-27.7692624,0,18.76036292,0.077079346,2.241568256,864.9959757,2.999679192
227.3234901,-0.12215747,-27.7692624,0,0,95.48990111,23,0,0,8.113839319,0,-143.5710589,-0.623340774,-3.733282166,592.7863116,3.126611055
232.1623836,0.034948984,8.113839319,0,0,95.48981997,23,0,0,25.23573471,0,35.88310171,0.157106453,4.838893452,313.9322054,2.570672976
228.8485523,0.110272643,25.23573471,0,0,95.48956762,23,0,0,37.20424131,0,17.12189539,0.075323659,-3.313831308,43.68470836,0.264328736
232.5404384,0.159990415,37.20424131,0,0,95.48919557,23,0,0,-4.531417022,0,11.9685066,0.049717772,3.691886069,31.7172699,0.229918071
231.6240621,-0.019563671,-4.531417022,0,0,95.48924089,23,0,0,18.50487368,0,-41.73565833,-0.179554087,-0.916376218,7.650627185,0.110609392
231.1308998,0.08006231,18.50487368,0,0,95.48905584,23,0,0,12.8396928,0,23.03629071,0.099625981,-0.493162344,16.9054544,0.068960624
228.8883745,0.056095871,12.8396928,0,0,95.48892744,23,0,0,14.54687974,0,-5.665180885,-0.023966438,-2.242525254,17.8506251,0.066642124
227.8213188,0.063852144,14.54687974,0,0,95.48878197,23,0,0,16.65229947,0,1.707186939,0.007756273,-1.06705571,15.7128541,0.064097596
229.5729492,0.072535983,16.65229947,0,0,95.48861545,23,0,0,17.82945403,0,2.105419735,0.008683838,1.751630362,11.60246573,0.040242949
230.3508066,0.077401309,17.82945403,0,0,95.48843716,23,0,0,26.06832514,0,1.177154558,0.004865327,0.777857451,16.07463994,0.009919438
229.0395949,0.113815802,26.06832514,0,0,95.48817647,23,0,0,33.0793637,0,8.238871111,0.036414493,-1.311211782,17.58733024,0.022276687
228.1704345,0.144976556,33.0793637,0,0,95.48784568,23,0,0,11.672136,0,7.011038558,0.031160754,-0.869160327,21.63526442,0.034040622
229.2862086,0.050906402,11.672136,0,0,95.48772896,0,0,0,4.741740641,0,-21.4072277,-0.094070153,1.11577408,21.06031567,0.037293001
229.8950281,0.020625677,4.741740641,0,0,95.48768154,0,0,0,-3.729464269,0,-6.930395361,-0.030280725,0.608819466,18.6782039,0.049325512
232.4667086,-0.016043004,-3.729464269,0,0,95.48771883,0,0,0,22.91809887,0,-8.47120491,-0.036668681,2.571680538,14.36642024,0.066128536
232.6420185,0.098512294,22.91809887,0,0,95.48748965,0,0,0,0.323778827,0,26.64756314,0.114555298,0.175309838,13.73637499,0.063481438
232.0328503,0.001395401,0.323778827,0,0,95.48748642,0,0,0,11.485918,0,-22.59432004,-0.097116893,-0.609168192,7.185258015,0.045142126
230.3897836,0.049854285,11.485918,0,0,95.48737156,0,0,0,16.73545129,0,11.16213917,0.048458884,-1.643066686,7.148014414,0.04502891
232.4358757,0.072000294,16.73545129,0,0,95.4872042,0,0,0,18.81373397,0,5.249533294,0.022146008,2.04609216,9.546756544,0.047878507
229.204893,0.082082602,18.81373397,0,0,95.48701606,0,0,0,-4.06968856,0,2.078282681,0.010082308,-3.230982784,14.05539619,0.037580989
226.3570233,-0.017979069,-4.06968856,0,0,95.48705676,0,0,0,10.99477046,0,-22.88342253,-0.100061671,-2.847869627,8.657838707,0.043908917
228.8308459,0.048047589,10.99477046,0,0,95.48694681,0,0,0,6.558488118,0,15.06445902,0.066026658,2.473822602,10.79203703,0.03901003
232.1943382,0.028245685,6.558488118,0,0,95.48688123,0,0,0,3.781089466,0,-4.436282345,-0.019801904,3.363492253,9.806551058,0.039776647
232.7152478,0.016247708,3.781089466,0,0,95.48684342,0,0,0,25.51463596,0,-2.777398652,-0.011997977,0.520909586,7.215678692,0.037160723
229.5470209,0.111152111,25.51463596,0,0,95.48658827,0,0,0,7.588643336,0,21.73354649,0.094904403,-3.168226828,8.555859089,0.047829062
229.6778367,0.033040381,7.588643336,0,0,95.48651239,0,0,0,29.16914468,0,-17.92599262,-0.07811173,0.130815769,10.88752547,0.037444254
227.5873429,0.128166814,29.16914468,0,0,95.48622069,0,0,0,0.690001974,0,21.58050134,0.095126433,-2.090493838,14.52240031,0.052095755
231.3788094,0.002982131,0.690001974,0,0,95.48621379,0,0,0,19.25521706,0,-28.47914271,-0.125184683,3.791466529,13.34870308,0.057317593
229.4469248,0.083920136,19.25521706,0,0,95.48602124,0,0,0,18.40756854,0,18.56521509,0.080938004,-1.931884556,16.4435286,0.052704121
229.8654541,0.080079752,18.40756854,0,0,95.48583717,0,0,0,0.334701638,0,-0.847648523,-0.003840384,0.418529228,15.02211512,0.048582445
232.2884649,0.001440888,0.334701638,0,0,95.48583382,0,0,0,10.49572488,0,-18.0728669,-0.078638864,2.423010792,13.57132678,0.055452603
233.2821735,0.044991543,10.49572488,0,0,95.48572886,0,0,0,-2.6666696,0,10.16102324,0.043550655,0.993708615,9.836642818,0.039941891
228.8929382,-0.011650292,-2.6666696,0,0,95.48575553,0,0,0,13.44636563,0,-13.16239448,-0.056641835,-4.389235233,9.165308504,0.043916231
231.3539564,0.058120318,13.44636563,0,0,95.48562107,0,0,0,-8.950873973,0,16.11303523,0.069770611,2.461018194,8.003538218,0.038627107
232.8342213,-0.03844312,-8.950873973,0,0,95.48571057,0,0,0,-7.534579335,0,-22.39723961,-0.096563439,1.480264872,2.531849715,0.040077192
230.1802664,-0.032733385,-7.534579335,0,0,95.48578592,0,0,0,23.09938629,0,1.416294638,0.005709735,-2.653954911,0.95799352,0.044735307
228.832833,0.100944371,23.09938629,0,0,95.48555493,0,0,0,3.405373409,0,30.63396563,0.133677756,-1.347433374,3.478725803,0.061421437
229.5905432,0.014832377,3.405373409,0,0,95.48552087,0,0,0,1.223390034,0,-19.69401288,-0.086111994,0.757710139,4.693134405,0.059638038
234.3007984,0.005221451,1.223390034,0,0,95.48550864,0,0,0,7.96306717,0,-2.181983375,-0.009610926,4.710255213,2.248539285,0.055879193
230.8217477,0.034498773,7.96306717,0,0,95.48542901,0,0,0,2.080327191,0,6.739677136,0.029277323,-3.479050728,5.631327514,0.049204901
229.9935104,0.009045156,2.080327191,0,0,95.4854082,0,0,0,10.66115867,0,-5.882739979,-0.025453617,-0.828237273,7.554308819,0.039667956
231.0012323,0.046151956,10.66115867,0,0,95.48530159,0,0,0,30.36246442,0,8.580831483,0.0371068,1.007721938,5.066663296,0.017608565
229.5639821,0.132261447,30.36246442,0,0,95.48499797,0,0,0,20.02150326,0,19.70130575,0.086109491,-1.437250251,10.4580815,0.051478873
229.8267412,0.087115638,20.02150326,0,0,95.48479775,0,0,0,16.10484419,0,-10.34096116,-0.045145809,0.262759086,14.21770414,0.048422587
227.8474775,0.070682565,16.10484419,0,0,95.4846367,0,0,0,37.27963977,0,-3.916659063,-0.016433073,-1.979263653,15.84605955,0.045960911
230.5738757,0.161681976,37.27963977,0,0,95.48426391,0,0,0,6.070972185,0,21.17479558,0.09099941,2.726398172,22.88592206,0.046823366
230.0045887,0.026395005,6.070972185,0,0,95.4842032,0,0,0,37.348744,0,-31.20866758,-0.135286971,-0.569287008,21.96788476,0.052898676
228.2560897,0.163626495,37.348744,0,0,95.48382971,0,0,0,16.53592332,0,31.27777182,0.137231491,-1.74849896,23.36514068,0.059745616
230.5929553,0.071710444,16.53592332,0,0,95.48366435,0,0,0,14.03989382,0,-20.81282068,-0.091916051,2.336865559,22.66802469,0.061080957
225.7820691,0.062183387,14.03989382,0,0,95.48352395,0,0,0,-0.606558085,0,-2.4960295,-0.009527057,-4.810886167,22.25503462,0.06216832
231.2107739,-0.002623399,-0.606558085,0,0,95.48353002,0,0,0,16.28605572,0,-14.6464519,-0.064806786,5.428704768,14.67779505,0.062929859
228.5567125,0.071256081,16.28605572,0,0,95.48336716,0,0,0,11.74989434,0,16.8926138,0.07387948,-2.654061326,16.72081175,0.059273724
233.9994657,0.050213338,11.74989434,0,0,95.48324966,0,0,0,17.3083684,0,-4.536161383,-0.021042743,5.442753168,11.60104182,0.030981307
230.1921929,0.075190944,17.3083684,0,0,95.48307658,0,0,0,15.98006423,0,5.558474067,0.024977606,-3.807272771,11.75553084,0.031608419
232.6060034,0.068700137,15.98006423,0,0,95.48291677,0,0,0,10.56121254,0,-1.328304173,-0.006490808,2.413810499,12.14356492,0.032299074
232.2959086,0.045464479,10.56121254,0,0,95.48281116,0,0,0,-2.289742676,0,-5.418851689,-0.023235657,-0.31009479,14.37711905,0.013386379
229.1445269,-0.00999257,-2.289742676,0,0,95.48283406,0,0,0,20.21064941,0,-12.85095522,-0.055457049,-3.1513817,10.66195937,0.033617623
231.673179,0.087237761,20.21064941,0,0,95.48263195,0,0,0,14.86843266,0,22.50039208,0.097230331,2.528652049,12.35411038,0.038521072
230.7506787,0.064435055,14.86843266,0,0,95.48248327,0,0,0,13.62726883,0,-5.342216742,-0.022802706,-0.922500327,11.86612323,0.037274534
231.9190672,0.058758726,13.62726883,0,0,95.482347,0,0,0,4.973595126,0,-1.241163832,-0.005676329,1.168388552,11.39556415,0.036359524
231.9429932,0.021443179,4.973595126,0,0,95.48229726,0,0,0,18.74050861,0,-8.653673705,-0.037315547,0.023925967,10.27804067,0.03849745
232.3549406,0.080654659,18.74050861,0,0,95.48210986,0,0,0,15.12399223,0,13.76691348,0.05921148,0.411947379,14.48409093,0.02571455
231.9145148,0.065213651,15.12399223,0,0,95.48195862,0,0,0,26.62611868,0,-3.616516375,-0.015441008,-0.440425811,13.46675949,0.022043174
232.3296493,0.114604911,26.62611868,0,0,95.48169235,0,0,0,21.56944267,0,11.50212645,0.04939126,0.415134524,15.8182967,0.033884987
228.4078807,0.094433881,21.56944267,0,0,95.48147666,0,0,0,10.7516634,0,-5.056676015,-0.020171029,-3.921768559,17.40673146,0.03514947
230.0459776,0.04673702,10.7516634,0,0,95.48136914,0,0,0,21.62198838,0,-10.81777927,-0.047696861,1.638096859,18.56234512,0.026128465
230.2935883,0.093888799,21.62198838,0,0,95.48115292,0,0,0,-16.67207835,0,10.87032499,0.047151779,0.247610689,19.13864107,0.026830603
233.7078062,-0.071337276,-16.67207835,0,0,95.48131964,0,0,0,14.80839912,0,-38.29406674,-0.165226075,3.414217931,12.77942695,0.075245075
229.4516955,0.064538199,14.80839912,0,0,95.48117156,0,0,0,5.892595222,0,31.48047747,0.135875475,-4.25611071,10.41588304,0.068466812
229.5861559,0.025666161,5.892595222,0,0,95.48111263,0,0,0,9.727717312,0,-8.915803894,-0.038872038,0.134460405,7.280513553,0.062898323
230.1770412,0.042261892,9.727717312,0,0,95.48101536,0,0,0,23.43299234,0,3.83512209,0.016595731,0.59088526,7.075724336,0.0626658
231.0936819,0.101400402,23.43299234,0,0,95.48078103,0,0,0,6.448432163,0,13.70527503,0.05913851,0.916640705,7.437925128,0.064610153
229.6751166,0.02807632,6.448432163,0,0,95.48071654,1,0,0,11.46780868,0,-16.98456018,-0.073324082,-1.418565214,12.06202723,0.031454314
230.626645,0.049724561,11.46780868,0,0,95.48060186,1,0,0,18.05735785,0,5.019376514,0.021648241,0.95152836,11.39390914,0.030712745
227.3374254,0.079429763,18.05735785,0,0,95.48042129,1,0,0,38.06541656,0,6.589549173,0.029705202,-3.289219616,13.82686167,0.02970983
228.3904504,0.166668162,38.06541656,0,0,95.48004064,1,0,0,6.40046812,0,20.00805871,0.087238399,1.053025061,19.49440152,0.05351246
228.2835845,0.028037356,6.40046812,0,0,95.47997663,1,0,0,17.89401971,0,-31.66494844,-0.138630806,-0.106865965,16.08789667,0.057798045
229.4850099,0.077974678,17.89401971,0,0,95.47979769,1,0,0,-1139.756735,0,11.49355159,0.049937322,1.201425435,18.37701418,0.052753774
227.951347,-5,-1139.756735,0,0,95.47981056,1,0,1,19.92284388,0,-1157.650755,-5.077974678,-1.533662912,-211.8678946,2.275982048
232.4381671,0.085712446,19.92284388,0,0,95.47961134,1,0,0,11.01604956,0,1159.679579,5.085712446,4.486820105,-211.4947974,2.276679999
233.0648934,0.047266018,11.01604956,0,0,95.47950117,1,0,0,21.74613886,0,-8.90679432,-0.038446428,0.626726323,-216.9046708,2.262907673
229.809441,0.09462683,21.74613886,0,0,95.47928371,1,0,0,-1.618111715,0,10.73008931,0.047360811,-3.25545241,-213.8355366,2.270302794
231.4563374,-0.006991002,-1.618111715,0,0,95.47929989,1,0,0,7.666104157,0,-23.36425058,-0.101617832,1.646896337,-217.7379629,2.261088138
234.6322814,0.032672845,7.666104157,0,0,95.47922323,1,0,0,5.586627161,0,9.284215872,0.039663847,3.175944028,11.74660495,0.041293011
227.4050277,0.024566859,5.586627161,0,0,95.47916737,1,0,0,23.16768153,0,-2.079476997,-0.008105986,-7.227253722,8.879361605,0.037163685
234.545849,0.098776771,23.16768153,0,0,95.47893569,1,0,0,-7.359307407,0,17.58105437,0.074209912,7.140821309,11.309688,0.046253967
229.8987574,-0.03201108,-7.359307407,0,0,95.47900928,1,0,0,13.89454063,0,-30.52698894,-0.13078785,-4.647091602,5.488598746,0.049403961
229.7984255,0.060464038,13.89454063,0,0,95.47887034,1,0,0,2.877294711,0,21.25384804,0.092475117,-0.100331832,8.591129215,0.04822528
230.8965104,0.012461404,2.877294711,0,0,95.47884157,1,0,0,11.23550169,0,-11.01724592,-0.048002634,1.098084855,7.633367326,0.049497826
229.4915332,0.048958241,11.23550169,0,0,95.47872921,1,0,0,20.70024202,0,8.358206976,0.036496836,-1.404977187,8.763142231,0.049678814
230.5691105,0.089778904,20.70024202,0,0,95.47852221,1,0,0,1.433614397,0,9.464740333,0.040820663,1.077577248,8.269654329,0.047005648
233.9120242,0.006128861,1.433614397,0,0,95.47850787,1,0,0,23.3343092,0,-19.26662762,-0.083650042,3.342913741,10.02823869,0.034710544
230.4909266,0.101237431,23.3343092,0,0,95.47827453,1,0,0,16.2772458,0,21.9006948,0.095108569,-3.421097572,11.9161924,0.043381656
229.9597849,0.07078301,16.2772458,0,0,95.47811176,1,0,0,-8.325774925,0,-7.057063396,-0.03045442,-0.531141749,14.59618262,0.037651599
229.6875846,-0.036248258,-8.325774925,0,0,95.47819501,1,0,0,7.022030684,0,-24.60302073,-0.107031269,-0.272200271,10.6839273,0.059025171
232.5355195,0.030197669,7.022030684,0,0,95.47812479,1,0,0,9.213351825,0,15.34780561,0.066445928,2.847934857,7.94828503,0.053849459
231.0208856,0.039881034,9.213351825,0,0,95.47803266,1,0,0,2.241424041,0,2.19132114,0.009683365,-1.514633876,9.504232516,0.05147977
230.4156525,0.009727742,2.241424041,0,0,95.47801025,1,0,0,23.30127353,0,-6.971927784,-0.030153292,-0.605233051,5.285655485,0.039706467
232.7837831,0.100098354,23.30127353,0,0,95.47777723,1,0,0,9.901203203,0,21.05984949,0.090370612,2.36813058,6.690461031,0.049505559
231.122564,0.042839622,9.901203203,0,0,95.47767822,1,0,0,7.001724545,0,-13.40007033,-0.057258732,-1.661219124,10.33585666,0.033648638
231.7261507,0.030215513,7.001724545,0,0,95.4776082,1,0,0,-12.80628402,0,-2.899478658,-0.012624109,0.603586723,10.33179543,0.033646736
227.7925802,-0.056219057,-12.80628402,0,0,95.47773627,1,0,0,6.360519408,0,-19.80800857,-0.08643457,-3.933570501,5.92786826,0.056600444
232.4472593,0.02736328,6.360519408,0,0,95.47767266,1,0,0,14.41721138,0,19.16680343,0.083582337,4.654679073,6.751687334,0.05593044
227.1204085,0.063478273,14.41721138,0,0,95.47752849,1,0,0,21.97589231,0,8.056691968,0.036114994,-5.32685079,4.974874903,0.045738765
231.4809493,0.094936073,21.97589231,0,0,95.47730873,1,0,0,3.202319704,0,7.558680935,0.0314578,4.360540843,7.389812724,0.056478107
230.2823079,0.01390606,3.202319704,0,0,95.47727671,1,0,0,-4.814210401,0,-18.77357261,-0.081030013,-1.198641467,6.629931756,0.057071532
230.6283797,-0.020874319,-4.814210401,0,0,95.47732485,1,0,0,-5.001641148,0,-8.016530105,-0.03478038,0.346071781,8.22834648,0.044793013
227.6700904,-0.021968811,-5.001641148,0,0,95.47737487,1,0,0,-3.07057332,0,-0.187430747,-0.001094492,-2.958289206,5.955914369,0.05196446
229.4315087,-0.013383399,-3.07057332,0,0,95.47740557,1,0,0,15.30037841,0,1.931067827,0.008585412,1.761418232,2.458357429,0.049371139
230.8850121,0.066268392,15.30037841,0,0,95.47725257,1,0,0,17.0221947,0,18.37095173,0.07965179,1.453503426,1.12325465,0.037308373
228.1200448,0.074619461,17.0221947,0,0,95.47708235,1,0,0,7.749990714,0,1.721816282,0.008351069,-2.764967263,3.887229648,0.049049814
227.3382971,0.034090124,7.749990714,0,0,95.47700485,1,0,0,14.3901157,0,-9.272203981,-0.040529337,-0.78174776,6.400069871,0.044396997
231.4263558,0.062180108,14.3901157,0,0,95.47686094,1,0,0,16.53526177,0,6.640124983,0.028089984,4.08805872,10.27842124,0.035889272
229.706936,0.071984164,16.53526177,0,0,95.47669559,1,0,0,13.3252821,0,2.145146071,0.009804057,-1.719419836,14.19958826,0.016248077
227.9578241,0.058455033,13.3252821,0,0,95.47656234,1,0,0,3.687758417,0,-3.209979673,-0.013529131,-1.749111865,13.80456899,0.01608926
231.3751898,0.015938435,3.687758417,0,0,95.47652546,1,0,0,-3.899762049,0,-9.637523679,-0.042516598,3.417365695,11.13768174,0.022943679
229.3175572,-0.017005946,-3.899762049,0,0,95.47656446,1,0,0,10.15887235,0,-7.587520466,-0.032944381,-2.057632582,8.807731186,0.037649351
232.429386,0.043707349,10.15887235,0,0,95.47646287,1,0,0,6.216221224,0,14.0586344,0.060713295,3.111828765,7.961482516,0.035570383
231.6719509,0.026831998,6.216221224,0,0,95.47640071,1,0,0,18.76525353,0,-3.942651122,-0.016875352,-0.757435101,5.897674407,0.028798691
231.378816,0.081101865,18.76525353,0,0,95.47621306,1,0,0,25.60255866,0,12.54903231,0.054269868,-0.293134847,6.985668694,0.036112841
227.7751441,0.112402777,25.60255866,0,0,95.47595703,1,0,0,9.703543907,0,6.837305131,0.031300912,-3.603671896,11.36862874,0.049814226
232.8195025,0.041678398,9.703543907,0,0,95.47585999,1,0,0,2.737546302,0,-15.89901475,-0.070724379,5.044358335,14.08928993,0.034950102
230.1744209,0.011893356,2.737546302,0,0,95.47583262,1,0,0,21.54608237,0,-6.965997605,-0.029785042,-2.645081556,12.60502472,0.041246915
228.0195788,0.094492247,21.54608237,0,0,95.47561716,1,0,0,7.872608294,0,18.80853607,0.082598891,-2.154842102,15.67099696,0.040882132
232.4069191,0.033874242,7.872608294,0,0,95.47553843,1,0,0,26.86492987,0,-13.67347408,-0.060618005,4.387340306,13.49246791,0.042608235
228.5087444,0.11756631,26.86492987,0,0,95.47526978,1,0,0,11.89284006,0,18.99232158,0.083692068,-3.898174718,13.74494215,0.044260681
233.3096093,0.050974497,11.89284006,0,0,95.47515085,1,0,0,28.14994324,0,-14.97208982,-0.066591813,4.800864934,14.18280138,0.043492439
230.6700338,0.122035545,28.14994324,0,0,95.47486936,1,0,0,19.64897972,0,16.25710318,0.071061047,-2.639575543,19.26528077,0.039643849
229.9150117,0.085461926,19.64897972,0,0,95.47467287,1,0,0,23.11478302,0,-8.500963516,-0.036573619,-0.755022119,18.88586024,0.039237931
233.2488232,0.099099248,23.11478302,0,0,95.47444172,1,0,0,12.52381287,0,3.465803296,0.013637322,3.333811515,21.93429518,0.028662601
230.7813997,0.054266994,12.52381287,0,0,95.47431648,1,0,0,14.45319314,0,-10.59097015,-0.044832254,-2.46742352,19.06607178,0.030158911
229.6831929,0.062926647,14.45319314,0,0,95.47417195,1,0,0,16.65061572,0,1.92938027,0.008659653,-1.098206815,19.5781424,0.027395673
230.2657988,0.072310416,16.65061572,0,0,95.47400544,2,0,0,5.015809215,0,2.19742258,0.009383769,0.582605901,17.27827689,0.017838919
231.1019253,0.021703883,5.015809215,0,0,95.47395528,2,0,0,-3.187224947,0,-11.63480651,-0.050606533,0.836126533,14.35164279,0.028138386
231.8730274,-0.013745561,-3.187224947,0,0,95.47398716,2,0,0,14.90393646,0,-8.203034162,-0.035449445,0.77110209,9.0912412,0.035338317
231.8903724,0.064271476,14.90393646,0,0,95.47383812,2,0,0,-1.505260687,0,18.09116141,0.078017037,0.017344992,9.567265918,0.036643148
230.6726072,-0.006525529,-1.505260687,0,0,95.47385317,2,0,0,1.822717008,0,-16.40919715,-0.070797004,-1.217765123,6.375575153,0.039536659
230.9753279,0.007891393,1.822717008,0,0,95.47383494,2,0,0,-7.728035114,0,3.327977695,0.014416921,0.302720641,3.40999541,0.030872374
230.2621428,-0.0335619,-7.728035114,0,0,95.47391222,2,0,0,15.86161398,0,-9.550752122,-0.041453293,-0.71318509,0.861226544,0.037026423
231.919386,0.068392791,15.86161398,0,0,95.47375361,2,0,0,13.97433528,0,23.5896491,0.101954691,1.657243175,4.67099433,0.044779686
229.8581956,0.060795462,13.97433528,0,0,95.47361386,2,0,0,15.33199154,0,-1.887278707,-0.007597328,-2.061190375,4.485074093,0.0439415
229.7657685,0.066728789,15.33199154,0,0,95.47346054,2,0,0,37.96166103,0,1.357656268,0.005933327,-0.092427109,7.852524539,0.045327398
231.0542349,0.164297621,37.96166103,0,0,95.47308093,2,0,0,12.87613476,0,22.62966948,0.097568831,1.288466419,15.08031334,0.070010887
230.7963506,0.055790028,12.87613476,0,0,95.47295216,2,0,0,12.50765714,0,-25.08552627,-0.108507593,-0.257884287,19.20114732,0.045608794
230.8430979,0.054182504,12.50765714,0,0,95.47282709,2,0,0,18.2193563,0,-0.368477619,-0.001607523,0.046747286,18.53035595,0.047177987
229.0775912,0.07953356,18.2193563,0,0,95.47264489,2,0,0,6.432554826,0,5.711699155,0.025351056,-1.765506708,19.37936015,0.045964064
227.1056025,0.028324069,6.432554826,0,0,95.47258057,2,0,0,12.34334475,0,-11.78680147,-0.05120949,-1.971988725,17.59947281,0.05235812
232.4743502,0.053095512,12.34334475,0,0,95.47245714,2,0,0,16.27143643,0,5.910789926,0.024771443,5.368747694,12.47580955,0.018132156
229.6563305,0.070851243,16.27143643,0,0,95.47229442,2,0,0,15.16803748,0,3.928091675,0.01775573,-2.818019705,13.15486989,0.019652708
229.3375569,0.06613848,15.16803748,0,0,95.47214274,2,0,0,-15.5366875,0,-1.103398948,-0.004712763,-0.318773546,13.68694596,0.019919717
230.376618,-0.067440384,-15.5366875,0,0,95.47229811,2,0,0,10.92932996,0,-30.70472498,-0.133578864,1.039061112,6.935737196,0.057020755
232.0684301,0.04709529,10.92932996,0,0,95.47218881,2,0,0,14.93251782,0,26.46601746,0.114535673,1.691812084,7.835092223,0.057482952
231.2801119,0.064564643,14.93251782,0,0,95.47203949,2,0,0,19.82260041,0,4.003187856,0.017469353,-0.788318174,8.352926836,0.058654927
225.9885711,0.087715057,19.82260041,0,0,95.47184126,2,0,0,14.02538986,0,4.890082594,0.023150414,-5.291540839,9.063159633,0.061555676
229.0016611,0.0612458,14.02538986,0,0,95.47170101,2,0,0,20.98588888,0,-5.797210554,-0.026469257,3.013090019,8.834630109,0.061065559
229.2395511,0.091545673,20.98588888,0,0,95.47149115,2,0,0,14.95729732,0,6.960499023,0.030299873,0.237889963,16.13914539,0.018761033
231.3005245,0.064666076,14.95729732,0,0,95.47134158,2,0,0,29.02975726,0,-6.028591558,-0.026879596,2.06097337,16.94473886,0.014446084
231.0888645,0.125621619,29.02975726,0,0,95.47105128,2,0,0,24.82052622,0,14.07245994,0.060955543,-0.211659945,19.76418675,0.025842548
228.4998211,0.108623832,24.82052622,0,0,95.47080307,2,0,0,-4.952777554,0,-4.209231034,-0.016997787,-2.589043405,20.76377191,0.027776643
233.01521,-0.021255169,-4.952777554,0,0,95.4708526,2,0,0,26.89505787,0,-29.77330378,-0.129879001,4.515388938,16.96813843,0.057732127
227.0141543,0.118473044,26.89505787,0,0,95.47058365,2,0,0,13.61948105,0,31.84783542,0.139728212,-6.001055708,18.14997222,0.060962228
228.4074409,0.059628009,13.61948105,0,0,95.47044746,2,0,0,24.73723702,0,-13.27557682,-0.058845034,1.393286576,17.88240897,0.061303722
233.1014895,0.106122175,24.73723702,0,0,95.47020008,2,0,0,10.41416555,0,11.11775597,0.046494165,4.694048573,17.02390492,0.058069118
231.8964617,0.044908687,10.41416555,0,0,95.47009594,2,0,0,13.99784221,0,-14.32307147,-0.061213488,-1.205027811,14.14263279,0.055597284
231.3426482,0.060506968,13.99784221,0,0,95.46995596,2,0,0,19.9653262,0,3.583676654,0.015598281,-0.553813442,17.93275674,0.032277969
233.6180603,0.085461399,19.9653262,0,0,95.46975631,2,0,0,-5.103203255,0,5.967483989,0.024954431,2.275412082,16.5468104,0.024302017
232.5996716,-0.021939856,-5.103203255,0,0,95.46980734,2,0,0,3.981152247,0,-25.06852945,-0.107401255,-1.018388716,12.80227354,0.048972634
228.1421606,0.017450314,3.981152247,0,0,95.46976753,2,0,0,21.58060198,0,9.084355502,0.039390169,-4.457511036,8.651056589,0.041289659
230.7643164,0.093517933,21.58060198,0,0,95.46955173,2,0,0,17.04355308,0,17.59944973,0.07606762,2.622155863,10.88434387,0.048609472
230.1478581,0.074054798,17.04355308,0,0,95.46938129,2,0,0,12.07211182,0,-4.537048897,-0.019463136,-0.616458334,11.49348605,0.04991081
231.029263,0.052253605,12.07211182,0,0,95.46926057,2,0,0,-0.875360312,0,-4.971441261,-0.021801193,0.881404919,9.914843173,0.046021842
229.7608599,-0.003809876,-0.875360312,0,0,95.46926932,2,0,0,261.281411,0,-12.94747213,-0.056063481,-1.268403105,10.76041176,0.039930683
229.7753827,1.137116639,261.281411,1,0,95.46665651,2,1,0,107.6448458,0,262.1567714,1.140926515,0.014522843,62.22046352,0.48575073
233.3118765,0.461377481,107.6448458,1,0,95.46558006,2,1,0,106.4182385,0,-153.6365652,-0.675739159,3.53649377,79.43331229,0.480044102
228.8014482,0.465111735,106.4182385,1,0,95.46451588,2,1,0,115.6388133,0,-1.226607327,0.003734254,-4.510428348,97.30824938,0.456296675
231.6196351,0.499261702,115.6388133,1,0,95.46335949,2,1,0,114.4208399,0,9.220574786,0.034149967,2.81818691,118.0215897,0.40674128
229.3203841,0.498956254,114.4208399,1,0,95.46221528,2,1,0,90.08355003,0,-1.217973421,-0.000305448,-2.299250963,141.0808297,0.293895788
229.9525506,0.391748427,90.08355003,1,0,95.46131445,2,1,0,104.5764319,0,-24.33728986,-0.107207827,0.632166485,106.8412575,0.043849795
228.261152,0.458143801,104.5764319,1,0,95.46026868,2,1,0,98.59450031,0,14.49288187,0.066395374,-1.691398565,106.2275747,0.043908882
228.7618911,0.430991805,98.59450031,1,0,95.45928274,2,1,0,106.580453,0,-5.981931584,-0.027151997,0.500739026,104.6628271,0.046029674
231.4255668,0.460538801,106.580453,1,0,95.45821693,2,1,0,115.3418081,0,7.985952704,0.029546996,2.663675788,102.851155,0.039718218
229.1115966,0.503430685,115.3418081,1,0,95.45706351,2,1,0,105.3783504,0,8.761355126,0.042891885,-2.313970211,103.0353487,0.041174889
229.5233239,0.459118266,105.3783504,1,0,95.45600973,2,1,0,109.2562613,0,-9.963457695,-0.04431242,0.411727266,106.0943088,0.025991975
228.4081239,0.478337895,109.2562613,1,0,95.45491717,2,1,0,110.0343667,0,3.877910856,0.01921963,-1.115199995,107.0302746,0.026715481
227.8401608,0.48294544,110.0343667,1,0,95.45381682,2,1,0,96.66633488,0,0.778105443,0.004607545,-0.567963145,109.3182479,0.018209666
228.4800271,0.423084399,96.66633488,1,0,95.45285016,2,1,0,119.7037885,0,-13.36803186,-0.059861042,0.639866376,107.3354243,0.030299753
232.3733456,0.515135624,119.7037885,1,0,95.45165312,2,1,0,117.5618002,0,23.03745358,0.092051226,3.893318507,108.2078204,0.033833965
232.9481984,0.504669283,117.5618002,1,0,95.4504775,2,1,0,101.492027,0,-2.141988285,-0.010466342,0.574852794,110.6445103,0.035673615
228.9311003,0.44333001,101.492027,1,0,95.44946258,2,1,0,109.9564645,0,-16.0697732,-0.061339273,-4.017098133,109.0916635,0.039514784
231.4948614,0.474984472,109.9564645,1,0,95.44836302,2,1,0,112.388403,0,8.464437499,0.031654462,2.563761136,109.076083,0.039215066
229.514977,0.489677861,112.388403,1,0,95.44723914,2,1,0,101.8758803,0,2.431938531,0.014693389,-1.979884418,112.2204966,0.028071573
233.3399037,0.436598621,101.8758803,1,0,95.44622038,2,1,0,104.2599357,0,-10.51252276,-0.05307924,3.824926691,108.654915,0.029329394
234.836681,0.443967847,104.2599357,1,0,95.44517778,3,1,0,89.55178618,0,2.384055495,0.007369226,1.496777235,105.9945421,0.023246896
230.800402,0.38800533,89.55178618,1,0,95.44428226,3,1,0,127.8830801,0,-14.70814957,-0.055962517,-4.03627894,103.6064939,0.039375311
230.8698559,0.553918482,127.8830801,1,0,95.44300343,3,1,0,113.9795584,0,38.33129396,0.165913152,0.069453849,107.1918171,0.062569423
232.4357644,0.49037014,113.9795584,1,0,95.44186363,3,1,0,105.7897724,0,-13.90352174,-0.063548342,1.565908565,107.5100481,0.062645502
232.5399676,0.454931569,105.7897724,1,0,95.44080574,3,1,0,89.52832401,0,-8.189786036,-0.035438571,0.104203181,108.2928266,0.061266575
227.5904182,0.393374751,89.52832401,1,0,95.43991045,3,1,0,100.1598054,0,-16.26144835,-0.061556819,-4.949549376,105.3465042,0.069490291
231.1233799,0.433360768,100.1598054,1,0,95.43890885,3,1,0,133.0187897,0,10.63148136,0.039986017,3.532961715,107.4681081,0.060791752
230.9013885,0.576084841,133.0187897,1,0,95.43757867,3,1,0,101.5202575,0,32.85898436,0.142724073,-0.221991436,108.49525,0.069117926
228.1131668,0.445043392,101.5202575,1,0,95.43656346,3,1,0,97.26256828,0,-31.49853227,-0.131041449,-2.788221712,106.0033898,0.068687861
229.0486688,0.424637125,97.26256828,1,0,95.43559084,3,1,0,109.6803105,0,-4.257689181,-0.020406266,0.93550197,104.297949,0.070617377
232.9632031,0.470805299,109.6803105,1,0,95.43449404,3,1,0,114.8304693,0,12.41774219,0.046168173,3.914534379,108.3283463,0.061801491
232.2559997,0.49441336,114.8304693,1,0,95.43334573,3,1,0,102.5384729,0,5.15015878,0.023608061,-0.707203399,111.262479,0.058710022
229.3519348,0.447079171,102.5384729,1,0,95.43232035,3,1,0,110.3606786,0,-12.2919964,-0.047334189,-2.90406492,105.1664157,0.026820042
227.1456753,0.485858595,110.3606786,1,0,95.43121674,3,1,0,103.8000235,0,7.822205776,0.038779424,-2.20625951,106.9344999,0.028649923
232.424759,0.44659624,103.8000235,1,0,95.43017874,3,1,0,108.8914823,0,-6.560655093,-0.039262355,5.27908373,108.241991,0.021884636
230.6957162,0.472013456,108.8914823,1,0,95.42908982,3,1,0,115.4287822,0,5.091458724,0.025417216,-1.729042818,108.0842253,0.02191688
228.2164588,0.505786405,115.4287822,1,0,95.42793554,3,1,0,102.7437543,0,6.537299964,0.033772949,-2.479257383,108.2038879,0.025488032
228.3673025,0.449905714,102.7437543,1,0,95.4269081,3,1,0,113.2887972,0,-12.68502795,-0.055880691,0.150843616,108.2449442,0.024834881
228.844461,0.495047146,113.2887972,1,0,95.42577521,3,1,0,3373.81709,0,10.54504292,0.045141432,0.477158507,108.8305679,0.026404167
227.3484477,14.839851,3373.81709,1,1,95.39203704,3,3,0,1381.480336,0,3260.528293,14.34480386,-1.496013232,762.8339812,6.421649019
229.8272004,6.01095229,1381.480336,1,1,95.37822224,3,3,0,1374.085579,0,-1992.336754,-8.828898713,2.478752622,1017.351752,6.27662871
230.6525611,5.957382708,1374.085579,1,1,95.36448138,3,3,0,1379.071255,0,-7.394757427,-0.053569582,0.825360709,1269.083111,5.878845071
228.5363499,6.034362827,1379.071255,1,1,95.35069067,3,3,0,1366.845724,0,4.985675727,0.076980119,-2.116211144,1524.348611,5.153219365
228.9743938,5.969426105,1366.845724,1,1,95.33702221,3,3,0,1379.576696,0,-12.22553079,-0.064936722,0.438043884,1775.059997,3.956540062
232.9615096,5.921908292,1379.576696,1,1,95.32322644,3,3,0,1370.389531,0,12.73097178,-0.047517814,3.987115839,1376.211918,0.04445288
228.0082919,6.01026182,1370.389531,1,1,95.30952255,3,3,0,1391.755331,0,-9.187164336,0.088353528,-4.953217758,1373.993757,0.044328952
231.7081565,6.006501248,1391.755331,1,1,95.295605,3,3,0,1359.488171,0,21.3657997,-0.003760571,3.699864566,1377.527707,0.043872797
229.1283454,5.933304185,1359.488171,1,1,95.28201011,3,3,0,1372.263944,0,-32.26716006,-0.073197063,-2.579811021,1373.611091,0.04061494
231.383023,5.930702808,1372.263944,1,1,95.26828747,3,3,0,1358.126706,0,12.7757731,-0.002601378,2.254677541,1374.694735,0.043900889
229.5842559,5.915591648,1358.126706,1,1,95.25470621,3,3,0,1366.209114,0,-14.13723756,-0.01511116,-1.798767102,1370.404737,0.045357091
228.4567162,5.98016612,1366.209114,1,1,95.24104412,3,3,0,1387.33647,0,8.082407605,0.064574472,-1.127539673,1369.568653,0.038355364
230.2682691,6.024870364,1387.33647,1,1,95.22717075,3,3,0,1337.242593,0,21.12735617,0.044704244,1.811552882,1368.684881,0.045029753
228.9114486,5.841746234,1337.242593,1,1,95.21379833,3,3,0,1339.319516,0,-50.09387746,-0.183124131,-1.356820472,1364.235766,0.069178607
225.9618348,5.927193486,1339.319516,1,1,95.20040513,3,3,0,1369.740498,0,2.076922837,0.085447252,-2.949613766,1357.64688,0.069296658
231.2552935,5.923066568,1369.740498,1,1,95.18670772,3,3,0,1394.568053,0,30.4209821,-0.004126918,5.293458663,1359.969638,0.068773355
233.8201856,5.964275708,1394.568053,1,1,95.17276204,3,3,0,1278.770718,0,24.82755496,0.041209139,2.564892047,1365.641426,0.066756634
229.4867702,5.572306923,1278.770718,0,1,95.15997434,3,2,0,1286.85228,0,-115.7973342,-0.391968785,-4.333415331,1343.928275,0.15925324
231.595535,5.556464118,1286.85228,0,1,95.14710581,3,2,0,1268.707684,0,8.081561867,-0.015842805,2.10876481,1333.850213,0.205439231
228.9419218,5.541613671,1268.707684,0,1,95.13441874,3,2,0,1258.892962,0,-18.14459661,-0.014850447,-2.653613234,1319.727847,0.212678256
226.7951985,5.550791948,1258.892962,0,1,95.12182981,3,2,0,1258.174162,0,-9.814721976,0.009178277,-2.146723299,1297.558339,0.183242292
226.0659517,5.565518168,1258.174162,0,1,95.10924807,3,2,0,1266.874158,0,-0.71880017,0.01472622,-0.729246762,1270.279561,0.012060812
229.8613579,5.511470781,1266.874158,0,1,95.09657932,3,2,0,1271.573244,0,8.699996071,-0.054047387,3.79540615,1267.900249,0.020745458
229.0037538,5.552630569,1271.573244,0,1,95.08386359,3,2,0,1267.122821,0,4.699086365,0.041159788,-0.857604057,1264.844442,0.020289611
229.3357014,5.525187807,1267.122821,0,1,95.07119236,3,2,0,1268.721604,0,-4.450423062,-0.027442763,0.331947568,1264.527469,0.022103288
231.3103061,5.484933314,1268.721604,0,1,95.05850515,3,2,0,1280.833646,0,1.598783034,-0.040254493,1.974604738,1266.493198,0.032210741
229.4512466,5.582160331,1280.833646,0,1,95.04569681,3,2,0,1274.505559,0,12.11204242,0.097227017,-1.859059575,1271.025095,0.037490633
228.9339023,5.567133337,1274.505559,0,1,95.03295176,3,2,0,1270.718168,0,-6.32808732,-0.015026994,-0.517344308,1272.551375,0.038392596
229.7750039,5.530271554,1270.718168,0,1,95.02024457,3,2,0,1281.425904,0,-3.787391297,-0.036861783,0.841101644,1272.38036,0.038206088
230.8501298,5.550899647,1281.425904,0,1,95.00743032,3,2,0,1288.577722,0,10.70773649,0.020628094,1.075125942,1275.240976,0.037789137
229.2779858,5.620154579,1288.577722,0,1,94.99454454,3,2,0,1272.398684,0,7.151817306,0.069254931,-1.572144052,1279.2122,0.033965679
230.0513845,5.530932522,1272.398684,0,1,94.98182055,3,2,0,1265.48815,0,-16.17903745,-0.089222056,0.773398679,1277.525207,0.037016547
230.2399629,5.496387916,1265.48815,0,1,94.96916567,3,2,0,1292.720851,0,-6.910534537,-0.034544607,0.188578412,1275.721726,0.045984545
231.1576962,5.592376424,1292.720851,0,1,94.95623846,3,2,0,1255.309375,0,27.23270101,0.095988509,0.917733342,1280.122262,0.049050815
226.401022,5.544627688,1255.309375,0,1,94.94368537,3,2,0,1275.371189,0,-37.41147563,-0.047748736,-4.756674253,1274.898956,0.049361803
228.5171533,5.581074202,1275.371189,0,1,94.93093166,3,2,0,1245.726427,0,20.06181415,0.036446513,2.116131381,1272.25765,0.038806633
228.1691045,5.459663041,1245.726427,0,1,94.91847439,3,2,0,1262.177811,0,-29.64476206,-0.121411161,-0.348048802,1266.923198,0.05628938
229.0692816,5.510026496,1262.177811,0,1,94.90585261,3,2,0,1260.070129,0,16.45138378,0.050363455,0.900177026,1266.261131,0.054254742
229.0078898,5.502300072,1260.070129,0,1,94.89325191,3,2,0,1271.37489,0,-2.107682106,-0.007726423,-0.06139175,1259.730986,0.045795257
228.4704061,5.564724604,1271.37489,0,1,94.88053816,3,2,0,1277.386844,0,11.3047612,0.062424531,-0.537483739,1262.944089,0.049295967
227.8942614,5.605173366,1277.386844,0,1,94.86776429,3,2,0,1246.195255,0,6.01195441,0.040448762,-0.576144643,1263.34722,0.056914817
225.1749373,5.534342632,1246.195255,0,1,94.85530234,4,2,0,1277.999196,0,-31.19158934,-0.070830734,-2.719324163,1263.440986,0.042295628
231.9076055,5.510811917,1277.999196,0,1,94.84252235,4,2,0,1255.14626,0,31.80394106,-0.023530715,6.732668216,1266.605263,0.042142276
228.3620699,5.49629919,1255.14626,0,1,94.82997089,4,2,0,1241.31032,0,-22.85293628,-0.014512728,-3.54553559,1265.620489,0.043665811
227.5995101,5.453923514,1241.31032,0,1,94.81755778,4,2,0,1301.823575,0,-13.83594015,-0.042375676,-0.762559853,1259.607575,0.055839959
231.2970111,5.628363154,1301.823575,0,1,94.80453955,4,2,0,1279.3985,0,60.51325497,0.17443964,3.697501003,1264.494921,0.064899565
228.8900862,5.58957586,1279.3985,0,1,94.79174556,4,2,0,1285.155249,0,-22.42507417,-0.038787294,-2.406924841,1271.13557,0.07132366
231.5731062,5.549674009,1285.155249,0,1,94.77889401,4,2,0,1249.184178,0,5.756748088,-0.039901851,2.683019983,1272.566781,0.070026243
226.4945393,5.515294904,1249.184178,0,1,94.76640217,4,2,0,1271.78539,0,-35.97107029,-0.034379105,-5.078566923,1271.374364,0.067282226
226.5973679,5.612533816,1271.78539,0,1,94.75368432,4,2,0,1259.267486,0,22.60121154,0.097238912,0.102828591,1277.469378,0.046344904
227.5968661,5.532885877,1259.267486,0,1,94.74109164,4,2,0,1251.471371,0,-12.51790371,-0.079647939,0.999498219,1268.958161,0.040233321
227.5814396,5.499004547,1251.471371,0,1,94.72857693,4,2,0,1260.989619,0,-7.796115224,-0.033881331,-0.015426533,1263.372735,0.043814023
225.6622453,5.587951221,1260.989619,0,1,94.71596703,4,2,0,1281.048361,0,9.518248403,0.088946674,-1.91919423,1258.539609,0.048599282
232.5415098,5.508901884,1281.048361,0,1,94.70315655,4,2,0,1294.477113,0,20.05874221,-0.079049337,6.879264504,1264.912446,0.049794681
231.6654887,5.587699402,1294.477113,0,1,94.69021178,4,2,0,1279.05546,0,13.42875136,0.078797519,-0.876021102,1269.45079,0.042481788
231.186129,5.532578732,1279.05546,0,1,94.67742122,4,2,0,1273.057828,0,-15.42165238,-0.05512067,-0.479359738,1273.408385,0.042500809
227.1037021,5.605623408,1273.057828,0,1,94.66469064,4,2,0,1264.465505,0,-5.997631998,0.073044676,-4.082426903,1277.725677,0.04150124
230.5348897,5.484920335,1264.465505,0,1,94.65204599,4,2,0,1260.218115,0,-8.592323923,-0.120703073,3.431187624,1278.420854,0.051380436
227.4432305,5.540802919,1260.218115,0,1,94.63944381,4,2,0,1294.19556,0,-4.247389154,0.055882584,-3.091659229,1274.254804,0.047796784
229.944438,5.628296866,1294.19556,0,1,94.62650185,4,2,0,1269.197762,0,33.97744432,0.087493946,2.501207531,1274.198494,0.05807596
228.4884257,5.554757351,1269.197762,0,1,94.61380987,4,2,0,1260.306214,0,-24.9977973,-0.073539515,-1.456012277,1272.226954,0.056430155
227.7369294,5.534044113,1260.306214,0,1,94.60120681,4,2,0,1265.215801,0,-8.891548733,-0.020713238,-0.751496286,1269.676631,0.051762112
229.1173465,5.522130124,1265.215801,0,1,94.58855465,4,2,0,1260.942457,0,4.909587101,-0.011913989,1.380417011,1269.82669,0.042096798
229.3682476,5.49745865,1260.942457,0,1,94.57594523,4,2,0,1300.035828,0,-4.273343941,-0.024671474,0.250901158,1269.971559,0.049773233
233.5855442,5.56556628,1300.035828,0,1,94.56294487,4,2,0,1257.616648,0,39.09337161,0.06810763,4.217296617,1271.139612,0.02692737
226.7513433,5.546236814,1257.616648,0,1,94.5503687,4,2,0,1285.29045,0,-42.41918042,-0.019329466,-6.834200891,1268.82339,0.025584027
230.0882886,5.586075056,1285.29045,0,1,94.5375158,4,2,0,1300.36564,0,27.67380158,0.039838242,3.336945274,1273.820237,0.034941106
231.1692647,5.625166658,1300.36564,0,1,94.52451214,4,2,0,1321.428953,0,15.07519043,0.039091602,1.080976074,1280.850205,0.04736653
234.7887221,5.628161955,1321.428953,0,1,94.51129785,4,2,0,1298.564518,0,21.06331285,0.002995297,3.619457366,1292.947504,0.036126049
231.0632568,5.619952456,1298.564518,0,1,94.49831221,4,2,0,1291.390409,0,-22.86443522,-0.008209499,-3.725465227,1292.653242,0.035009588
231.0886432,5.588290238,1291.390409,0,1,94.4853983,4,2,0,1269.220321,0,-7.174108996,-0.031662218,0.025386336,1299.407994,0.02062489
231.6630587,5.478734192,1269.220321,0,1,94.4727061,4,2,0,1272.065213,0,-22.17008814,-0.109556046,0.574415504,1296.193968,0.063155334
229.1406923,5.551459236,1272.065213,0,1,94.45998545,4,2,0,1257.002418,0,2.844892194,0.072725044,-2.522366349,1290.533882,0.060890685
227.4644406,5.526149116,1257.002418,0,1,94.44741542,4,2,0,1297.860561,0,-15.06279515,-0.02531012,-1.676251694,1277.648575,0.054696325
232.4067487,5.584435774,1297.860561,0,1,94.43443682,4,2,0,1302.328081,0,40.85814381,0.058286657,4.942308052,1277.507784,0.045315972
230.8186848,5.642212552,1302.328081,0,1,94.42141354,4,2,0,1249.049198,0,4.467519359,0.057776778,-1.588063861,1279.695319,0.061483956
228.646442,5.462797437,1249.049198,0,1,94.40892305,4,2,0,1256.608547,0,-53.27888312,-0.179415115,-2.172242773,1275.661094,0.06671973
228.0172503,5.511024035,1256.608547,0,1,94.39635696,4,2,0,1273.853563,0,7.55934934,0.048226598,-0.629191704,1272.569761,0.06941167
230.5820631,5.524512819,1273.853563,0,1,94.38361843,4,2,0,1277.259719,0,17.2450162,0.013488784,2.564812725,1275.93999,0.069528434
227.8738674,5.605117134,1277.259719,0,1,94.37084583,4,2,0,1263.254639,0,3.406155525,0.080604315,-2.708195647,1271.819821,0.072990243
228.0730985,5.538814739,1263.254639,0,1,94.35821328,4,2,0,1298.561754,0,-14.00507933,-0.066302396,0.199231067,1264.005133,0.051513838
232.1615667,5.593353682,1298.561754,0,1,94.34522766,4,2,0,-1146.110739,0,35.30711475,0.054538944,4.088468228,1273.907644,0.042151809
229.2221477,-5,-1146.110739,0,1,94.3325233,4,2,1,1279.656706,0,-2444.672493,-10.59335368,-2.939418996,793.3637873,4.725138026
230.1076571,5.561121789,1279.656706,0,1,94.31972673,4,2,0,1276.230005,0,2425.767444,10.56112179,0.885509431,794.5244159,4.72917827
230.509101,5.536571005,1276.230005,0,1,94.30696443,4,2,0,1286.333117,0,-3.426701133,-0.024550783,0.401443803,794.3184731,4.721497238
230.6537856,5.576900088,1286.333117,0,1,94.2941011,4,2,0,1293.353793,0,10.10311229,0.040329082,0.144684633,798.9341686,4.725746458
233.5283703,5.5383155,1293.353793,0,1,94.28116757,4,2,0,1297.79995,0,7.020675896,-0.038584588,2.874584724,797.8925764,4.719576364
232.328279,5.586061048,1297.79995,0,1,94.26818957,4,2,0,1261.718626,0,4.446156577,0.047745548,-1.200091331,1286.674714,0.022276515
229.0878511,5.507575454,1261.718626,0,1,94.25557238,4,2,0,1283.18116,0,-36.08132396,-0.078485593,-3.240427889,1283.087098,0.032157938
230.1955794,5.574308438,1283.18116,0,1,94.24274057,4,2,0,1262.626639,0,21.46253479,0.066732983,1.107728269,1284.477329,0.032906533
227.8295427,5.54197943,1262.626639,0,1,94.2301143,4,2,0,1253.415692,0,-20.55452115,-0.032329008,-2.366036634,1279.736034,0.031190459
228.3735329,5.488445515,1253.415692,0,1,94.21758014,4,2,0,1277.940372,0,-9.210946732,-0.053533914,0.543990185,1271.748413,0.041866728
230.5950201,5.541925281,1277.940372,0,1,94.20480074,4,2,0,1281.907972,0,24.5246792,0.053479766,2.221487203,1267.776498,0.033447745
229.5269414,5.585000016,1281.907972,0,1,94.19198166,4,2,0,1299.420253,0,3.967599935,0.043074735,-1.06807867,1271.814367,0.037640091
231.0009358,5.625173111,1299.420253,0,1,94.17898746,4,2,0,1259.205424,0,17.51228121,0.040173095,1.473994374,1275.062186,0.051436683
227.0317395,5.546384955,1259.205424,0,1,94.1663954,4,2,0,1281.717855,0,-40.2148289,-0.078788157,-3.969196363,1274.377943,0.051162666
231.4585945,5.537568642,1281.717855,0,1,94.15357823,4,2,0,1286.284485,0,22.51243118,-0.008816312,4.426855082,1280.038375,0.037509387
230.9313177,5.569987207,1286.284485,0,1,94.14071538,4,2,0,1262.422582,0,4.566630316,0.032418565,-0.527276827,1281.707198,0.034780366
226.7555051,5.567329363,1262.422582,0,1,94.12809116,4,2,0,1251.66437,0,-23.86190343,-0.002657845,-4.175812562,1277.81012,0.034125276
228.1453653,5.486258151,1251.66437,0,1,94.11557451,4,2,0,1247.754073,0,-10.75821207,-0.081071211,1.389860122,1268.258943,0.033799619
225.823821,5.525343018,1247.754073,0,1,94.10309697,4,2,0,1264.699437,0,-3.910297375,0.039084867,-2.321544301,1265.968673,0.034345771
227.9152599,5.548989733,1264.699437,0,1,94.09044998,5,2,0,1260.120103,0,16.94536444,0.023646714,2.091438914,1262.564989,0.03474579
227.1324065,5.547953824,1260.120103,0,1,94.07784878,5,2,0,1269.202415,0,-4.57933371,-0.001035909,-0.782853365,1257.332113,0.031135085
226.289704,5.608750167,1269.202415,0,1,94.06515675,5,2,0,1261.035442,0,9.08231177,0.060796343,-0.842702519,1258.68808,0.044479925
230.16498,5.478832803,1261.035442,0,1,94.0525464,5,2,0,1291.708824,0,-8.166972833,-0.129917364,3.875275963,1260.562294,0.046923969
231.4771654,5.580286165,1291.708824,0,1,94.03962931,5,2,0,1251.140328,0,30.67338177,0.101453363,1.312185489,1269.353244,0.048463719
228.7279956,5.469992095,1251.140328,0,1,94.02711791,5,2,0,1283.230711,0,-40.56849587,-0.11029407,-2.749169799,1266.641423,0.061268087
229.9822172,5.579695363,1283.230711,0,1,94.0142856,5,2,0,1265.873519,0,32.09038278,0.109703268,1.254221555,1271.263544,0.064238167
227.5682766,5.562609773,1265.873519,0,1,94.00162686,5,2,0,1271.978941,0,-17.35719157,-0.01708559,-2.413940626,1270.597765,0.055201958
229.4897734,5.542638884,1271.978941,0,1,93.98890707,5,2,0,1285.021038,0,6.105422102,-0.019970889,1.921496818,1272.786465,0.045743435
233.814971,5.495888619,1285.021038,0,1,93.97605686,5,2,0,1255.095116,0,13.04209656,-0.046750264,4.325197576,1271.448908,0.045981427
230.1806125,5.452653472,1255.095116,0,1,93.96350591,5,2,0,1259.982018,0,-29.92592175,-0.043235147,-3.634358436,1272.239865,0.051923737
228.3712013,5.517254411,1259.982018,0,1,93.95090609,5,2,0,1256.32634,0,4.886901308,0.064600939,-1.809411283,1267.590126,0.042675775
227.8695316,5.513358154,1256.32634,0,1,93.93834283,5,2,0,1266.844148,0,-3.65567715,-0.003896257,-0.501669609,1265.680691,0.03338351
230.772448,5.489581441,1266.844148,0,1,93.92567439,5,2,0,1298.824535,0,10.51780744,-0.023776713,2.902916371,1264.653732,0.025728448
231.4717994,5.611156686,1298.824535,0,1,93.91268614,5,2,0,1266.938841,0,31.98038681,0.121575245,0.69935135,1267.414431,0.058674662
226.5418089,5.592516664,1266.938841,0,1,93.90001675,5,2,0,1277.752746,0,-31.88569312,-0.018640022,-4.929990437,1269.783176,0.053564271
229.4351423,5.569123951,1277.752746,0,1,93.88723923,5,2,0,1271.418128,0,10.81390487,-0.023392713,2.8933334,1273.337322,0.051899138
231.2338052,5.498409401,1271.418128,0,1,93.87452504,5,2,0,1277.143869,0,-6.334618039,-0.07071455,1.798662869,1276.35568,0.055231892
231.0324052,5.527985858,1277.143869,0,1,93.86175361,5,2,0,1279.186496,0,5.725740702,0.029576457,-0.201399956,1278.415624,0.046302708
227.8203014,5.614892477,1279.186496,0,1,93.84896174,5,2,0,1265.634856,0,2.042627136,0.086906618,-3.212103873,1274.488016,0.047355982
228.3759981,5.541890858,1265.634856,0,1,93.83630539,5,2,0,1275.68615,0,-13.55164008,-0.073001619,0.555696746,1274.227219,0.044123886
229.7163634,5.55330988,1275.68615,0,1,93.82354853,5,2,0,1286.145621,0,10.05129412,0.011419022,1.340365256,1273.8139,0.043004206
229.0771526,5.614464851,1286.145621,0,1,93.81068707,5,2,0,1280.50935,0,10.4594711,0.061154971,-0.639210779,1276.759399,0.041306886
230.9387454,5.544800841,1280.50935,0,1,93.79788198,5,2,0,1277.341953,0,-5.636271495,-0.06966401,1.86159284,1277.432495,0.037487283
231.9603084,5.506726396,1277.341953,0,1,93.78510856,5,2,0,1271.202391,0,-3.167396793,-0.038074445,1.021562974,1277.063586,0.039073683
230.2533319,5.520885977,1271.202391,0,1,93.77239654,5,2,0,1293.505712,0,-6.139562041,0.014159581,-1.706976544,1278.177093,0.041517103
233.0391395,5.55059427,1293.505712,0,1,93.75946148,5,2,0,1247.731505,0,22.30332121,0.029708293,2.785807612,1281.741005,0.041448595
228.4128328,5.462615607,1247.731505,0,1,93.74698417,5,2,0,1264.933216,0,-45.77420695,-0.087978663,-4.626306666,1274.058182,0.035283474
229.8465164,5.50338215,1264.933216,0,1,93.73433483,5,2,0,1266.935805,0,17.20171036,0.040766543,1.433683599,1270.942955,0.031857003
229.1552284,5.528723101,1266.935805,0,1,93.72166548,5,2,0,1266.06681,0,2.002589624,0.025340951,-0.691287957,1268.861726,0.032990663
227.9478709,5.554194497,1266.06681,0,1,93.70900481,5,2,0,1262.120885,0,-0.86899497,0.025471397,-1.207357549,1267.83461,0.037915824
230.2861985,5.480662295,1262.120885,0,1,93.6963836,5,2,0,1257.946543,0,-3.945924914,-0.073532202,2.338327631,1261.557644,0.036640385
228.9866087,5.493537592,1257.946543,0,1,93.68380413,5,2,0,1253.540296,0,-4.17434224,0.012875297,-1.299589786,1263.600652,0.029398841
229.8810703,5.452994867,1253.540296,0,1,93.67126873,5,2,0,1269.486982,0,-4.406246924,-0.040542725,0.894461522,1261.322068,0.039896116
228.6814036,5.551334573,1269.486982,0,1,93.65857386,5,2,0,1290.493779,0,15.94668578,0.098339706,-1.199666657,1261.832303,0.044674669
232.3525896,5.554032264,1290.493779,0,1,93.64566892,5,2,0,1281.124525,0,21.00679734,0.002697691,3.671186008,1266.717697,0.044631448
228.8558612,5.597953744,1281.124525,0,1,93.63285768,5,2,0,1294.201427,0,-9.369254514,0.04392148,-3.49672845,1270.518425,0.056810471
230.4022343,5.617139219,1294.201427,0,1,93.61991566,5,2,0,1266.698712,0,13.07690197,0.019185476,1.546373171,1277.769402,0.063492614
228.5135781,5.543209827,1266.698712,0,1,93.60724868,5,2,0,1265.612888,0,-27.50271483,-0.073929393,-1.888656193,1280.401085,0.032738457
228.5474671,5.537636904,1265.612888,0,1,93.59459255,5,2,0,1285.126491,0,-1.085823972,-0.005572923,0.033888935,1279.626266,0.035438572
230.3610886,5.578748126,1285.126491,0,1,93.58174128,5,2,0,1248.724119,0,19.51360332,0.041111222,1.813621525,1278.552809,0.034362891
229.5417183,5.440074808,1248.724119,0,1,93.56925404,5,2,0,1302.854286,0,-36.40237222,-0.138673317,-0.819370322,1272.072727,0.065947517
231.6046204,5.625338061,1302.854286,0,1,93.5562255,5,2,0,1286.126224,0,54.13016721,0.185263253,2.062902107,1273.803299,0.068300541
230.1234018,5.588854561,1286.126224,0,1,93.54336424,5,2,0,1281.275944,0,-16.72806225,-0.0364835,-1.481218559,1277.688802,0.070998317
227.7575207,5.625614207,1281.275944,0,1,93.53055148,5,2,0,1265.270665,0,-4.850279603,0.036759646,-2.365881097,1280.821413,0.076571741
229.8374074,5.505068472,1265.270665,0,1,93.51789877,5,2,0,1279.676847,0,-16.00527949,-0.120545735,2.079886637,1276.850248,0.081794096
231.9642023,5.516699708,1279.676847,0,1,93.505102,5,2,0,1260.5176,0,14.40618228,0.011631237,2.126794927,1283.040793,0.058182824
227.0599089,5.551475849,1260.5176,0,1,93.49249683,5,2,0,1268.47678,0,-19.15924673,0.03477614,-4.904293402,1274.573456,0.050181331
227.2986674,5.580660875,1268.47678,0,1,93.47981206,5,2,0,1236.707773,0,7.959179562,0.029185027,0.238758473,1271.043567,0.049023596
224.4320413,5.510388651,1236.707773,0,1,93.46744498,5,2,0,1309.674182,0,-31.76900656,-0.070272224,-2.866626051,1262.129933,0.03228761
232.0466476,5.644012512,1309.674182,0,1,93.45434824,5,2,0,1259.888146,0,72.96640883,0.133623861,7.614606253,1271.010637,0.054524627
228.1520959,5.52214145,1259.888146,0,1,93.44174936,5,2,0,1224.7239,0,-49.78603656,-0.121871062,-3.894551649,1267.052896,0.053472247
227.0564961,5.393917026,1224.7239,0,1,93.42950212,5,2,0,1288.768699,0,-35.16424563,-0.128224424,-1.095599828,1259.894156,0.092911334
230.5252381,5.590575287,1288.768699,0,1,93.41661443,5,2,0,1278.974229,0,64.0447993,0.196658261,3.468742049,1263.95254,0.094351473
229.5132566,5.57255057,1278.974229,0,1,93.40382469,5,2,0,1294.331484,0,-9.794470603,-0.018024717,-1.011981581,1272.405831,0.094851919
228.1367266,5.673490207,1294.331484,0,1,93.39088137,5,2,0,1268.778731,0,15.3572552,0.100939637,-1.376530008,1269.337292,0.103127684
228.9646621,5.541373588,1268.778731,0,1,93.37819359,5,2,0,1279.647511,0,-25.55275289,-0.132116619,0.827935546,1271.115409,0.102158018
230.2733112,5.557081297,1279.647511,0,1,93.36539711,5,2,0,1255.139411,0,10.86877991,0.015707709,1.308649121,1282.100131,0.051669677
229.4408672,5.470426549,1255.139411,0,1,93.35284572,5,2,0,1286.42175,0,-24.50809981,-0.086654748,-0.832444045,1275.374273,0.073095613
229.9164822,5.595169767,1286.42175,0,1,93.3399815,5,2,0,1273.539603,0,31.28233911,0.124743218,0.475615051,1276.863778,0.074521697
230.8502265,5.516735338,1273.539603,0,1,93.3272461,6,2,0,1287.885297,0,-12.88214772,-0.078434429,0.933744307,1272.705401,0.046489888
231.9537101,5.552337563,1287.885297,0,1,93.31436725,6,2,0,1300.902931,0,14.3456949,0.035602225,1.103483557,1276.526715,0.047052599
232.1141129,5.604583519,1300.902931,0,1,93.30135822,6,2,0,1300.970617,0,13.01763396,0.052245955,0.160402788,1280.777799,0.055768503
234.4008284,5.550196327,1300.970617,0,1,93.28834851,6,2,0,1312.133214,0,0.067685726,-0.054387191,2.286715566,1289.94404,0.035982243
232.8326359,5.635521019,1312.133214,0,1,93.27522718,6,2,0,1305.224045,0,11.16259658,0.085324692,-1.568192512,1295.086332,0.047467677
233.4950167,5.589943902,1305.224045,0,1,93.26217494,6,2,0,1271.094493,0,-6.909169214,-0.045577117,0.662380742,1301.423221,0.036148865
229.5197164,5.538062318,1271.094493,0,1,93.249464,6,2,0,1271.239217,0,-34.12955157,-0.051881583,-3.975300223,1298.06506,0.03989302
228.19762,5.5707821,1271.239217,0,1,93.23675161,6,2,0,1290.889498,0,0.144723676,0.032719781,-1.32209646,1292.132317,0.038293105
232.6157096,5.549451067,1290.889498,0,1,93.22384271,6,2,0,1287.733408,0,19.65028142,-0.021331032,4.418089636,1290.116093,0.038424263
229.0992571,5.620853704,1287.733408,0,1,93.21096538,6,2,0,1249.100539,0,-3.156090199,0.071402636,-3.516452514,1285.236132,0.032991798
230.3228366,5.423259618,1249.100539,0,1,93.19847437,6,2,0,1284.719485,0,-38.63286891,-0.197594086,1.223579528,1274.011431,0.072809843
229.110791,5.607415871,1284.719485,0,1,93.18562718,6,2,0,1284.385133,0,35.61894649,0.184156253,-1.212045666,1276.736429,0.078608891
229.0559123,5.607299632,1284.385133,0,1,93.17278332,6,2,0,1255.211195,0,-0.334352446,-0.000116239,-0.054878627,1279.365613,0.082134332
228.4759113,5.49384479,1255.211195,0,1,93.16023121,6,2,0,1285.90217,0,-29.17393791,-0.113454842,-0.580001022,1272.229952,0.087771265
229.9201642,5.592820335,1285.90217,0,1,93.14737219,6,2,0,1259.029434,0,30.69097479,0.098975545,1.444252908,1271.863704,0.082917609
228.1491758,5.518448311,1259.029434,0,1,93.1347819,6,2,0,1265.581162,0,-26.87273578,-0.074372023,-1.770988406,1273.849483,0.053821723
228.1211134,5.547847556,1265.581162,0,1,93.12212608,6,2,0,1255.125335,0,6.551727469,0.029399245,-0.028062424,1270.021819,0.048086699
229.121017,5.47800176,1255.125335,0,1,93.10957483,6,2,0,1278.908917,0,-10.455827,-0.069845796,0.999903625,1264.169859,0.045653324
229.5125262,5.572283738,1278.908917,0,1,93.09678574,6,2,0,-1153.244205,0,23.78358269,0.094281978,0.391509124,1268.909403,0.04523381
230.6488411,-5,-1153.244205,0,1,93.08409956,6,2,1,1280.180004,0,-2432.153123,-10.57228374,1.13631494,781.0801284,4.708908103
232.1897119,5.513508732,1280.180004,0,1,93.07129776,6,2,0,1265.768145,0,2433.424209,10.51350873,1.540870793,785.3102424,4.708359148
227.8802847,5.554531173,1265.768145,0,1,93.05864008,6,2,0,1298.708864,0,-14.41185904,0.04102244,-4.309427182,785.3476391,4.709114341
233.6248058,5.558951067,1298.708864,0,1,93.04565299,6,2,0,1296.618239,0,32.94071876,0.004419895,5.744521127,794.0643449,4.718073442
231.5693559,5.599265215,1296.618239,0,1,93.03268681,6,2,0,1270.710224,0,-2.090624419,0.040314147,-2.055449926,797.6062093,4.721136583
229.4733719,5.53750622,1270.710224,0,1,93.01997971,6,2,0,1279.85842,0,-25.90801495,-0.061758995,-2.095983961,1282.397095,0.031533874
229.337203,5.58068383,1279.85842,0,1,93.00718112,6,2,0,1268.688393,0,9.148195923,0.043177611,-0.136168973,1282.332779,0.024057902
229.4483668,5.529297989,1268.688393,0,1,92.99449424,6,2,0,1276.391492,0,-11.17002726,-0.051385841,0.111163817,1282.916828,0.02920939
230.6027659,5.535022475,1276.391492,0,1,92.98173032,6,2,0,1284.38203,0,7.703099138,0.005724486,1.154399152,1278.453354,0.031526233
228.7574655,5.614601593,1284.38203,0,1,92.9688865,6,2,0,1284.931393,0,7.990538227,0.079579118,-1.845300391,1276.006112,0.037013333
228.4856456,5.623685415,1284.931393,0,1,92.95603719,6,2,0,1258.319405,0,0.54936231,0.009083822,-0.271819939,1278.850346,0.043714954
226.4544251,5.556612129,1258.319405,0,1,92.943454,6,2,0,1282.37899,0,-26.61198755,-0.067073286,-2.031220496,1274.542543,0.044479607
232.597589,5.513294424,1282.37899,0,1,92.93063021,6,2,0,1279.92957,0,24.059585,-0.043317705,6.143163853,1277.280662,0.048683689
228.4190634,5.603427098,1279.92957,0,1,92.91783091,6,2,0,1285.752234,0,-2.449420539,0.090132674,-4.178525547,1277.988278,0.046433105
229.6127474,5.599655284,1285.752234,0,1,92.90497339,6,2,0,1281.341467,0,5.822664685,-0.003771814,1.193683991,1278.262318,0.044266209
230.6574887,5.555169589,1281.341467,0,1,92.89215997,6,2,0,1269.370305,0,-4.410767434,-0.044485695,1.044741332,1277.544333,0.03713521
228.5245579,5.554634111,1269.370305,0,1,92.87946627,6,2,0,1279.074061,0,-11.97116224,-0.000535477,-2.13293083,1279.754513,0.037265625
228.0893287,5.607776866,1279.074061,0,1,92.86667553,6,2,0,1287.797105,0,9.703756441,0.053142755,-0.435229166,1279.093527,0.026838869
230.4046917,5.589283342,1287.797105,0,1,92.85379756,6,2,0,1271.692896,0,8.723043954,-0.018493524,2.315362923,1280.667034,0.024977703
226.7511009,5.60832071,1271.692896,0,1,92.84108063,6,2,0,1272.52809,0,-16.10420948,0.019037368,-3.653590716,1277.855167,0.026803267
228.0408721,5.580263217,1272.52809,0,1,92.82835535,6,2,0,1252.152925,0,0.835194904,-0.028057493,1.289771117,1276.092491,0.022242007
228.4182348,5.481843104,1252.152925,0,1,92.81583382,6,2,0,1265.320955,0,-20.37516535,-0.098420113,0.377362693,1272.649015,0.052638453
230.3714452,5.492525142,1265.320955,0,1,92.80318061,6,2,0,1257.952958,0,13.1680296,0.010682038,1.953210429,1269.898394,0.058753874
227.0204136,5.541144685,1257.952958,0,1,92.79060108,6,2,0,1254.272963,0,-7.367996745,0.048619543,-3.351031616,1263.929565,0.054595985
229.5988834,5.462887905,1254.272963,0,1,92.77805835,6,2,0,1278.293875,0,-3.679994843,-0.07825678,2.578469828,1260.445578,0.047983406
230.0782445,5.555909371,1278.293875,0,1,92.76527541,6,2,0,1256.130227,0,24.02091154,0.093021466,0.479361086,1261.598735,0.039831391
229.4575538,5.474346808,1256.130227,0,1,92.75271411,6,2,0,1260.281081,0,-22.16364724,-0.081562563,-0.620690658,1262.394196,0.041128497
227.9558548,5.528619048,1260.281081,0,1,92.7401113,6,2,0,1258.005349,0,4.150853199,0.054272239,-1.50169907,1261.386221,0.04147803
227.993828,5.517716683,1258.005349,0,1,92.72753125,6,2,0,1283.961869,0,-2.275731895,-0.010902364,0.037973286,1261.396699,0.038673154
231.2408284,5.552487758,1283.961869,0,1,92.71469163,6,2,0,1270.453614,0,25.95651998,0.034771075,3.247000326,1267.33448,0.032937545
227.4605946,5.585378937,1270.453614,0,1,92.70198709,6,2,0,1276.064057,0,-13.50825451,0.032891179,-3.780233764,1265.766428,0.04125522
229.72973,5.554631772,1276.064057,0,1,92.68922645,6,2,0,1273.615664,0,5.610442905,-0.030747165,2.269135362,1269.753194,0.026238017
232.0216102,5.489211385,1273.615664,0,1,92.67649029,6,2,0,1295.516022,0,-2.448393001,-0.065420387,2.291880197,1272.420111,0.037098668
233.3755434,5.551207309,1295.516022,0,1,92.66353513,6,2,0,1258.446439,0,21.90035827,0.061995924,1.353933256,1279.922245,0.035063015
226.5315948,5.555280004,1258.446439,0,1,92.65095067,6,2,0,1264.266039,0,-37.06958374,0.004072695,-6.843948646,1274.819159,0.035202521
229.4836914,5.509175973,1264.266039,0,1,92.63830801,6,2,0,1288.593723,0,5.819600546,-0.04610403,2.952096672,1273.581644,0.03071982
227.6349151,5.660791194,1288.593723,0,1,92.62542207,6,2,0,1278.240709,0,24.32768357,0.151615221,-1.848776365,1276.087577,0.066364143
226.964064,5.631907919,1278.240709,0,1,92.61263966,6,2,0,1251.552616,0,-10.35301328,-0.028883275,-0.670851064,1277.012586,0.062577558
228.327348,5.481396016,1251.552616,0,1,92.60012414,6,2,0,1223.21641,0,-26.68809391,-0.150511903,1.363283961,1268.219905,0.077162689
225.0000915,5.436515166,1223.21641,0,1,92.58789197,6,2,0,1290.657081,0,-28.33620555,-0.04488085,-3.327256443,1261.173899,0.09753581
229.8465085,5.615299921,1290.657081,0,1,92.5749854,6,2,0,1277.163745,0,67.44067074,0.178784754,4.846416933,1266.452108,0.099599846
229.5509134,5.56374935,1277.163745,0,1,92.56221377,7,2,0,1279.942219,0,-13.49333538,-0.051550571,-0.29559504,1264.166112,0.084643423
230.7380166,5.547166601,1279.942219,0,1,92.54941434,7,2,0,1268.705458,0,2.778473884,-0.016582749,1.187103152,1264.506414,0.070364498
226.4557064,5.602444195,1268.705458,0,1,92.53672729,7,2,0,1286.89443,0,-11.23676163,0.055277594,-4.282310222,1267.936983,0.07078894
231.2190526,5.565693724,1286.89443,0,1,92.52385834,7,2,0,1279.840155,0,18.18897223,-0.036750472,4.763346233,1280.672587,0.028680288
229.4544366,5.577752926,1279.840155,0,1,92.51105994,7,2,0,1253.796198,0,-7.054274363,0.012059203,-1.764615946,1278.509202,0.020508815
229.0371966,5.474203389,1253.796198,0,1,92.49852198,7,2,0,1259.013729,0,-26.0439576,-0.103549537,-0.417240044,1273.835692,0.048632496
228.5395354,5.508953743,1259.013729,0,1,92.48593184,7,2,0,1282.405203,0,5.217531334,0.034750354,-0.497661172,1269.649994,0.052699705
227.8687133,5.627824831,1282.405203,0,1,92.47310779,7,2,0,1259.789079,0,23.39147388,0.118871088,-0.670822102,1272.389943,0.060206356
226.7759611,5.555214374,1259.789079,0,1,92.4605099,7,2,0,1286.956839,0,-22.61612441,-0.072610457,-1.092752229,1266.968873,0.059742611
231.6721126,5.555078793,1286.956839,0,1,92.44764033,7,2,0,1293.941486,0,27.16776068,-0.000135581,4.896151465,1268.39221,0.057824272
234.3495129,5.521417432,1293.941486,0,1,92.43470092,7,2,0,1272.255802,0,6.98464623,-0.033661361,2.677400313,1276.421267,0.046214383
226.937739,5.60618876,1272.255802,0,1,92.42197836,7,2,0,1268.591483,0,-21.68568382,0.084771328,-7.411773849,1279.069682,0.043027347
229.2040656,5.53476868,1268.591483,0,1,92.40929244,7,2,0,1275.361026,0,-3.664318306,-0.07142008,2.266326542,1276.306938,0.032234876
229.3387099,5.561036892,1275.361026,0,1,92.39653883,7,2,0,1288.510907,0,6.769542775,0.026268212,0.134644294,1279.421327,0.032370503
228.4760251,5.639589129,1288.510907,0,1,92.38365373,7,2,0,1309.827807,0,13.14988096,0.078552237,-0.862684794,1279.732141,0.049498277
232.9134702,5.623667047,1309.827807,0,1,92.37055545,7,2,0,1249.338443,0,21.31689996,-0.015922082,4.437445131,1282.909405,0.04386762
225.4591651,5.541306971,1249.338443,0,1,92.35806206,7,2,0,1299.582432,0,-60.48936385,-0.082360076,-7.454305069,1278.325933,0.048374245
230.97939,5.626399968,1299.582432,0,1,92.34506624,7,2,0,1280.663927,0,50.24398896,0.085092997,5.52022484,1284.524123,0.044086795
232.5276674,5.507576546,1280.663927,0,1,92.3322596,7,2,0,1279.926048,0,-18.91850508,-0.118823422,1.548277412,1285.584703,0.059278745
230.864049,5.544068266,1279.926048,0,1,92.31946034,7,2,0,1271.99349,0,-0.737879402,0.03649172,-1.663618373,1283.867732,0.053487833
232.2281169,5.477344893,1271.99349,0,1,92.3067404,7,2,0,1308.444579,0,-7.932557873,-0.066723373,1.364067859,1276.300868,0.055807647
233.8085305,5.596222586,1308.444579,0,1,92.29365596,7,2,0,1272.770456,0,36.45108914,0.118877693,1.580413603,1288.122095,0.061413887
228.546777,5.568971363,1272.770456,0,1,92.28092825,7,2,0,1281.949034,0,-35.67412279,-0.027251223,-5.261753467,1282.7597,0.047400018
231.7286442,5.532112951,1281.949034,0,1,92.26810876,7,2,0,1297.986821,0,9.178577402,-0.036858412,3.181867193,1283.016721,0.044538325
231.6980525,5.602061852,1297.986821,0,1,92.25512889,7,2,0,1278.099846,0,16.03778711,0.069948901,-0.030591745,1286.628876,0.051630572
232.1957936,5.504405681,1278.099846,0,1,92.2423479,7,2,0,1265.596502,0,-19.88697522,-0.097656171,0.497741185,1287.850147,0.041914577
230.0503955,5.501388073,1265.596502,0,1,92.22969193,7,2,0,1284.33433,0,-12.50334346,-0.003017608,-2.145398119,1279.280532,0.043287039
228.8294997,5.612625695,1284.33433,0,1,92.21684859,7,2,0,1269.417831,0,18.73782758,0.111237622,-1.220895829,1281.593306,0.053368942
226.7450591,5.598436573,1269.417831,0,1,92.20415441,7,2,0,1264.189843,0,-14.91649827,-0.014189122,-2.084440616,1279.087066,0.055835791
231.5767355,5.459053734,1264.189843,0,1,92.19151251,7,2,0,1270.640027,0,-5.227988852,-0.139382838,4.831676399,1272.32767,0.066864398
228.7683243,5.554265569,1270.640027,0,1,92.17880611,7,2,0,1281.249929,0,6.45018433,0.095211835,-2.808411194,1270.835707,0.064813569
228.2227672,5.614032044,1281.249929,0,1,92.16599361,7,2,0,1256.651592,0,10.6099017,0.059766475,-0.545557036,1273.966392,0.065372408
227.0140243,5.535568105,1256.651592,0,1,92.1534271,7,2,0,1298.026322,0,-24.59833638,-0.078463939,-1.208742966,1268.429844,0.061069858
228.8573409,5.671770531,1298.026322,0,1,92.14044683,7,2,0,1275.572987,0,41.37472936,0.136202425,1.843316576,1274.151542,0.080609218
228.863024,5.57352151,1275.572987,0,1,92.1276911,7,2,0,1305.95585,0,-22.45333447,-0.098249021,0.00568315,1276.428171,0.054256655
231.5705141,5.639560178,1305.95585,0,1,92.11463154,7,2,0,1285.62893,0,30.38286283,0.066038669,2.707490117,1283.491336,0.053684498
233.7964618,5.498923808,1285.62893,0,1,92.10177526,7,2,0,1252.763753,0,-20.32691971,-0.14063637,2.225947715,1284.367136,0.071561021
231.5751511,5.409750345,1252.763753,0,1,92.08924762,7,2,0,1276.792994,0,-32.86517673,-0.089173463,-2.22131076,1283.589568,0.106421548
229.9957182,5.551377232,1276.792994,0,1,92.07647969,7,2,0,1243.364687,0,24.02924013,0.141626886,-1.57943283,1279.342903,0.086129585
228.5686691,5.439786181,1243.364687,0,1,92.06404604,7,2,0,1285.662239,0,-33.42830621,-0.11159105,-1.427049182,1272.901243,0.091621626
229.7263097,5.596495413,1285.662239,0,1,92.05118942,7,2,0,2.509012375,0,42.29755122,0.156709232,1.15764065,1268.842521,0.077006749
228.4080911,0.010984779,2.509012375,0,0,92.05116433,7,0,0,5.069739469,0,-1283.153226,-5.585510634,-1.318218601,1012.218537,2.455680272
231.1309431,0.02193449,5.069739469,0,0,92.05111363,7,0,0,28.91692469,0,2.560727093,0.010949712,2.722852014,762.6797343,3.020004235
232.6024702,0.124319078,28.91692469,0,0,92.05082446,7,0,0,23.1044033,0,23.84718522,0.102384588,1.471527075,513.1045205,2.994541446
228.8907139,0.100940763,23.1044033,0,0,92.05059342,7,0,0,8.836011263,0,-5.812521394,-0.023378315,-3.711756279,269.0524637,2.474447626
228.2221064,0.038716719,8.836011263,0,0,92.05050506,7,0,0,-6.150233514,0,-14.26839204,-0.062224044,-0.66860757,13.68721822,0.050288209
228.2355952,-0.026946864,-6.150233514,0,0,92.05056656,7,0,0,4.747258617,0,-14.98624478,-0.065663583,0.013488798,11.95536904,0.061110597
230.0320524,0.020637379,4.747258617,0,0,92.05051909,7,0,0,18.71306366,0,10.89749213,0.047584243,1.796457226,11.89087287,0.061271579
225.8925283,0.082840561,18.71306366,0,0,92.05033196,7,0,0,7.15852477,0,13.96580504,0.062203182,-4.139524099,9.850100665,0.050880047
231.0134103,0.030987486,7.15852477,0,0,92.05026037,7,0,0,17.06233565,0,-11.55453889,-0.051853075,5.120882032,6.660924959,0.039360038
231.0875857,0.07383493,17.06233565,0,0,92.05008975,7,0,0,25.32553296,0,9.903810876,0.042847444,0.074175365,8.306189836,0.044296153
234.8095624,0.107855629,25.32553296,0,0,92.04983649,7,0,0,15.93739014,0,8.263197312,0.034020699,3.721976681,14.60134313,0.036545165
232.9650819,0.068411068,15.93739014,0,0,92.04967712,7,0,0,18.42230169,0,-9.388142816,-0.03944456,-1.844480446,16.83936944,0.027831318
227.7166914,0.080900094,18.42230169,0,0,92.0494929,7,0,0,21.24483631,0,2.484911543,0.012489025,-5.248390477,16.78121704,0.027669117
225.146933,0.094359874,21.24483631,0,0,92.04928045,7,0,0,18.70588199,0,2.822534624,0.013459781,-2.569758475,19.59847935,0.016020468
230.5005731,0.081153299,18.70588199,0,0,92.04909339,7,0,0,25.45070336,0,-2.538954321,-0.013206575,5.353640127,19.92718862,0.015041523
229.9048902,0.110701009,25.45070336,0,0,92.04883888,7,0,0,-7.053789619,0,6.744821373,0.02954771,-0.595682887,19.9522227,0.016068537
230.6641214,-0.03058035,-7.053789619,0,0,92.04890942,7,0,0,11.18199168,0,-32.50449298,-0.141281359,0.759231192,15.35398675,0.056065416
229.7124226,0.048678219,11.18199168,0,0,92.0487976,7,0,0,-3.841496814,0,18.2357813,0.07925857,-0.951698769,13.90592474,0.055964094
233.0824312,-0.01648128,-3.841496814,0,0,92.04883601,7,0,0,7.344532841,0,-15.02348849,-0.065159499,3.370008562,8.888658119,0.06109569
227.6894286,0.032256802,7.344532841,0,0,92.0848966,8,0,0,7.121643382,1,11.18602966,0.048738082,-5.393002608,6.616388289,0.056327664
231.823309,0.030720135,7.121643382,0,0,92.1018695,8,0,0,1.999051781,1,-0.222889459,-0.001536667,4.133880476,2.950576293,0.034373401
233.5705675,0.008558663,1.999051781,0,0,92.14789509,8,0,0,14.47423376,1,-5.122591601,-0.022161472,1.747258452,4.761144573,0.025231886
227.7215514,0.063561106,14.47423376,0,0,92.16409882,8,0,0,22.01497287,1,12.47518198,0.055002443,-5.849016138,5.41959299,0.029812756
227.467728,0.096782841,22.01497287,0,0,92.21045883,8,0,0,10.44591208,1,7.540739111,0.033221734,-0.253823395,10.59088693,0.034317584
230.6643767,0.045286196,10.44591208,0,0,92.22989855,8,0,0,-6.143632132,1,-11.56906079,-0.051496645,3.196648753,11.21116277,0.033461439
226.993994,-0.027065175,-6.143632132,0,0,92.27807749,8,0,0,-2.554216943,1,-16.58954421,-0.07235137,-3.670382762,8.558107672,0.048115735
231.0313182,-0.011055717,-2.554216943,0,0,92.30884147,8,0,0,30.40686801,1,3.58941519,0.016009458,4.037324191,7.647453927,0.051721985
227.4831542,0.13366646,30.40686801,0,0,92.34431756,8,0,0,12.8037195,1,32.96108495,0.144722178,-3.548163989,10.83398078,0.068642357
232.207011,0.055139246,12.8037195,0,0,92.36333662,8,0,0,-3.428969479,1,-17.60314851,-0.078527214,4.723856818,8.991730103,0.063505362
228.8819536,-0.014981389,-3.428969479,0,0,92.385763,8,0,0,18.65868472,1,-16.23268898,-0.070120635,-3.325057337,6.216753791,0.067644604
230.2402036,0.081040081,18.65868472,0,0,92.41323792,8,0,0,16.18117359,1,22.0876542,0.096021469,1.358249959,11.17721716,0.06311238
230.856249,0.070091989,16.18117359,0,0,92.43081501,8,0,0,-5.7392717,1,-2.477511129,-0.010948092,0.616045349,14.92429527,0.05360166
228.7794134,-0.025086487,-5.7392717,0,0,92.44667999,8,0,0,16.30263366,1,-21.92044529,-0.095178475,-2.076835563,7.695067327,0.049623017
231.0820154,0.070549124,16.30263366,0,0,92.46972278,8,0,0,3.619256863,1,22.04190536,0.09563561,2.302602046,8.394850159,0.051755808
227.3638175,0.01591835,3.619256863,0,0,92.50706757,8,0,0,10.998855,1,-12.6833768,-0.054630773,-3.718197897,9.804495427,0.045573913
231.7171895,0.04746672,10.998855,0,0,92.52047672,8,0,0,33.66401656,1,7.379598141,0.03154837,4.353371955,8.272529484,0.04068783
231.1287043,0.145650523,33.66401656,0,0,92.56017507,8,0,0,-0.040734994,1,22.66516155,0.098183802,-0.588485195,11.76909808,0.063978901
230.5287443,-0.000176702,-0.040734994,0,0,92.60170348,8,0,0,23.43295511,1,-33.70475155,-0.145827225,-0.599959967,12.90880542,0.057192658
233.3929239,0.100401309,23.43295511,0,0,92.63723739,8,0,0,0.014685147,1,23.47369011,0.100578012,2.864179541,14.33486971,0.060565333
231.9025875,6.33E-05,0.014685147,0,0,92.65557635,8,0,0,18.47351271,1,-23.41826997,-0.100337985,-1.490336328,13.61395537,0.063895037
232.938906,0.079306257,18.47351271,0,0,92.69231771,8,0,0,16.07694443,1,18.45882756,0.079242932,1.03631849,15.10888691,0.064084302
231.5346199,0.06943646,16.07694443,0,0,92.72505564,8,0,0,6.517735676,1,-2.396568277,-0.009869797,-1.404286112,11.59147248,0.046872459
230.185483,0.028315147,6.517735676,0,0,92.74550619,8,0,0,16.73120561,1,-9.559208756,-0.041121314,-1.3491369,12.90316661,0.040587349
231.3828227,0.072309627,16.73120561,0,0,92.76859456,8,0,0,4.548165051,1,10.21346993,0.043994481,1.197339661,11.56281671,0.034271678
229.9603087,0.019778044,4.548165051,0,0,92.79763568,8,0,0,3.934824094,1,-12.18304055,-0.052531583,-1.42251394,12.46951269,0.027589134
226.0481451,0.017407018,3.934824094,0,0,92.82637007,8,0,0,31.77330806,1,-0.613340957,-0.002371026,-3.912163664,9.561774972,0.027183734
231.6533524,0.137158853,31.77330806,0,0,92.86126996,8,0,0,20.51451773,1,27.83848397,0.119751835,5.605207284,12.7010477,0.051028423
228.3626093,0.089833085,20.51451773,0,0,92.87629344,8,0,0,23.14717477,1,-11.25879033,-0.047325768,-3.290743033,15.50040411,0.050400252
231.0436194,0.100185302,23.14717477,0,0,92.89735393,8,0,0,14.32004348,1,2.632657037,0.010352217,2.681010069,16.78359794,0.05258761
228.9855409,0.06253689,14.32004348,0,0,92.93303547,8,0,0,13.15257886,1,-8.827131291,-0.037648412,-2.05807847,18.73797363,0.044676532
226.717544,0.058013062,13.15257886,0,0,92.95765437,8,0,0,11.29470378,1,-1.167464615,-0.004523828,-2.267996934,20.58152458,0.032031544
228.1364379,0.049508548,11.29470378,0,0,93.00554777,8,0,0,-1.968059888,1,-1.857875083,-0.008504514,1.418893939,16.48580372,0.021814441
229.1930675,-0.008586908,-1.968059888,0,0,93.02180358,8,0,0,14.43214483,1,-13.26276367,-0.058095456,1.05662957,11.9892882,0.039196422
235.3941719,0.061310544,14.43214483,0,0,93.03755031,8,0,0,25.49004376,1,16.40020472,0.069897453,6.201104405,10.24628221,0.030140571
227.0149364,0.112283553,25.49004376,0,0,93.08267832,8,0,0,10.04044905,1,11.05789893,0.050973009,-8.379235458,12.48028227,0.043018998
228.7544809,0.043891814,10.04044905,0,0,93.11698097,8,0,0,8.85715931,1,-15.44959471,-0.06839174,1.739544421,11.85785631,0.043194355
231.7727739,0.038214839,8.85715931,0,0,93.14577784,8,0,0,24.6253826,1,-1.183289737,-0.005676974,3.018293004,11.37034741,0.043629489
231.2510599,0.106487653,24.6253826,0,0,93.18073503,8,0,0,21.70427051,1,15.76822329,0.068272814,-0.521714009,16.68903591,0.034846007
226.5083616,0.095821056,21.70427051,0,0,93.19780297,8,0,0,32.86914849,1,-2.921112091,-0.010666596,-4.742698231,18.14346104,0.035502643
229.406453,0.143279093,32.86914849,0,0,93.22628163,8,0,0,-5.668172969,1,11.16487798,0.047458036,2.898091402,19.61928199,0.044307306
231.6037666,-0.024473579,-5.668172969,0,0,93.25990993,8,0,0,26.03793116,1,-38.53732146,-0.167752671,2.197313555,16.47755759,0.065738209
227.6081617,0.114398056,26.03793116,0,0,93.30198414,8,0,0,-10.3102867,1,31.70610413,0.138871634,-3.995604903,19.91371196,0.064811025
231.7616618,-0.044486593,-10.3102867,0,0,93.31566019,8,0,0,13.8478365,1,-36.34821786,-0.158884649,4.153500117,12.9265781,0.085415343
230.1881973,0.06015876,13.8478365,0,0,93.34670974,8,0,0,13.13858599,1,24.1581232,0.104645353,-1.57346455,11.3552913,0.082802591
229.0784652,0.057354086,13.13858599,0,0,93.39227953,8,0,0,0.856349126,1,-0.709250514,-0.002804674,-1.10973202,7.409178795,0.065694192
230.2051873,0.003719938,0.856349126,0,0,93.42228792,8,0,0,6.443133222,1,-12.28223686,-0.053634148,1.126722028,8.714083214,0.060582904
230.1481705,0.027995587,6.443133222,0,0,93.44255545,8,0,0,10.59446415,1,5.586784096,0.024275649,-0.057016756,4.795123627,0.043275418
229.0869664,0.046246473,10.59446415,0,0,93.47862877,8,0,0,20.1342969,1,4.151330924,0.018250885,-1.061204099,8.976073796,0.02346706
227.1278183,0.088647428,20.1342969,0,0,93.51074141,8,0,0,-5.177641214,1,9.539832753,0.042400955,-1.959148135,10.23336588,0.031828658
227.0218876,-0.022806793,-5.177641214,0,0,93.55611175,8,0,0,10.09982022,1,-25.31193811,-0.111454221,-0.105930662,6.570120436,0.042364501
229.8422223,0.043942406,10.09982022,0,0,93.6001329,8,0,0,24.93587228,1,15.27746144,0.066749199,2.820334648,8.418814655,0.040183619
229.8329193,0.108495651,24.93587228,0,0,93.62076097,8,0,0,18.3330745,1,14.83605205,0.064553245,-0.009303001,12.11736247,0.05055883
231.1736387,0.079304347,18.3330745,0,0,93.67052155,8,0,0,2.429763772,1,-6.602797773,-0.029191304,1.340719463,13.66508454,0.051620742
227.510859,0.010679771,2.429763772,0,0,93.70018011,8,0,0,14.53028894,1,-15.90331073,-0.068624577,-3.662779688,10.12417791,0.052391423
231.5435054,0.062754034,14.53028894,0,0,93.73355463,8,0,0,8.381830733,1,12.10052517,0.052074263,4.032646418,14.06576394,0.036800283
231.1517378,0.036261163,8.381830733,0,0,93.7560794,8,0,0,0.944950929,1,-6.14845821,-0.026492871,-0.391767689,13.72216605,0.037837921
228.6606622,0.004132547,0.944950929,0,0,93.77140118,8,0,0,-1.060837989,1,-7.436879804,-0.032128616,-2.491075602,8.923981776,0.032454863
228.7401932,-0.004637742,-1.060837989,0,0,93.81785735,8,0,0,4.47392385,1,-2.005788917,-0.008770289,0.079531029,5.045199277,0.027482283
227.9157708,0.019629725,4.47392385,0,0,93.83678721,8,0,0,252.9333984,1,5.534761839,0.024267467,-0.824422338,5.454031293,0.026858213
227.2131196,1.113198916,252.9333984,1,0,93.84584487,9,1,0,102.8947133,1,248.4594745,1.093569191,-0.702651263,53.13465318,0.491892421
230.4703443,0.446455329,102.8947133,1,0,93.86034827,9,1,0,113.1343189,1,-150.0386851,-0.666743587,3.257224682,72.03722969,0.484883908
228.8933171,0.494266588,113.1343189,1,0,93.90643495,9,1,0,98.57904162,1,10.23960566,0.04781126,-1.577027136,94.47510329,0.454741804
229.2614969,0.429985161,98.57904162,1,0,93.92890697,9,1,0,11.22205739,1,-14.55527732,-0.064281428,0.368179808,114.4030792,0.391971936
230.136307,0.048762655,11.22205739,0,0,93.94027469,9,0,0,5.040677219,1,-87.35698422,-0.381222506,0.874810017,115.7527059,0.383150292
228.84341,0.022026753,5.040677219,0,0,93.96993988,9,0,0,7.672971194,1,-6.181380174,-0.026735902,-1.292896933,66.17416169,0.232265801
230.5826444,0.033276447,7.672971194,0,0,94.00854343,9,0,0,11.79318159,1,2.632293975,0.011249694,1.739234332,47.12981327,0.235408993
226.9212041,0.051970382,11.79318159,0,0,94.02529067,9,0,0,-5.8730372,1,4.120210393,0.018693934,-3.661440212,26.8615858,0.17526711
229.1985807,-0.02562423,-5.8730372,0,0,94.04392302,9,0,0,2.350027223,1,-17.66621879,-0.077594612,2.277376554,5.971170038,0.031330336
227.9958405,0.010307325,2.350027223,0,0,94.05923812,9,0,0,34.12204621,1,8.223064422,0.035931555,-1.202740153,4.196764004,0.029004553
226.4495009,0.150682806,34.12204621,0,0,94.07757191,9,0,0,-2.572242067,1,31.77201899,0.140375481,-1.546339692,10.0130378,0.066223858
229.5413206,-0.011206009,-2.572242067,0,0,94.11081096,9,0,0,27.08324623,1,-36.69428828,-0.161888815,3.091819757,7.963995151,0.070870076
223.8246568,0.121002068,27.08324623,0,0,94.13981064,9,0,0,3.234599128,1,29.6554883,0.132208076,-5.71666382,11.02200808,0.080954228
228.1853312,0.014175316,3.234599128,0,0,94.18758529,9,0,0,-1.256582671,1,-23.84864711,-0.106826752,4.360674389,12.84353535,0.073380773
230.3305683,-0.005455562,-1.256582671,0,0,94.2281173,9,0,0,20.25685901,1,-4.491181799,-0.019630878,2.145237105,12.12221337,0.076173333
228.5030394,0.088650283,20.25685901,0,0,94.26727092,9,0,0,11.6732403,1,21.51344168,0.094105844,-1.827528868,9.349175927,0.059735023
229.4277985,0.050879799,11.6732403,0,0,94.31277697,9,0,0,-13.18438242,1,-8.583618706,-0.037770483,0.924759121,12.1982724,0.052010845
231.8709069,-0.056860874,-13.18438242,0,0,94.34350241,9,0,0,19.12528732,1,-24.85762272,-0.107740673,2.443108388,4.144746671,0.055319752
229.1578702,0.083459003,19.12528732,0,0,94.38875776,9,0,0,14.12384631,1,32.30966974,0.140319877,-2.7130367,7.322884309,0.062275223
227.7026669,0.062027584,14.12384631,0,0,94.40593365,9,0,0,15.22789127,1,-5.001441007,-0.021431419,-1.455203306,10.39897011,0.059335062
233.3435535,0.065259533,15.22789127,0,0,94.43252483,9,0,0,-12.65392261,1,1.104044963,0.003231949,5.640886577,9.393176558,0.055919141
228.8913299,-0.055283538,-12.65392261,0,0,94.44268176,9,0,0,10.72180442,1,-27.88181388,-0.120543071,-4.45222361,4.527743977,0.069671734
228.360667,0.046951187,10.72180442,0,0,94.47614486,9,0,0,7.102947339,1,23.37572703,0.102234725,-0.53066289,9.308981344,0.055086409
230.2266564,0.030851976,7.102947339,0,0,94.48648721,9,0,0,23.46696782,1,-3.618857081,-0.016099211,1.865989366,6.904513348,0.049574045
227.8410517,0.102997101,23.46696782,0,0,94.51427437,9,0,0,19.06821179,1,16.36402048,0.072145125,-2.385604645,8.773137649,0.058738023
229.4904693,0.083089341,19.06821179,0,0,94.53104262,9,0,0,26.97918388,1,-4.398756031,-0.01990776,1.649417595,9.541201752,0.061281056
228.9585138,0.117834377,26.97918388,0,0,94.55682699,9,0,0,9.862945613,1,7.910972091,0.034745037,-0.531955562,17.46782305,0.036779072
230.934853,0.042708779,9.862945613,0,0,94.58963377,9,0,0,19.17981112,1,-17.11623827,-0.075125598,1.976339283,17.29605129,0.037664965
229.5078454,0.083569305,19.17981112,0,0,94.62099003,9,0,0,-3.138014148,1,9.316865507,0.040860526,-1.427007679,19.71142404,0.028243721
232.7663768,-0.013481389,-3.138014148,0,0,94.65139526,9,0,0,33.0635383,1,-22.31782527,-0.097050694,3.258531418,14.39042765,0.050235187
226.0174084,0.146287574,33.0635383,0,0,94.6934114,9,0,0,13.13312283,1,36.20155244,0.159768963,-6.74896836,17.18949295,0.062970386
231.8623661,0.056641891,13.13312283,0,0,94.71892495,9,0,0,6.584005473,1,-19.93041547,-0.089645683,5.844957694,14.42028074,0.058440938
232.9628922,0.028262035,6.584005473,0,0,94.7386854,9,0,0,16.97156271,1,-6.549117354,-0.028379856,1.100526107,13.76449271,0.060039196
227.3113484,0.074662188,16.97156271,0,0,94.75109208,9,0,0,10.67893272,1,10.38755723,0.046400153,-5.651543819,13.32284303,0.059302147
227.6413795,0.046911211,10.67893272,0,0,94.78645332,9,0,0,0.000130223,1,-6.292629986,-0.027750978,0.330031102,16.0862324,0.045534575
230.1645848,5.66E-07,0.000130223,0,0,94.83487253,9,0,0,11.85399787,1,-10.6788025,-0.046910645,2.523205315,9.47355079,0.028528611
230.3624482,0.05145803,11.85399787,0,0,94.87231754,9,0,0,9.602294591,1,11.85386765,0.051457465,0.197863398,9.217725799,0.027919161
230.3763292,0.041680908,9.602294591,0,0,94.88604496,9,0,0,16.83038538,1,-2.25170328,-0.009777122,0.013880962,9.821383622,0.027110906
227.4101422,0.074008948,16.83038538,0,0,94.89809401,9,0,0,13.52360784,1,7.228090789,0.03232804,-2.966186926,9.793148157,0.026920741
229.5343899,0.058917567,13.52360784,0,0,94.91098185,9,0,0,0.602941403,1,-3.306777543,-0.015091381,2.12424769,10.36208318,0.027895618
229.6340044,0.002625663,0.602941403,0,0,94.93224165,9,0,0,20.33969355,1,-12.92066643,-0.056291905,0.099614483,10.48264542,0.026836542
228.9950938,0.088821525,20.33969355,0,0,94.97504137,9,0,0,23.88416385,1,19.73675214,0.086195863,-0.638910575,12.17978455,0.033260519
228.0766921,0.10471988,23.88416385,0,0,94.99303491,9,0,0,5.606300544,1,3.544470306,0.015898355,-0.918401777,15.0361584,0.039212554
227.4252601,0.024651178,5.606300544,0,0,95.01512956,9,0,0,21.60029166,1,-18.27786331,-0.080068702,-0.651431977,12.79134144,0.042693518
232.0294094,0.093092905,21.60029166,0,0,95.03334649,9,0,0,23.97768363,1,15.99399112,0.068441727,4.604149346,14.4066782,0.04590299
228.697056,0.104844741,23.97768363,0,0,95.06546812,9,0,0,23.77921623,1,2.377391969,0.011751837,-3.332353461,19.08162665,0.033500121
230.6386642,0.103101604,23.77921623,0,0,95.10466607,9,0,0,15.02191039,1,-0.198467406,-0.001743137,1.941608251,19.76953118,0.034684206
229.7420835,0.065385976,15.02191039,0,0,95.14588651,9,0,0,28.78172881,1,-8.757305838,-0.037715628,-0.896580732,17.99708049,0.033850794
227.7033558,0.126400108,28.78172881,0,0,95.16366211,9,0,0,25.10202747,1,13.75981842,0.061014132,-2.038727684,22.63216615,0.022167547
229.659,0.109301301,25.10202747,0,0,95.20040867,9,0,0,-2.610997174,1,-3.679701345,-0.017098807,1.955644236,23.33251331,0.022351624
230.5925054,-0.011322992,-2.610997174,0,0,95.21964657,9,0,0,8.827408566,1,-27.71302464,-0.120624293,0.933505314,18.01477715,0.054973858
229.439804,0.038473745,8.827408566,0,0,95.25998486,9,0,0,19.97756094,1,11.43840574,0.049796738,-1.152701372,15.02441561,0.055361249
229.9747578,0.086868494,19.97756094,0,0,95.29980109,9,0,0,-9.687181366,1,11.15015238,0.048394749,0.53495384,16.01554572,0.056163664
229.8043041,-0.042154047,-9.687181366,0,0,95.33081404,9,0,0,26.71756691,1,-29.66474231,-0.129022541,-0.170453739,8.321763688,0.063863237
226.6614095,0.117874353,26.71756691,0,0,95.3633054,9,0,0,31.90803632,1,36.40474828,0.160028399,-3.142894566,8.644871576,0.066380874
230.713096,0.138301799,31.90803632,0,0,95.38668117,9,0,0,30.36958074,1,5.190469411,0.020427447,4.051686477,15.54867828,0.072096198
226.4207428,0.134128969,30.36958074,0,0,95.43555056,9,0,0,5.035473423,1,-1.538455584,-0.004172831,-4.29235322,19.85711271,0.074978372
231.3359827,0.021766927,5.035473423,0,0,95.48137871,9,0,0,6.116480558,1,-25.33410732,-0.112362042,4.9152399,16.86869521,0.080459972
229.5747446,0.026642654,6.116480558,0,0,95.50939058,9,0,0,5.199301988,1,1.081007135,0.004875727,-1.761238089,20.02942759,0.058527436
232.6765558,0.02234562,5.199301988,0,0,95.53069839,9,0,0,-22.86309117,1,-0.91717857,-0.004297034,3.101811185,15.72577461,0.061736543
229.6055591,-0.099575512,-22.86309117,0,0,95.5715141,10,0,0,13.79870674,1,-28.06239316,-0.121921133,-3.070996628,4.771549108,0.08272067
232.0659134,0.059460291,13.79870674,0,0,95.61923243,10,0,0,30.14436454,1,36.66179791,0.159035803,2.460354229,1.457374309,0.061126925
231.2522519,0.130352739,30.14436454,0,0,95.66479425,10,0,0,1.066430912,1,16.3456578,0.070892448,-0.8136615,6.479152532,0.083329225
233.0469397,0.004576035,1.066430912,0,0,95.68490111,10,0,0,18.57084168,1,-29.07793363,-0.125776705,1.794687781,5.469142603,0.083990562
228.2167927,0.081373686,18.57084168,0,0,95.70384002,10,0,0,21.2295126,1,17.50441077,0.076797651,-4.830146962,8.143450542,0.087859083
229.8952699,0.092344278,21.2295126,0,0,95.73001043,10,0,0,9.352013,1,2.658670913,0.010970591,1.67847716,16.96197129,0.046359703
230.0741123,0.040647828,9.352013,0,0,95.75801625,10,0,0,-0.292899402,1,-11.8774996,-0.051696449,0.178842461,16.07263255,0.048509861
227.2053082,-0.00128914,-0.292899402,0,0,95.78829804,10,0,0,240.1014703,1,-9.644912402,-0.041936968,-2.868804098,9.985179758,0.042864472
225.9151788,1.062794769,240.1014703,1,0,95.80695219,10,1,0,104.2430698,1,240.3943697,1.064083909,-1.290129418,57.79218764,0.452980738
228.8644124,0.455479595,104.2430698,1,0,95.82116296,10,1,0,128.0831161,1,-135.8584005,-0.607315174,2.949233608,74.92663326,0.447965043
233.194838,0.549253651,128.0831161,1,0,95.86575531,10,1,0,112.3394684,1,23.8400463,0.093774056,4.330425554,96.29735396,0.433743457
228.7617261,0.491076328,112.3394684,1,0,95.89035601,10,1,0,104.9261027,1,-15.74364769,-0.058177323,-4.433111888,116.894845,0.378106919
231.4604322,0.453321986,104.9261027,1,0,95.91816509,10,1,0,107.749916,1,-7.413365717,-0.037754342,2.698706115,137.9386455,0.260283834
229.8419571,0.468800028,107.749916,1,0,95.9592706,10,1,0,105.948304,1,2.823813304,0.015478043,-1.618475047,111.4683346,0.039663746
228.0778188,0.464526996,105.948304,1,0,95.99477165,10,1,0,114.0343282,1,-1.80161201,-0.004273032,-1.764138379,111.8093814,0.038241828
226.9272763,0.502514859,114.0343282,1,0,96.03304444,10,1,0,102.2018271,1,8.086024247,0.037987863,-1.150542492,108.9996239,0.020174759
230.2198209,0.443931486,102.2018271,1,0,96.06506315,10,1,0,90.08604688,1,-11.83250108,-0.058583373,3.292544678,106.9720956,0.022300112
226.0400553,0.398540191,90.08604688,1,0,96.11036866,10,1,0,114.8306239,1,-12.11578027,-0.045391294,-4.179765676,104.0040844,0.038232487
229.6241719,0.500080732,114.8306239,1,0,96.14938018,10,1,0,110.7526374,1,24.74457706,0.101540541,3.584116623,105.420226,0.04316123
230.0752632,0.481375685,110.7526374,1,0,96.19664169,10,1,0,116.899536,1,-4.077986547,-0.018705047,0.451091305,106.3810927,0.044064037
232.2223935,0.50339476,116.899536,1,0,96.23131958,10,1,0,79.23950594,1,6.146898643,0.022019075,2.147130249,106.9541343,0.044251237
231.0963735,0.342885112,79.23950594,1,0,96.27106944,10,1,0,122.7247854,1,-37.6600301,-0.160509648,-1.126019998,102.36167,0.071331381
230.7619458,0.531824192,122.7247854,1,0,96.29083918,10,1,0,134.8061723,1,43.48527944,0.18893908,-0.334427629,108.8894177,0.074349868
229.7216672,0.586823933,134.8061723,1,0,96.31040069,10,1,0,112.1811005,1,12.08138695,0.054999741,-1.040278585,112.8845274,0.09085427
232.8061416,0.481864867,112.1811005,1,0,96.34038161,10,1,0,110.8459563,1,-22.62507187,-0.104959066,3.084474351,113.17022,0.090843919
230.8165191,0.480234069,110.8459563,1,0,96.36213473,10,1,0,101.3588595,1,-1.335144203,-0.001630798,-1.989622464,111.9595041,0.090539258
225.3078991,0.449868202,101.3588595,1,0,96.37123558,10,1,0,115.2904768,1,-9.487096743,-0.030365867,-5.50862006,116.3833748,0.053843495
229.3473669,0.502689341,115.2904768,1,0,96.41849945,10,1,0,114.4463775,1,13.93161725,0.052821139,4.039467844,114.8965131,0.051908482
231.5412237,0.494280784,114.4463775,1,0,96.46100204,10,1,0,101.2599279,1,-0.844099309,-0.008408558,2.193856754,110.8245541,0.020088739
234.3624439,0.432065506,101.2599279,1,0,96.49063267,10,1,0,109.2301641,1,-13.18644953,-0.062215277,2.821220213,108.6403196,0.029960393
230.0135013,0.47488588,109.2301641,1,0,96.50200431,10,1,0,101.9460118,1,7.970236142,0.042820374,-4.348942587,108.3171611,0.029679387
230.8358077,0.441638639,101.9460118,1,0,96.51170053,10,1,0,101.8911829,1,-7.284152232,-0.033247242,0.822306433,108.4345916,0.031310827
228.1077372,0.446680083,101.8911829,1,0,96.52147364,10,1,0,99.47375881,1,-0.054828985,0.005041444,-2.728070571,105.7547328,0.025835153
226.0675214,0.440017912,99.47375881,1,0,96.53621325,10,1,0,104.1857837,1,-2.417424049,-0.00666217,-2.04021579,102.7602091,0.01641829
228.0544101,0.45684617,104.1857837,1,0,96.57252757,10,1,0,111.4917406,1,4.712024939,0.016828257,1.986888705,103.3453803,0.014374263
232.035065,0.480495224,111.4917406,1,0,96.6077323,10,1,0,93.85026689,1,7.305956843,0.023649054,3.980654956,103.7976956,0.016645156
227.6426659,0.41227011,93.85026689,1,0,96.64671313,10,1,0,104.6007586,1,-17.6414737,-0.068225114,-4.392399138,102.1785466,0.024867405
231.6966188,0.451455697,104.6007586,1,0,96.68831556,10,1,0,98.49358112,1,10.75049173,0.039185587,4.053952897,102.7204617,0.024931102
230.649249,0.427027539,98.49358112,1,0,96.73118116,10,1,0,104.7456563,1,-6.107177511,-0.024428159,-1.047369767,102.5244262,0.026618876
231.8478027,0.45178628,104.7456563,1,0,96.75684967,10,1,0,91.92396116,1,6.252075234,0.024758742,1.198553639,102.6364007,0.026177869
226.1081533,0.406548635,91.92396116,1,0,96.78279886,10,1,0,112.285149,1,-12.82169519,-0.045237645,-5.739649308,98.72284483,0.021260137
232.0882251,0.48380373,112.285149,1,0,96.81670827,10,1,0,101.4499809,1,20.36118783,0.077255095,5.980071803,102.4098212,0.029116758
231.7935115,0.437673946,101.4499809,1,0,96.84185702,10,1,0,105.5773207,1,-10.83516804,-0.046129783,-0.294713624,101.7796657,0.028900756
233.1701305,0.452790932,105.5773207,1,0,96.88532565,10,1,0,92.85598041,1,4.12733976,0.015116985,1.376619023,103.1964136,0.027987039
227.5977365,0.407982882,92.85598041,1,0,96.92375687,10,1,0,92.59312947,1,-12.72134029,-0.04480805,-5.572394063,100.8184784,0.032429876
230.9015367,0.401006987,92.59312947,1,0,96.9469348,10,1,0,120.3368788,1,-0.26285094,-0.006975895,3.303800194,100.9523121,0.033827801
230.8184832,0.521348538,120.3368788,1,0,96.96372458,10,1,0,103.449032,1,27.74374929,0.120341551,-0.083053435,102.5626581,0.048077018
229.9443018,0.449887348,103.449032,1,0,96.99049441,10,1,0,94.9185825,1,-16.88784674,-0.07146119,-0.874181457,102.9624683,0.047975209
228.8822923,0.414704788,94.9185825,1,0,97.00577595,10,1,0,113.6191726,1,-8.530449524,-0.03518256,-1.062009496,100.8307206,0.049738323
230.6849391,0.492529651,113.6191726,1,0,97.02916326,10,1,0,92.53049074,1,18.70059005,0.077824863,1.802646772,104.9833591,0.050920729
225.345784,0.410615584,92.53049074,1,0,97.05336669,10,1,0,109.1042585,1,-21.08868181,-0.081914067,-5.339155093,104.9708313,0.048452916
230.4685744,0.473401889,109.1042585,1,0,97.07652371,10,1,0,99.03859332,1,16.57376779,0.062786305,5.122790436,102.7243073,0.035838576
230.4901333,0.429686911,99.03859332,1,0,97.10709515,10,1,0,94.59847872,1,-10.06566521,-0.043714979,0.0215589,101.8422195,0.03673219
230.8345772,0.409810696,94.59847872,1,0,97.15199475,10,1,0,112.6020609,1,-4.440114598,-0.019876215,0.344443909,101.7781988,0.037764936
229.9969065,0.489580763,112.6020609,1,0,97.17936624,10,1,0,89.52691521,1,18.00358215,0.079770067,-0.837670746,101.5747764,0.036813163
230.79496,0.387906717,89.52691521,1,0,97.22164105,10,1,0,97.64945734,1,-23.07514566,-0.101674046,0.798053534,100.9740613,0.04268173
229.4814696,0.425522189,97.64945734,1,0,97.25258071,10,1,0,116.6819096,1,8.122542134,0.037615472,-1.313490369,98.68310109,0.037875587
231.1231149,0.504847426,116.6819096,1,0,97.27938997,10,1,0,116.1187269,1,19.03245221,0.079325236,1.641645306,102.2117643,0.05107769
230.5010976,0.503766481,116.1187269,1,0,97.28895082,10,1,0,87.34617902,1,-0.563182685,-0.001080944,-0.622017301,106.515814,0.052822716
232.5812306,0.375551281,87.34617902,1,0,97.30810677,10,1,0,113.874218,1,-28.77254784,-0.128215201,2.080133004,101.4646376,0.061941807
233.6383487,0.487395236,113.874218,1,0,97.31986645,11,1,0,118.3282447,1,26.52803899,0.111843955,1.057118099,106.3340982,0.056999778
229.5942155,0.515379904,118.3282447,1,0,97.33248402,11,1,0,136.8955766,1,4.45402672,0.027984668,-4.044133211,110.4698556,0.057801581
231.5627174,0.591181422,136.8955766,1,0,97.37983696,11,1,0,96.61741818,1,18.56733186,0.075801518,1.968501859,114.512589,0.077569793
230.629263,0.418929571,96.61741818,1,0,97.40468733,11,1,0,99.74312726,1,-40.27815841,-0.172251851,-0.933454428,110.6123273,0.084083484
228.5941547,0.436332799,99.74312726,1,0,97.45191098,11,1,0,106.1628382,1,3.125709079,0.017403228,-2.035108269,113.091717,0.068592377
228.9493103,0.46369582,106.1628382,1,0,97.47812714,11,1,0,98.55247471,1,6.419710949,0.027363022,0.355155559,111.549441,0.069615094
230.1771275,0.428159287,98.55247471,1,0,97.49083047,11,1,0,103.3562525,1,-7.610363493,-0.035536534,1.227817221,107.594287,0.071045076
226.8853965,0.455543874,103.3562525,1,0,97.51718901,11,1,0,102.1253918,1,4.803777798,0.027384587,-3.291730947,100.8864222,0.018703617
230.8951936,0.442301939,102.1253918,1,0,97.54387648,11,1,0,105.5043106,1,-1.230860674,-0.013241935,4.009797029,101.9880169,0.014374481
231.7337271,0.4552825,105.5043106,1,0,97.57311533,11,1,0,90.27702015,1,3.378918767,0.012980561,0.838533517,103.1402536,0.013941472
228.5213905,0.395048446,90.27702015,1,0,97.61362544,11,1,0,112.5453702,1,-15.22729046,-0.060234054,-3.212336553,99.96308996,0.025146142
230.8775427,0.48746781,112.5453702,1,0,97.62453479,11,1,0,109.886921,1,22.26835008,0.092419365,2.356152209,102.7616691,0.033541742
228.1955415,0.481547187,109.886921,1,0,97.64376424,11,1,0,125.0595255,1,-2.658449238,-0.005920624,-2.682001228,104.0678028,0.037009341
231.7770978,0.539568088,125.0595255,1,0,97.66903802,11,1,0,99.44263819,1,15.17260455,0.058020902,3.581556258,108.6546295,0.052670269
233.7425397,0.425436629,99.44263819,1,0,97.70667756,11,1,0,108.1150211,1,-25.61688735,-0.114131459,1.9654419,107.442295,0.056555685
228.7674214,0.472597979,108.1150211,1,0,97.71905766,11,1,0,93.87119007,1,8.672382904,0.04716135,-4.975118276,111.0098952,0.040711521
227.8424512,0.41200044,93.87119007,1,0,97.7315129,11,1,0,129.8195522,1,-14.24383102,-0.06059754,-0.924970177,107.2750592,0.050642341
230.8621307,0.56232502,129.8195522,1,0,97.74487934,11,1,0,100.8083896,1,35.94836215,0.15032458,3.019679525,111.2615854,0.066994778
228.9303236,0.440345289,100.8083896,1,0,97.7869879,11,1,0,116.1696458,1,-29.01116264,-0.12197973,-1.931807142,106.4113582,0.060170021
229.6943682,0.505757484,116.1696458,1,0,97.80012157,11,1,0,113.7005895,1,15.36125623,0.065412195,0.764044578,109.7567598,0.058485802
229.5325162,0.495357221,113.7005895,1,0,97.8165818,11,1,0,122.4382398,1,-2.469056327,-0.010400263,-0.161851915,110.8738734,0.058786268
229.8967592,0.532579233,122.4382398,1,0,97.83873313,11,1,0,85.09243138,1,8.737650271,0.037222012,0.364242993,116.5872834,0.045537708
230.4941123,0.369173991,85.09243138,1,0,97.88258935,11,1,0,21.47044438,1,-37.34580838,-0.163405242,0.597353096,107.6418592,0.064949636
230.4133545,0.093182292,21.47044438,0,0,97.89400494,11,0,0,14.54352118,1,-63.62198699,-0.2759917,-0.080757875,91.77427016,0.182304092
226.9691805,0.064077075,14.54352118,0,0,97.94240388,11,0,0,14.46104183,1,-6.926923201,-0.029105217,-3.444173969,71.44904524,0.220728657
226.8881652,0.063736431,14.46104183,0,0,97.98269689,11,0,0,23.01063913,1,-0.082479356,-0.000340644,-0.081015261,51.6011357,0.214865159
230.6233579,0.099775839,23.01063913,0,0,98.00520078,11,0,0,16.10953025,1,8.549597305,0.036039409,3.735192642,31.71561558,0.130279319
228.0101919,0.070652676,16.10953025,0,0,98.04584385,11,0,0,1.831158191,1,-6.901108876,-0.029123163,-2.613165978,17.91903536,0.016996793
231.9444969,0.007894812,1.831158191,0,0,98.06926247,11,0,0,7.477964428,1,-14.27837206,-0.062757864,3.934304981,13.99117812,0.033292637
230.9442596,0.032379954,7.477964428,0,0,98.11662956,11,0,0,20.09657423,1,5.646806237,0.024485142,-1.000237308,12.57806677,0.035555273
229.4057534,0.087602747,20.09657423,0,0,98.15076049,11,0,0,-3.829403297,1,12.61860981,0.055222794,-1.538506175,13.70517325,0.038518672
227.7059645,-0.016817317,-3.829403297,0,0,98.19396612,11,0,0,14.36141802,1,-23.92597753,-0.104420064,-1.699788855,8.337164762,0.043173313
227.805417,0.063042478,14.36141802,0,0,98.21050881,11,0,0,14.05152119,1,18.19082132,0.079859795,0.099452492,7.987542315,0.041772774
230.7359964,0.060898696,14.05152119,0,0,98.24775563,11,0,0,31.94195729,1,-0.309896828,-0.002143783,2.930579404,10.43161492,0.0399157
228.9518267,0.139513878,31.94195729,0,0,98.27008227,11,0,0,20.42654501,1,17.8904361,0.078615183,-1.784169771,15.32441349,0.056481968
229.139864,0.089144441,20.42654501,0,0,98.28915143,11,0,0,23.46164087,1,-11.51541228,-0.050369438,0.188037296,15.39040764,0.056627615
230.6771415,0.101707697,23.46164087,0,0,98.32489668,11,0,0,4.157254608,1,3.035095862,0.012563257,1.537277588,20.84861648,0.032246356
230.4585308,0.018039057,4.157254608,0,0,98.3599849,11,0,0,10.30546087,1,-19.30438626,-0.08366864,-0.218610765,18.80778379,0.045506738
226.1688423,0.045565343,10.30546087,0,0,98.37338557,11,0,0,11.88817609,1,6.148206261,0.027526286,-4.289688446,18.05857173,0.04773463
227.9287597,0.05215742,11.88817609,0,0,98.41217941,11,0,0,26.6642664,1,1.582715219,0.006592077,1.759917319,14.04781549,0.033951317
229.6085344,0.116129248,26.6642664,0,0,98.44432991,11,0,0,9.35330854,1,14.77609031,0.063971828,1.679774742,15.29535977,0.040910986
227.841759,0.041051775,9.35330854,0,0,98.47486554,11,0,0,-2.550947531,1,-17.31095786,-0.075077473,-1.766775385,12.4736933,0.036720893
232.5919121,-0.010967482,-2.550947531,0,0,98.48752207,11,0,0,14.07116945,1,-11.90425607,-0.052019256,4.750153118,11.13205287,0.045241433
233.0115046,0.060388303,14.07116945,0,0,98.50165755,11,0,0,3.037995275,1,16.62211698,0.071355785,0.419592495,11.88519459,0.045462645
229.4410777,0.013240852,3.037995275,0,0,98.54844153,11,0,0,23.03012383,1,-11.03317418,-0.047147452,-3.570426941,10.11515843,0.048598974
226.925309,0.101487683,23.03012383,0,0,98.58851465,11,0,0,19.23871952,1,19.99212856,0.088246831,-2.515768715,9.388329914,0.043318155
230.7283136,0.083382569,19.23871952,0,0,98.60617078,11,0,0,3.515222334,1,-3.79140431,-0.018105114,3.803004657,11.36541211,0.047276698
230.5484017,0.015247221,3.515222334,0,0,98.63356372,11,0,0,31.31467379,1,-15.72349719,-0.068135348,-0.179911922,12.57864608,0.039747655
235.5655757,0.132933998,31.31467379,0,0,98.65011746,11,0,0,-8.112824154,1,27.79945146,0.117686778,5.017173977,16.02734695,0.053263435
227.925268,-0.035594229,-8.112824154,0,0,98.68918627,11,0,0,8.177571593,1,-39.42749795,-0.168528227,-7.640307645,13.79718307,0.068423525
228.1412913,0.035844329,8.177571593,0,0,98.70986119,11,0,0,6.937838997,1,16.29039575,0.071438558,0.216023283,10.82667262,0.064538376
230.2881495,0.030126774,6.937838997,0,0,98.75169238,11,0,0,-6.482257336,1,-1.239732596,-0.005717556,2.146858231,8.366496513,0.061210119
231.085071,-0.02805139,-6.482257336,0,0,98.76370982,11,0,0,1.194008294,1,-13.42009633,-0.058178163,0.796921482,6.367000579,0.067562361
230.0511096,0.005190187,1.194008294,0,0,98.80066485,11,0,0,21.49898791,1,7.67626563,0.033241577,-1.03396148,0.342867479,0.032641649
225.5360565,0.095323951,21.49898791,0,0,98.84598803,11,0,0,27.95874268,1,20.30497962,0.090133764,-4.51505303,6.265229892,0.045442618
228.756572,0.1222205,27.95874268,0,0,98.86451429,11,0,0,9.150352929,1,6.459754763,0.02689655,3.220515472,10.22146411,0.062526071
231.1205774,0.039591252,9.150352929,0,0,98.90316169,11,0,0,39.03559249,1,-18.80838975,-0.082629249,2.364005387,10.6639669,0.062106529
230.6849494,0.169216035,39.03559249,0,0,98.94355969,11,0,0,16.89343722,1,29.88523956,0.129624783,-0.435628004,19.76753686,0.065206003
228.0510403,0.07407744,16.89343722,0,0,98.9539162,11,0,0,10.73671391,1,-22.14215527,-0.095138595,-2.633909124,22.90742265,0.049060256
230.2722054,0.046626183,10.73671391,0,0,98.98807827,11,0,0,-4.805812501,1,-6.156723306,-0.027451257,2.221165099,20.75496785,0.054746231
228.8331698,-0.021001381,-4.805812501,0,0,99.0152342,12,0,0,2.770567157,1,-15.54252641,-0.067627563,-1.439035542,14.20205681,0.069405392
232.3373597,0.01192476,2.770567157,0,0,99.03644654,12,0,0,3180.277776,1,7.576379657,0.03292614,3.504189897,12.92609966,0.072636475
230.7641853,13.78150501,3180.277776,0,1,99.02236047,12,2,0,1288.751449,1,3177.507209,13.76958025,-1.573174361,641.1745364,6.150900374
233.0274143,5.530471394,1288.751449,0,1,99.02806746,12,2,0,1247.389865,1,-1891.526328,-8.251033615,2.263228952,895.5461387,6.034026856
226.3405435,5.511119861,1247.389865,0,1,99.03818734,12,2,0,1274.08604,1,-41.36158399,-0.019351533,-6.686870753,1142.876769,5.651148232
230.8958582,5.51801167,1274.08604,0,1,99.03763332,12,2,0,1284.089751,1,26.69617505,0.006891809,4.555314613,1398.655139,4.926350387
230.8278612,5.562975563,1284.089751,0,1,99.07433944,12,2,0,1276.14012,1,10.00371121,0.044963893,-0.067996973,1654.918976,3.689950672
231.0423712,5.523402974,1276.14012,0,1,99.11100677,12,2,0,1272.715359,1,-7.949630725,-0.03957259,0.214510055,1274.091445,0.020174741
228.0649879,5.580494275,1272.715359,0,1,99.11706124,12,2,0,1244.364901,1,-3.424761156,0.057091302,-2.977383372,1270.884227,0.030649144
226.6742005,5.48966269,1244.364901,0,1,99.11789986,12,2,0,1277.438194,1,-28.35045809,-0.090831585,-1.390787398,1270.279234,0.036506459
230.1569342,5.550292013,1277.438194,0,1,99.14702642,12,2,0,1278.307052,1,33.07329272,0.060629323,3.482733777,1270.949665,0.035614503
229.3179707,5.574386725,1278.307052,0,1,99.17649704,12,2,0,1274.322073,1,0.868857714,0.024094713,-0.838963586,1269.793125,0.037652805
230.3582835,5.531913391,1274.322073,0,1,99.18610121,12,2,0,1268.671234,1,-3.984978147,-0.042473334,1.040312874,1269.429516,0.036688874
230.3715677,5.507065161,1268.671234,0,1,99.19457041,12,2,0,1270.196154,1,-5.650838904,-0.024848229,0.013284132,1268.620691,0.033676806
226.7877463,5.600814747,1270.196154,0,1,99.21320773,12,2,0,1263.251128,1,1.524919347,0.093749586,-3.583821391,1273.786941,0.036419686
230.844616,5.472300589,1263.251128,0,1,99.21624849,12,2,0,1292.448111,1,-6.945025547,-0.128514158,4.056869754,1270.949528,0.051423809
231.3588316,5.586335744,1292.448111,0,1,99.24081995,12,2,0,1290.119454,1,29.19698242,0.114035155,0.514215566,1273.77774,0.053801135
227.5575233,5.669421229,1290.119454,0,1,99.25957024,12,2,0,1267.88015,1,-2.328657022,0.083085485,-3.801308265,1276.937216,0.078369962
229.6866696,5.520042379,1267.88015,0,1,99.27304071,12,2,0,1270.953578,1,-22.23930376,-0.149378851,2.129146248,1276.778999,0.076061964
229.3657528,5.541165419,1270.953578,0,1,99.30001479,12,2,0,1294.573785,1,3.073428107,0.02112304,-0.320916735,1276.930484,0.074642598
230.8092021,5.60884823,1294.573785,0,1,99.33654553,12,2,0,1298.497704,1,23.62020664,0.067682811,1.443449264,1283.195015,0.058818146
231.9887106,5.597245231,1298.497704,0,1,99.37334829,12,2,0,1272.318163,1,3.923919467,-0.011602998,1.179508492,1284.404934,0.059074333
228.9071017,5.558229314,1272.318163,0,1,99.38220553,12,2,0,1262.704689,1,-26.17954155,-0.039015918,-3.081608937,1280.844676,0.037408164
227.5137394,5.550015099,1262.704689,0,1,99.41029524,12,2,0,1272.659189,1,-9.613473391,-0.008214215,-1.393362217,1279.809584,0.03006164
230.8827581,5.512144777,1272.659189,0,1,99.42137295,12,2,0,1262.735138,1,9.954499976,-0.037870322,3.369018638,1280.150706,0.038813807
227.5010104,5.550459473,1262.735138,0,1,99.4349215,12,2,0,1280.50477,1,-9.92405081,0.038314696,-3.38174767,1273.782977,0.030280294
231.403587,5.533642699,1280.50477,0,1,99.4640227,12,2,0,1295.803981,1,17.76963149,-0.016816774,3.902576617,1270.18439,0.018400441
230.3709199,5.624859169,1295.803981,0,1,99.49382351,12,2,0,1283.576401,1,15.29921141,0.091216471,-1.032667113,1274.881554,0.042471945
231.9334745,5.534243833,1283.576401,0,1,99.52865486,12,2,0,1257.568579,1,-12.22758052,-0.090615336,1.562554531,1279.055896,0.043437363
228.8184392,5.495923245,1257.568579,0,1,99.56295608,12,2,0,1263.150052,1,-26.00782168,-0.038320589,-3.115035202,1276.037774,0.047488371
229.1755361,5.51171418,1263.150052,0,1,99.5860756,12,2,0,1274.99915,1,5.581473072,0.015790935,0.357096868,1276.120757,0.050043596
229.3007731,5.560378765,1274.99915,0,1,99.60270807,12,2,0,1274.110086,1,11.84909756,0.048664585,0.125237019,1275.019633,0.050609446
230.684408,5.523173835,1274.110086,0,1,99.60334502,12,2,0,1312.152044,1,-0.889063482,-0.037204929,1.383634814,1270.680854,0.024302126
232.8931073,5.634138594,1312.152044,0,1,99.62639273,12,2,0,1236.369094,1,38.04195801,0.110964759,2.208699349,1276.395982,0.055170257
227.4762031,5.435157949,1236.369094,0,1,99.64652146,12,2,0,1272.630864,1,-75.78295043,-0.198980645,-5.416904165,1272.156085,0.072631399
227.8106142,5.586354564,1272.630864,0,1,99.68293341,12,2,0,1276.740558,1,36.26177067,0.151196614,0.334411087,1274.052248,0.07482263
227.465493,5.612897769,1276.740558,0,1,99.69095117,12,2,0,1273.103295,1,4.109693565,0.026543205,-0.345121249,1274.400529,0.080494207
229.6207549,5.544373789,1273.103295,0,1,99.69273328,12,2,0,1283.946768,1,-3.637263159,-0.06852398,2.155261933,1274.199171,0.078717192
227.9818032,5.631794953,1283.946768,0,1,99.72217522,12,2,0,1264.833633,1,10.84347363,0.087421164,-1.638951715,1268.558116,0.078189809
230.5279058,5.486683397,1264.833633,0,1,99.7515207,12,2,0,1262.222163,1,-19.11313535,-0.145111556,2.546102582,1274.251024,0.05808477
230.0947459,5.485662691,1262.222163,0,1,99.75259511,12,2,0,1256.948338,1,-2.611470046,-0.001020706,-0.43315984,1272.169284,0.06855733
226.8226721,5.541546293,1256.948338,0,1,99.75919577,12,2,0,1276.33796,1,-5.27382539,0.055883602,-3.272073843,1268.210839,0.0596307
229.4156896,5.563429257,1276.33796,0,1,99.76931162,12,2,0,1273.783069,1,19.38962212,0.021882964,2.593017555,1268.857772,0.060737582
230.4670643,5.526963571,1273.783069,0,1,99.80389914,12,2,0,1270.996882,1,-2.554891014,-0.036465686,1.051374676,1266.825033,0.03422064
228.8730567,5.553283117,1270.996882,0,1,99.83499865,12,2,0,1276.165148,1,-2.786187107,0.026319546,-1.594007614,1268.057682,0.030334454
230.8064726,5.52915667,1276.165148,0,1,99.84302535,12,2,0,1270.213008,1,5.168265874,-0.024126447,1.933415906,1270.846279,0.01560399
228.2320496,5.56544539,1270.213008,0,1,99.87281743,12,2,0,1268.023462,1,-5.952139476,0.03628872,-2.574423044,1273.499213,0.018488674
227.4628392,5.574640089,1268.023462,0,1,99.88346581,12,2,0,1282.741919,1,-2.189545734,0.009194699,-0.769210322,1271.836314,0.021339764
231.4548322,5.542083125,1282.741919,0,1,99.89759712,12,2,0,1287.545248,1,14.71845702,-0.032556964,3.991992904,1273.628084,0.018103268
230.7802857,5.579095476,1287.545248,0,1,99.91220995,12,2,0,1304.975357,1,4.803328452,0.037012351,-0.67454646,1276.937757,0.021578894
230.4285188,5.663254546,1304.975357,0,1,99.93831899,12,2,0,1255.994677,1,17.43010893,0.08415907,-0.351766847,1282.699799,0.046071031
229.6442823,5.469305241,1255.994677,0,1,99.95418651,12,2,0,1265.113319,1,-48.9806798,-0.193949305,-0.784236505,1279.856133,0.070046336
229.3328372,5.516494432,1265.113319,0,1,99.9635545,12,2,0,1279.949327,1,9.118642415,0.047189191,-0.311445167,1279.274104,0.072952398
227.2690193,5.631868925,1279.949327,0,1,99.97982957,12,2,0,1254.910684,1,14.83600791,0.115374493,-2.063817889,1278.715586,0.079982979
226.8258859,5.532484439,1254.910684,0,1,100,12,2,0,1267.545434,1,-25.03864292,-0.099384485,-0.443133353,1272.188673,0.081648746
227.3560156,5.575156791,1267.545434,0,1,100,12,2,0,1267.493236,1,12.63474997,0.042672352,0.530129658,1264.702688,0.061551861
230.5920092,5.496691929,1267.493236,0,1,100,12,2,0,1308.354886,1,-0.052198564,-0.078464863,3.235993612,1267.0024,0.053863483
232.788031,5.620370088,1308.354886,0,1,100,12,2,0,1279.338514,1,40.86165062,0.123678159,2.196021829,1275.650714,0.057368009
229.2612264,5.58026551,1279.338514,0,1,100,12,2,0,1282.188253,1,-29.01637195,-0.040104578,-3.526804628,1275.528551,0.047552726
231.6208955,5.535719265,1282.188253,0,1,100,12,2,0,1270.381971,1,2.849738745,-0.044546245,2.359669057,1280.984065,0.047087612
228.6713946,5.555491423,1270.381971,0,1,100,13,2,0,1293.047785,1,-11.80628196,0.019772158,-2.949500893,1281.551372,0.04649397
230.1614001,5.618004516,1293.047785,0,1,100,13,2,0,1278.331117,1,22.66581373,0.062513093,1.49000549,1286.662282,0.037470668
230.0779562,5.5560782,1278.331117,0,1,100,13,2,0,1292.832482,1,-14.71666816,-0.061926316,-0.083443857,1280.657528,0.031564829
232.6179769,5.55774966,1292.832482,0,1,100,13,2,0,1274.729441,1,14.50136507,0.00167146,2.540020664,1283.356322,0.031179533
227.9915075,5.591126858,1274.729441,0,1,100,13,2,0,1294.703187,1,-18.10304084,0.033377197,-4.626469342,1281.864559,0.028032463
228.4886178,5.666379356,1294.703187,0,1,100,13,2,0,1263.869341,1,19.97374611,0.075252498,0.497110302,1286.728802,0.04609934
230.6179451,5.480359912,1263.869341,0,1,100,13,2,0,1291.115543,1,-30.8338459,-0.186019444,2.129327243,1280.893114,0.067294099
229.3812052,5.628689332,1291.115543,0,1,99.9979689,13,2,0,1288.870666,1,27.24620131,0.148329419,-1.23673987,1283.449999,0.071170443
231.9839919,5.555860366,1288.870666,0,1,100,13,2,0,1270.041914,1,-2.244876575,-0.072828966,2.602786691,1282.657636,0.071355144
230.038489,5.520997462,1270.041914,0,1,100,13,2,0,1305.739704,1,-18.82875196,-0.034862903,-1.945502891,1281.72013,0.076434442
233.2223369,5.598690595,1305.739704,0,1,100,13,2,0,1242.251057,1,35.69779024,0.077693132,3.183847941,1283.927434,0.059263433
224.8225684,5.525473115,1242.251057,0,1,100,13,2,0,1277.602427,1,-63.48864682,-0.073217479,-8.399768531,1279.603777,0.046821682
232.6013517,5.492669832,1277.602427,0,1,100,13,2,0,1282.407728,1,35.35136999,-0.032803284,7.778783317,1276.901154,0.040312681
232.8758278,5.50683057,1282.407728,0,1,100,13,2,0,1288.988154,1,4.805300279,0.014160739,0.274476088,1275.608566,0.041062758
229.0529631,5.627467713,1288.988154,0,1,100,13,2,0,1263.932072,1,6.580426754,0.120637142,-3.82286469,1279.397814,0.059421545
231.0637546,5.470057709,1263.932072,0,1,100,13,2,0,1253.67849,1,-25.05608217,-0.157410004,2.010791528,1271.036288,0.061017678
226.0432271,5.546189133,1253.67849,0,1,100,13,2,0,1265.877821,1,-10.25358245,0.076131425,-5.020527541,1273.321774,0.06179862
229.3779714,5.518741896,1265.877821,0,1,100,13,2,0,1276.606698,1,12.19933107,-0.027447237,3.334744306,1270.976853,0.059042974
228.950624,5.575903991,1276.606698,0,1,99.99797078,13,2,0,1286.129848,1,10.72887754,0.057162095,-0.427347364,1269.816647,0.059218935
229.0868743,5.614157735,1286.129848,0,1,100,13,2,0,1273.741456,1,9.523149111,0.038253744,0.136250293,1269.244986,0.05487508
230.657512,5.522219695,1273.741456,0,1,100,13,2,0,1279.435036,1,-12.38839196,-0.09193804,1.570637683,1271.206862,0.040007703
229.6367984,5.571559283,1279.435036,0,1,100,13,2,0,1281.137338,1,5.693580334,0.049339589,-1.020713622,1276.358172,0.040149293
229.9897158,5.570411412,1281.137338,0,1,100,13,2,0,1263.410393,1,1.702301665,-0.001147871,0.352917397,1279.410075,0.032660009
227.4174933,5.55546706,1263.410393,0,1,100,13,2,0,1261.208945,1,-17.72694483,-0.014944353,-2.572222507,1276.770814,0.033144685
228.4094687,5.52170167,1261.208945,0,1,100,13,2,0,1266.550299,1,-2.201447807,-0.033765389,0.991975421,1271.786633,0.024844139
226.5820467,5.589808711,1266.550299,0,1,100,13,2,0,1286.31675,1,5.341353608,0.068107041,-1.827421996,1270.348402,0.025504262
231.5836371,5.554437118,1286.31675,0,1,100,13,2,0,1259.407504,1,19.76645116,-0.035371594,5.001590379,1271.724745,0.025009244
227.4697785,5.536592649,1259.407504,0,1,100,13,2,0,1291.17609,1,-26.90924616,-0.017844469,-4.113858591,1267.378778,0.025505096
231.2986321,5.582290212,1291.17609,0,1,100,13,2,0,1267.730069,1,31.76858663,0.045697563,3.82885363,1272.931917,0.029090381
228.5425821,5.547019104,1267.730069,0,1,100,13,2,0,1277.158659,1,-23.44602123,-0.035271108,-2.756050051,1274.236142,0.022979179
229.5365816,5.56407458,1277.158659,0,1,99.99834277,13,2,0,1278.47396,1,9.428589899,0.017055476,0.993999513,1276.357814,0.017408492
228.2756466,5.600570974,1278.47396,0,1,99.99756331,13,2,0,1252.993956,1,1.315301602,0.036496394,-1.260935007,1274.789256,0.025928928
229.7602599,5.453484237,1252.993956,0,1,100,13,2,0,1253.621088,1,-25.48000465,-0.147086737,1.484613326,1273.506547,0.057273558
230.2865425,5.443744451,1253.621088,0,1,100,13,2,0,1298.331759,1,0.627131842,-0.009739786,0.526282549,1265.995546,0.069619896
229.6713145,5.652999207,1298.331759,0,1,100,13,2,0,1293.583392,1,44.7106712,0.209254756,-0.615227937,1272.115884,0.09181927
230.3606907,5.615469325,1293.583392,0,1,100,13,2,0,1285.608269,1,-4.7483665,-0.037529881,0.689376162,1275.400831,0.097474479
232.4015871,5.531839453,1285.608269,0,1,100,13,2,0,1274.296909,1,-7.975123849,-0.083629872,2.040896412,1276.827693,0.09391476
230.7089782,5.5233954,1274.296909,0,1,100,13,2,0,14.43535806,1,-11.31135963,-0.008444053,-1.692608911,1281.088283,0.082404544
230.1556629,0.062719978,14.43535806,0,0,100,13,0,0,0.126326228,1,-1259.861551,-5.460675422,-0.553315297,1033.251137,2.468429858
230.6192159,0.00054777,0.126326228,0,0,100,13,0,0,-2.439109198,1,-14.30903183,-0.062172208,0.463553031,773.6100508,3.026607467
229.0634892,-0.01064818,-2.439109198,0,0,100,13,0,0,-1151.001828,1,-2.565435426,-0.011195949,-1.555726705,514.4055505,3.018124666
230.2003656,-5,-1151.001828,0,0,100,13,0,1,-2.287135188,1,-1148.562719,-4.98935182,1.13687634,27.08353123,3.72308963
228.7914986,-0.009996592,-2.287135188,0,0,100,13,0,0,-11.6711204,1,1148.714693,4.990003408,-1.408866982,-228.2332776,2.241039381
230.3880725,-0.050658527,-11.6711204,0,0,100,13,0,0,5.873692903,1,-9.383985208,-0.040661935,1.596573925,-233.4545733,2.228243006
232.1805928,0.025297949,5.873692903,0,0,100,13,0,0,1.071957611,1,17.5448133,0.075956476,1.792520256,-232.3050999,2.231086372
230.1250037,0.004658154,1.071957611,0,0,100,13,0,0,1.930898634,1,-4.801735292,-0.020639796,-2.055589095,-231.6028866,2.232808847
232.3242552,0.008311223,1.930898634,0,0,100,13,0,0,19.09060274,1,0.858941024,0.003653069,2.199251582,-1.016341287,0.028708608
229.3559995,0.083235681,19.09060274,0,0,100,13,0,0,19.02310429,1,17.15970411,0.074924458,-2.968255734,3.259206299,0.048014159
229.8929034,0.08274768,19.02310429,0,0,100,13,0,0,17.3680443,1,-0.067498448,-0.000488001,0.536903836,9.398051237,0.039250635
229.3883558,0.075714586,17.3680443,0,0,100,13,0,0,8.700614473,1,-1.655059992,-0.007033094,-0.504547593,11.69692152,0.04070547
232.1545379,0.037477684,8.700614473,0,0,100,13,0,0,8.407174821,1,-8.667429829,-0.038236901,2.766182153,13.22265289,0.033361545
228.0760091,0.036861285,8.407174821,0,0,100,13,0,0,15.08582493,1,-0.293439652,-0.000616399,-4.078528793,14.51790813,0.023955794
233.253887,0.064675556,15.08582493,0,0,100,13,0,0,10.24262796,1,6.678650107,0.027814271,5.177877879,13.71695256,0.021375497
228.0389945,0.044916125,10.24262796,0,0,100,13,0,0,0.807423536,1,-4.843196972,-0.019759432,-5.214892478,11.9608573,0.017416126
230.0681878,0.003509497,0.807423536,0,0,100,13,0,0,2.864576773,1,-9.43520442,-0.041406628,2.029193234,8.648733143,0.022075279
229.7687289,0.012467218,2.864576773,0,0,100,13,0,0,0.452153706,1,2.057153237,0.008957721,-0.299458853,7.481525603,0.024749788
232.1724551,0.001947491,0.452153706,0,0,100,13,0,0,15.20187322,1,-2.412423067,-0.010519727,2.403726235,5.89052138,0.027927882
228.7435043,0.066458164,15.20187322,0,0,100,13,0,0,28.41762754,1,14.74971951,0.064510673,-3.428950884,5.913731038,0.028557252
227.1822561,0.125087355,28.41762754,0,0,100,13,0,0,26.8597458,1,13.21575432,0.058629192,-1.561248145,9.548730955,0.053524671
232.2450784,0.115652594,26.8597458,0,0,100,13,0,0,1.530113692,1,-1.557881745,-0.009434761,5.062822337,14.75919541,0.056813993
231.7224625,0.006603217,1.530113692,0,0,100,14,0,0,3.934741192,1,-25.3296321,-0.109049377,-0.522615982,14.49230279,0.058195765
233.7252502,0.0168349,3.934741192,0,0,100,14,0,0,22.77747431,1,2.4046275,0.010231683,2.002787787,15.18882029,0.054548166
229.4782254,0.099257671,22.77747431,0,0,100,14,0,0,6.140181307,1,18.84273311,0.082422772,-4.247024813,16.70394051,0.05653398
228.937454,0.026820344,6.140181307,0,0,100,14,0,0,24.31573826,1,-16.637293,-0.072437327,-0.540771443,12.24845126,0.050524906
228.474779,0.106426356,24.31573826,0,0,100,14,0,0,20.59073801,1,18.17555696,0.079606012,-0.462675019,11.73964975,0.047759005
230.4358922,0.089355603,20.59073801,0,0,100,14,0,0,8.873882407,1,-3.725000256,-0.017070754,1.961113217,15.55177462,0.042494057
229.7919735,0.038617025,8.873882407,0,0,100,14,0,0,22.1980869,1,-11.7168556,-0.050738577,-0.643918735,16.53960286,0.036691111
231.0786745,0.096062897,22.1980869,0,0,100,14,0,0,8.407118897,1,13.32420449,0.057445872,1.286701039,16.42372538,0.036123265
228.5912405,0.036777957,8.407118897,0,0,100,14,0,0,-1.717118214,1,-13.790968,-0.05928494,-2.487433997,16.87711289,0.033203713
228.7984966,-0.007504937,-1.717118214,0,0,100,14,0,0,6.313088143,1,-10.12423711,-0.044282894,0.207256129,11.6705416,0.042660511
230.9848566,0.027331178,6.313088143,0,0,100,14,0,0,8.378453622,1,8.030206357,0.034836114,2.186359952,8.815011626,0.037273876
233.440826,0.035891124,8.378453622,0,0,100,14,0,0,14.64577235,1,2.065365478,0.008559946,2.455969398,8.715925869,0.037287223
227.8411497,0.064280629,14.64577235,0,0,100,14,0,0,-9.177173276,1,6.267318727,0.028389505,-5.599676271,7.20546296,0.025789376
227.4690022,-0.04034472,-9.177173276,0,0,100,14,0,0,-1.094475083,1,-23.82294562,-0.104625349,-0.372147463,3.688604525,0.040565555
232.5405226,-0.004706599,-1.094475083,0,0,100,14,0,0,13.22406271,1,8.082698193,0.035638121,5.071520342,3.813133151,0.040178851
228.893794,0.057773793,13.22406271,0,0,100,14,0,0,16.08635741,1,14.31853779,0.062480393,-3.646728629,5.195328065,0.044324966
231.1298534,0.069598787,16.08635741,0,0,100,14,0,0,20.35850308,1,2.862294698,0.011824994,2.236059442,6.736908822,0.049155944
229.0386043,0.088886776,20.35850308,0,0,100,14,0,0,14.97091461,1,4.272145669,0.019287989,-2.09124913,7.879454968,0.054474929
230.2740353,0.065013472,14.97091461,0,0,100,14,0,0,-0.683624618,1,-5.387588473,-0.023873304,1.235431065,12.70907254,0.0354746
236.3977634,-0.00289184,-0.683624618,0,0,100,14,0,0,262.1599597,1,-15.65453922,-0.067905313,6.123728043,12.79124264,0.034707999
228.90494,1.145278733,262.1599597,1,0,100,14,1,0,75.91857839,1,262.8435843,1.148170574,-7.492823362,62.57842203,0.488752102
227.2098698,0.334134157,75.91857839,1,0,100,14,1,0,91.66078531,1,-186.2413813,-0.811144576,-1.695070202,74.54486623,0.475339422
230.3630131,0.397897145,91.66078531,1,0,100,14,1,0,102.5896698,1,15.74220692,0.063762988,3.153143258,88.80532268,0.456504991
234.6629046,0.437178897,102.5896698,1,0,100,14,1,0,96.98497346,1,10.92888453,0.039281752,4.299891568,106.3290737,0.419544002
230.2046711,0.421298895,96.98497346,1,0,100,14,1,0,117.0252018,1,-5.604696376,-0.015880002,-4.458233566,125.8627933,0.33665349
225.8850119,0.518074222,117.0252018,1,0,100,14,1,0,123.8202256,1,20.04022837,0.096775328,-4.319659185,96.83584177,0.066637263
229.7765458,0.538872343,123.8202256,1,0,100,14,1,0,107.0724392,1,6.795023732,0.020798121,3.89153396,106.4161712,0.062115441
229.2448383,0.467065867,107.0724392,1,0,100,14,1,0,98.27003277,1,-16.74778639,-0.071806476,-0.531707581,109.498502,0.050747017
229.8143531,0.427606159,98.27003277,1,0,100,14,1,0,105.139499,1,-8.802406403,-0.039459708,0.569514838,108.6345746,0.052742613
228.6812703,0.459764365,105.139499,1,0,100,14,1,0,97.03928227,1,6.869466203,0.032158206,-1.133082798,110.2654797,0.045308863
231.7940574,0.418644392,97.03928227,1,0,100,14,1,0,6.841015817,1,-8.100216701,-0.041119973,3.11278713,106.2682957,0.047439172
229.5918592,0.029796422,6.841015817,0,0,100,14,0,0,10.97491004,1,-90.19826645,-0.388847971,-2.202198206,82.8724538,0.186050083
231.1328322,0.047483129,10.97491004,0,0,100,14,0,0,7.943972903,1,4.133894222,0.017686707,1.540972919,63.65294797,0.217907769
228.567394,0.034755495,7.943972903,0,0,100,14,0,0,-8.850466601,1,-3.030937136,-0.012727634,-2.565438113,45.587736,0.220681349
230.6342163,-0.038374473,-8.850466601,0,0,100,14,0,0,-10.17472828,1,-16.7944395,-0.073129968,2.066822268,22.78974289,0.182080553
229.6808069,-0.044299428,-10.17472828,0,0,100,14,0,0,15.16422894,1,-1.324261677,-0.005924954,-0.953409377,1.346940776,0.043626376
229.8244465,0.065981793,15.16422894,0,0,100,14,0,0,3208.81454,1,25.33895722,0.11028122,0.143639569,3.011583401,0.05097048
230.6827687,13.91007468,3208.81454,0,1,99.98934064,14,2,0,1258.359955,1,3193.650311,13.84409289,0.858322157,642.5795094,6.218934158
231.8390251,5.427731396,1258.359955,0,1,99.9950584,14,2,0,1276.782762,1,-1950.454585,-8.482343287,1.156256449,892.6627059,6.088865769
229.7011408,5.558451985,1276.782762,0,1,100,14,2,0,1278.018314,1,18.42280668,0.130720589,-2.137884302,1149.789352,5.693689473
227.2185972,5.62462021,1278.018314,0,1,100,14,2,0,1280.082967,1,1.235552076,0.066168225,-2.482543577,1407.42796,4.959242347
228.2240805,5.608886513,1280.082967,0,1,100,14,2,0,1517.856018,1,2.064653047,-0.015733697,1.005483269,1660.411708,3.737339092
228.338247,6.647401554,1517.856018,1,1,100,14,3,0,77.52384614,1,237.7730506,1.03851504,0.114166482,1322.220003,0.494663588
229.2382461,0.338180245,77.52384614,1,0,100,14,1,0,103.171598,1,-1440.332172,-6.309221309,0.899999122,1086.052781,2.510994608
230.4459036,0.447704196,103.171598,1,0,100,14,1,0,111.4067631,1,25.64775188,0.109523952,1.207657475,851.3305486,3.078509489
231.6082517,0.481013791,111.4067631,1,0,100,14,1,0,98.72307124,1,8.235165084,0.033309595,1.162348118,618.0082384,3.147158281
230.3527755,0.428573396,98.72307124,1,0,100,14,1,0,104.036834,1,-12.68369187,-0.052440395,-1.255476207,381.7362592,2.783751748
231.659592,0.449093573,104.036834,1,0,100,14,1,0,94.69277936,1,5.31376273,0.020520177,1.306816537,98.9724225,0.054100382
232.08871,0.408002524,94.69277936,1,0,100,14,1,0,112.985794,1,-9.344054609,-0.04109105,0.429117937,102.4062091,0.027097899
231.3477063,0.48838087,112.985794,1,0,100,14,1,0,123.4443687,1,18.29301461,0.080378346,-0.741003676,104.3690483,0.03410838
228.6786769,0.539815825,123.4443687,1,0,100,14,1,0,87.23230841,1,10.45857471,0.051434956,-2.669029432,106.7765694,0.052316118
228.2537703,0.382172475,87.23230841,1,0,100,14,1,0,21.54773108,1,-36.21206027,-0.15764335,-0.424906534,104.4784169,0.062936772
232.5609169,0.092654137,21.54773108,0,0,100,14,0,0,5.385639501,1,-65.68457733,-0.289518338,4.307146583,87.9805963,0.173651737
232.5893779,0.02315514,5.385639501,0,0,100,14,0,0,21.70183053,1,-16.16209157,-0.069498998,0.028461023,70.11916832,0.234120492
229.3002832,0.094643714,21.70183053,0,0,100,14,0,0,19.35182483,1,16.31619103,0.071488575,-3.289094773,51.86237564,0.223075465
226.1274812,0.08557927,19.35182483,0,0,100,14,0,0,24.70626996,1,-2.350005704,-0.009064444,-3.172801994,31.04386687,0.140948272
232.9844178,0.106042585,24.70626996,0,0,100,14,0,0,12.75049813,1,5.354445127,0.020463315,6.856936604,18.53865918,0.032841998
229.6787085,0.055514498,12.75049813,0,0,100,14,0,0,26.5523984,1,-11.95577183,-0.050528087,-3.305709296,16.77921259,0.033573624
232.616049,0.114146889,26.5523984,0,0,100,14,0,0,13.111831,1,13.80190027,0.058632392,2.937340513,21.01256437,0.022714356
227.5175002,0.057629989,13.111831,0,0,100,14,0,0,4.175160815,1,-13.4405674,-0.0565169,-5.098548808,19.29456446,0.026943319
228.6897889,0.018256875,4.175160815,0,0,100,15,0,0,5.332242175,1,-8.936670189,-0.039373114,1.172288758,16.25923166,0.039647533
228.5516519,0.023330578,5.332242175,0,0,100,15,0,0,3.43430417,1,1.157081359,0.005073703,-0.138137058,12.38442611,0.038246084
228.4428941,0.015033535,3.43430417,0,0,100,15,0,0,24.24585101,1,-1.897938004,-0.008297043,-0.108757802,10.52118731,0.041896442
226.3714758,0.107106476,24.24585101,0,0,100,15,0,0,-0.245334224,1,20.81154684,0.092072941,-2.071418318,10.05987784,0.039041084
234.3027679,-0.001047082,-0.245334224,0,0,100,15,0,0,1.861705988,1,-24.49118524,-0.108153558,7.931292103,7.38844479,0.042671855
231.9588244,0.008026019,1.861705988,0,0,100,15,0,0,14.06417922,1,2.107040212,0.009073101,-2.343943492,6.925753824,0.043759176
229.5695353,0.061263265,14.06417922,0,0,100,15,0,0,27.40546165,1,12.20247323,0.053237245,-2.389289022,8.672141233,0.045462699
227.9866537,0.12020643,27.40546165,0,0,100,15,0,0,0.687212791,1,13.34128243,0.058943165,-1.582881625,13.46637273,0.055383932
232.9793419,0.002949673,0.687212791,0,0,100,15,0,0,21.02838884,1,-26.71824886,-0.117256757,4.992688215,8.754645085,0.052321901
231.1252023,0.090982674,21.02838884,0,0,100,15,0,0,15.5852671,1,20.34117605,0.088033001,-1.854139598,13.0093897,0.051204113
227.7460292,0.068432662,15.5852671,0,0,100,15,0,0,13.401441,1,-5.443121746,-0.022550011,-3.379173147,15.75410192,0.043381705
232.0185764,0.057760207,13.401441,0,0,100,15,0,0,12.78234386,1,-2.1838261,-0.010672455,4.272547167,15.62155428,0.043561101
227.8232506,0.056106406,12.78234386,0,0,100,15,0,0,4.920461778,1,-0.619097137,-0.001653801,-4.195325732,12.69693072,0.032376555
231.361694,0.0212674,4.920461778,0,0,100,15,0,0,10.21047587,1,-7.861882082,-0.034839006,3.538443367,13.54358051,0.0252264
233.6742282,0.043695344,10.21047587,0,0,100,15,0,0,29.75023202,1,5.290014092,0.022427944,2.312534164,11.37999792,0.018035269
229.9666858,0.129367573,29.75023202,0,0,100,15,0,0,3.781180397,1,19.53975615,0.085672229,-3.707542352,14.21299091,0.040572944
229.4628938,0.016478396,3.781180397,0,0,100,15,0,0,3.543743311,1,-25.96905162,-0.112889177,-0.50379196,12.28893879,0.045465054
226.9672394,0.015613457,3.543743311,0,0,100,15,0,0,11.48822705,1,-0.237437086,-0.000864939,-2.495654405,10.44121868,0.048372182
232.2121619,0.049472977,11.48822705,0,0,100,15,0,0,25.81059013,1,7.944483735,0.03385952,5.244922481,11.75477173,0.046478724
232.3266331,0.111096131,25.81059013,0,0,100,15,0,0,24.86131709,1,14.32236309,0.061623154,0.114471146,14.87479458,0.053152462
230.1717932,0.108012006,24.86131709,0,0,100,15,0,0,5.78137621,1,-0.949273043,-0.003084125,-2.15483986,13.89701159,0.047146024
231.6560068,0.024956729,5.78137621,0,0,100,15,0,0,7.025529649,1,-19.07994088,-0.083055277,1.484213634,14.29705076,0.045299648
229.0719624,0.030669531,7.025529649,0,0,100,15,0,0,5.782480399,1,1.244153439,0.005712802,-2.584044438,14.99340802,0.041826706
231.975144,0.024927155,5.782480399,0,0,100,15,0,0,-7.099297236,1,-1.24304925,-0.005742376,2.903181565,13.8522587,0.045371677
231.8796782,-0.030616298,-7.099297236,0,0,100,15,0,0,-16.73808389,1,-12.88177763,-0.055543453,-0.095465785,7.270281222,0.049495423
232.0175648,-0.072141451,-16.73808389,0,0,100,15,0,0,14.03118695,1,-9.638786653,-0.041525154,0.137886615,-1.049598974,0.045354056
233.3399106,0.060131963,14.03118695,0,0,100,15,0,0,3.310687267,1,30.76927084,0.132273415,1.322345858,0.600363174,0.053117638
227.3341237,0.01456309,3.310687267,0,0,100,15,0,0,8.108133561,1,-10.72049968,-0.045568873,-6.005786905,-0.142605302,0.051451628
230.8691281,0.035120042,8.108133561,0,0,100,15,0,0,9.801836678,1,4.797446294,0.020556953,3.535004402,0.32252533,0.052898817
229.6302139,0.042685309,9.801836678,0,0,100,15,0,0,21.94332667,1,1.693703117,0.007565267,-1.238914292,3.702752113,0.051952542
228.9995497,0.095822576,21.94332667,0,0,100,15,0,0,42.00059067,1,12.14148999,0.053137266,-0.630664159,11.43903422,0.030547075
232.1112996,0.18095022,42.00059067,0,0,100,15,0,0,30.54068733,1,20.057264,0.085127644,3.111749858,17.03291497,0.066969086
227.8748186,0.134023968,30.54068733,0,0,100,15,0,0,16.75646585,1,-11.45990334,-0.046926252,-4.236480934,22.47891498,0.06163688
230.2493,0.072775317,16.75646585,0,0,100,15,0,0,22.38239296,1,-13.78422148,-0.06124865,2.374481427,24.20858144,0.053889439
231.3317348,0.096754529,22.38239296,0,0,100,15,0,0,16.89333806,1,5.625927109,0.023979211,1.082434763,26.7246927,0.042394761
231.2496548,0.073052382,16.89333806,0,0,100,15,0,0,3221.869357,1,-5.489054902,-0.023702147,-0.082079993,25.71469498,0.046167929
231.6629709,13.90757161,3221.869357,0,1,100,15,2,0,1278.167069,1,3204.976019,13.83451923,0.413316111,661.6884482,6.177599811
229.9989615,5.557273218,1278.167069,0,1,100,15,2,0,1271.745718,1,-1943.702288,-8.35029839,-1.664009409,911.2137246,6.054900738
229.9832929,5.529730885,1271.745718,0,1,100,15,2,0,1298.883104,1,-6.421350904,-0.027542333,-0.015668572,1162.211575,5.662314563
231.1519234,5.619174976,1298.883104,0,1,100,15,2,0,1270.403852,1,27.13738549,0.089444091,1.168630436,1417.511717,4.952934606
229.4067231,5.537779515,1270.403852,0,1,100,15,2,0,1280.939587,1,-28.47925197,-0.081395462,-1.745200299,1668.21382,3.732869522
229.1759489,5.589328171,1280.939587,0,1,100,15,2,0,1292.29753,1,10.53573577,0.051548657,-0.230774186,1280.027866,0.037274731
229.6109705,5.628204642,1292.29753,0,1,100,15,2,0,1268.030673,1,11.35794246,0.038876471,0.435021568,1282.853958,0.045418542
231.423491,5.479265165,1268.030673,0,1,100,15,2,0,1271.925205,1,-24.26685722,-0.148939477,1.812520538,1282.110949,0.062144369
225.7197871,5.634974327,1271.925205,0,1,100,15,2,0,1272.395667,1,3.894532705,0.155709162,-5.70370391,1276.719369,0.065531551
228.0974639,5.578298178,1272.395667,0,1,100,15,2,0,1268.327967,1,0.470462083,-0.056676149,2.377676832,1277.117733,0.062375875
227.0758483,5.585481574,1268.327967,0,1,100,15,2,0,1268.822502,1,-4.067700791,0.007183396,-1.021615624,1274.595408,0.062286771
229.2838027,5.533851442,1268.822502,0,1,100,15,2,0,1298.65095,1,0.494535629,-0.051630133,2.207954423,1269.900403,0.058691911
231.604977,5.607180669,1298.65095,0,1,100,15,2,0,1271.902851,1,29.82844781,0.073329227,2.321174309,1276.024458,0.037439987
230.2131964,5.524891149,1271.902851,0,1,100,15,2,0,1272.591262,1,-26.74809877,-0.08228952,-1.391780629,1276.019988,0.035178382
230.3822028,5.523826259,1272.591262,0,1,100,15,2,0,1274.858898,1,0.688410348,-0.00106489,0.169006428,1276.059106,0.03865729
229.7239492,5.549525432,1274.858898,0,1,100,15,2,0,1273.385298,1,2.26763647,0.025699173,-0.658253677,1277.365293,0.034724429
232.0683653,5.4871128,1273.385298,0,1,100,15,2,0,1262.855381,1,-1.473600545,-0.062412632,2.344416135,1278.277852,0.044384001
227.1227815,5.560232106,1262.855381,0,1,100,15,2,0,1285.088142,1,-10.52991611,0.073119306,-4.94558383,1271.118738,0.028261531
229.698571,5.594671908,1285.088142,0,1,100,15,2,0,1277.008787,1,22.23276076,0.034439802,2.575789506,1273.755796,0.04031283
231.207023,5.523226632,1277.008787,0,1,100,15,2,0,1270.483023,1,-8.079355482,-0.071445275,1.508451989,1274.639301,0.04038523
230.0373779,5.52294168,1270.483023,0,1,100,15,2,0,1238.021331,1,-6.525764032,-0.000284952,-1.169645012,1273.764126,0.04104822
226.0793751,5.47604721,1238.021331,0,1,100,15,2,0,1297.087206,1,-32.46169172,-0.046894471,-3.958002876,1266.691333,0.044598049
230.9633984,5.615985973,1297.087206,0,1,100,15,2,0,1263.228262,1,59.06587491,0.139938764,4.884023361,1273.537698,0.057465305
228.2672615,5.533987893,1263.228262,0,1,100,15,2,0,1264.871057,1,-33.85894417,-0.08199808,-2.696136886,1269.165722,0.050787841
229.052623,5.522185428,1264.871057,0,1,100,16,2,0,1297.427834,1,1.642794995,-0.011802465,0.785361432,1266.738176,0.050847401
233.8048245,5.549191881,1297.427834,0,1,100,16,2,0,1233.367537,1,32.55677735,0.027006454,4.752201554,1272.127138,0.050745613
225.7730428,5.462864484,1233.367537,0,1,100,16,2,0,1263.75658,1,-64.06029718,-0.086327397,-8.031781739,1271.196379,0.055027089
228.9433478,5.519953264,1263.75658,0,1,100,16,2,0,1287.752316,1,30.38904292,0.05708878,3.170304975,1264.530254,0.032745778
228.7072871,5.630569677,1287.752316,0,1,99.99824786,16,2,0,1277.732125,1,23.99573588,0.110616412,-0.236060637,1269.435065,0.061053363
228.1952366,5.599293585,1277.732125,0,1,100,16,2,0,1293.481497,1,-10.02019102,-0.031276092,-0.512050482,1272.007278,0.065934048
231.6180204,5.584546031,1293.481497,0,1,100,16,2,0,1253.639731,1,15.74937182,-0.014747554,3.42278376,1271.218011,0.067387099
226.412841,5.53696392,1253.639731,0,1,100,16,2,0,1281.312427,1,-39.84176505,-0.047582111,-5.205179438,1275.27245,0.04539681
232.3790992,5.513888433,1281.312427,0,1,100,16,2,0,1287.974641,1,27.67269574,-0.023075487,5.966258242,1278.783619,0.047253819
231.1343479,5.572406924,1287.974641,0,1,100,16,2,0,1263.127553,1,6.662213374,0.058518491,-1.244751297,1278.828084,0.035168466
226.671278,5.572508189,1263.127553,0,1,100,16,2,0,1259.638101,1,-24.84708756,0.000101266,-4.4630699,1275.90717,0.029547928
228.1740083,5.520515287,1259.638101,0,1,100,16,2,0,1295.073521,1,-3.489452195,-0.051992902,1.502730256,1269.138491,0.02794929
230.2217149,5.625331743,1295.073521,0,1,100,16,2,0,1286.1395,1,35.43542003,0.104816456,2.047706641,1277.425248,0.045441217
231.0663286,5.566105227,1286.1395,0,1,100,16,2,0,1275.434018,1,-8.934021306,-0.059226517,0.844613732,1278.390663,0.037175799
231.9049013,5.499814844,1275.434018,0,1,100,16,2,0,1244.837303,1,-10.70548112,-0.066290383,0.838572637,1275.882539,0.048973992
225.3545524,5.523905727,1244.837303,0,1,100,16,2,0,1276.795499,1,-30.5967155,0.024090883,-6.550348829,1272.224489,0.049904923
229.8619006,5.554619948,1276.795499,0,1,100,16,2,0,20.02112566,1,31.95819562,0.030714221,4.507348189,1275.655968,0.047636186
232.7608418,0.086015867,20.02112566,0,0,100,16,0,0,9.960719874,1,-1256.774373,-5.468604081,2.89894117,1020.645489,2.437495743
228.134669,0.043661579,9.960719874,0,0,100,16,0,0,27.02781748,1,-10.06040578,-0.042354288,-4.626172832,765.4097331,2.991363935
229.7018622,0.117664773,27.02781748,0,0,100,16,0,0,6.504272709,1,17.0670976,0.074003194,1.567193191,515.7284929,2.988955946
230.2498512,0.02824876,6.504272709,0,0,100,16,0,0,14.62291113,1,-20.52354477,-0.089416013,0.547989081,268.0618869,2.453542283
227.891047,0.064166238,14.62291113,0,0,100,16,0,0,10.18178734,1,8.118638425,0.035917478,-2.358804269,15.62736937,0.035278772
231.0450817,0.044068401,10.18178734,0,0,100,16,0,0,14.03491505,1,-4.441123793,-0.020097837,3.154034724,13.65950171,0.034894574
230.4144083,0.060911621,14.03491505,0,0,100,16,0,0,4.902171902,1,3.853127713,0.01684322,-0.630673371,14.47434074,0.033763931
229.2798042,0.02138074,4.902171902,0,0,100,16,0,0,19.65643886,1,-9.132743152,-0.039530881,-1.134604094,10.04921163,0.01905333
233.8796471,0.084045102,19.65643886,0,0,100,16,0,0,6.828010513,1,14.75426696,0.062664362,4.599842883,12.67964486,0.023517563
233.7055802,0.029216292,6.828010513,0,0,100,16,0,0,-1.590861995,1,-12.82842835,-0.05482881,-0.17406693,11.12066473,0.025213097
229.2040622,-0.006940811,-1.590861995,0,0,100,16,0,0,-2.554200742,1,-8.418872508,-0.036157103,-4.501518011,8.766134867,0.035418
229.7754649,-0.011116073,-2.554200742,0,0,100,16,0,0,0.048458874,1,-0.963338747,-0.004175262,0.571402736,5.448311708,0.03816944
234.0497942,0.000207045,0.048458874,0,0,100,16,0,0,7.913373521,1,2.602659616,0.011323118,4.274329298,4.477569102,0.039586244
229.6359434,0.034460518,7.913373521,0,0,100,16,0,0,20.81822415,1,7.864914646,0.034253473,-4.413850786,2.128956035,0.021171216
229.5923918,0.090674713,20.81822415,0,0,100,16,0,0,-4.46396151,1,12.90485063,0.056214195,-0.043551595,4.926998763,0.042659069
234.3598254,-0.019047469,-4.46396151,0,0,100,16,0,0,1.246686841,1,-25.28218566,-0.109722182,4.767433544,4.35237886,0.044955669
229.1244389,0.005441091,1.246686841,0,0,100,16,0,0,19.33826523,1,5.710648351,0.02448856,-5.235386434,5.112556376,0.042734363
232.4725161,0.083185168,19.33826523,0,0,100,16,0,0,10.55952414,1,18.09157839,0.077744077,3.348077187,8.970517647,0.047798809
230.7354419,0.045764639,10.55952414,0,0,100,16,0,0,9.78399901,1,-8.778741091,-0.037420529,-1.737074199,9.499747769,0.047801136
229.6923479,0.042596103,9.78399901,0,0,100,16,0,0,-1.934364343,1,-0.775525125,-0.003168535,-1.043094068,7.292902741,0.039471619
232.429967,-0.008322353,-1.934364343,0,0,100,16,0,0,23.96120925,1,-11.71836335,-0.050918457,2.737619142,7.798822174,0.036186727
231.022865,0.103717912,23.96120925,0,0,100,16,0,0,8.402598816,1,25.89557359,0.112040266,-1.407101981,12.34172666,0.043022435
232.6524155,0.036116534,8.402598816,0,0,100,16,0,0,16.00684502,1,-15.55861043,-0.067601379,1.629550441,10.15459337,0.039909549
229.1051387,0.069866809,16.00684502,0,0,100,16,0,0,-5.404810072,1,7.604246199,0.033750275,-3.547276787,11.24405755,0.041599607
229.7441807,-0.02352534,-5.404810072,0,0,100,16,0,0,-10.59964817,1,-21.41165509,-0.09339215,0.639042034,8.206295733,0.053008268
230.8818209,-0.04590941,-10.59964817,0,0,100,16,0,0,8.62360615,1,-5.194838096,-0.022384069,1.137640203,6.473238968,0.062588652
228.7190821,0.037703921,8.62360615,0,0,100,16,0,0,12.42342972,1,19.22325432,0.083613331,-2.162738806,3.405718348,0.047869064
230.8188176,0.053823297,12.42342972,0,0,100,16,0,0,-3.371866027,1,3.799823566,0.016119376,2.099735471,4.209884528,0.050422509
233.5422814,-0.014437925,-3.371866027,0,0,100,16,0,0,18.86397375,1,-15.79529574,-0.068261222,2.723463839,0.33414232,0.04235677
228.1038887,0.082699045,18.86397375,0,0,100,16,0,0,7.175810585,1,22.23583978,0.09713697,-5.438392742,5.187899084,0.052153884
229.3353502,0.031289597,7.175810585,0,0,100,16,0,0,23.60054201,1,-11.68816316,-0.051409448,1.231461502,8.742990835,0.035507049
228.6169602,0.103231807,23.60054201,0,0,100,16,0,0,14.56452108,1,16.42473142,0.071942211,-0.718390025,11.73837801,0.045855939
228.6049732,0.06371043,14.56452108,0,0,100,16,0,0,1.535211572,1,-9.036020926,-0.039521378,-0.011986921,12.16659628,0.04620268
229.7163475,0.006683075,1.535211572,0,0,100,16,0,0,1.44284386,1,-13.02930951,-0.057027355,1.111374247,13.1480118,0.038840385
229.678551,0.006282014,1.44284386,0,0,100,16,0,0,6.958749781,1,-0.092367712,-0.000401061,-0.037796524,9.663785821,0.041407013
230.3332425,0.030211661,6.958749781,0,0,100,16,0,0,7.317176403,1,5.515905921,0.023929647,0.654691501,9.62037366,0.041481016
231.600554,0.03159395,7.317176403,0,0,100,16,0,0,-5.086915651,1,0.358426622,0.00138229,1.267311576,6.363700539,0.023551346
232.4327237,-0.02188554,-5.086915651,0,0,100,16,0,0,17.84814978,1,-12.40409205,-0.05347949,0.832169657,2.433413193,0.021878404
228.421015,0.078137074,17.84814978,0,0,100,16,0,0,31.19990455,1,22.93506543,0.100022614,-4.011708707,5.696000835,0.036887395
231.0047282,0.135061757,31.19990455,0,0,100,16,0,0,-8.030199472,1,13.35175477,0.056924683,2.583713172,11.64741297,0.058998186
227.3682376,-0.035318035,-8.030199472,0,0,100,16,0,0,-3.105594696,1,-39.23010402,-0.170379793,-3.636490567,8.649623123,0.07077015
228.6932893,-0.013579737,-3.105594696,0,0,100,16,0,0,18.16753318,1,4.924604776,0.021738299,1.325051675,6.565068903,0.074500662
230.8833022,0.078687081,18.16753318,0,0,100,16,0,0,1.504829955,1,21.27312787,0.092266818,2.190012964,11.21595867,0.070996238
231.4843967,0.006500784,1.504829955,0,0,100,17,0,0,21.47821957,1,-16.66270322,-0.072186298,0.601094493,7.947294703,0.070772659
232.9928815,0.092184016,21.47821957,0,0,100,17,0,0,-4.396760116,1,19.97338962,0.085683233,1.508484734,6.002957707,0.0567064
228.4848738,-0.019243112,-4.396760116,0,0,100,17,0,0,5.706825325,1,-25.87497969,-0.111427129,-4.50800768,6.729645578,0.052696375
227.8382217,0.025047708,5.706825325,0,0,100,17,0,0,6.482474213,1,10.10358544,0.044290821,-0.646652082,8.492129582,0.047483604
234.7813694,0.027610684,6.482474213,0,0,100,17,0,0,8.29221579,1,0.775648889,0.002562976,6.943147695,6.15511779,0.04126167
232.0887937,0.035728635,8.29221579,0,0,100,17,0,0,-0.079449793,1,1.809741576,0.008117951,-2.6925757,7.512594957,0.039777892
230.7783077,-0.000344269,-0.079449793,0,0,100,17,0,0,21.46998709,1,-8.371665583,-0.036072904,-1.310486036,3.201061084,0.022858317
230.3393949,0.093210226,21.46998709,0,0,100,17,0,0,19.11846873,1,21.54943688,0.093554495,-0.438912745,8.374410525,0.034583265
229.2717263,0.083387817,19.11846873,0,0,100,17,0,0,11.97830822,1,-2.35151836,-0.009822409,-1.067668617,11.05673921,0.039369112
229.4571016,0.052202822,11.97830822,0,0,100,17,0,0,17.53796377,1,-7.140160515,-0.031184995,0.185375306,12.15590601,0.03769846
232.341772,0.075483473,17.53796377,0,0,100,17,0,0,9.428584611,1,5.559655557,0.023280651,2.884670357,14.0050556,0.037379035
225.6897729,0.041776747,9.428584611,0,0,100,17,0,0,1.785115304,1,-8.109379161,-0.033706725,-6.651999049,15.90666248,0.021553452
231.8003197,0.007701091,1.785115304,0,0,100,17,0,0,18.04628576,1,-7.643469307,-0.034075657,6.110546753,11.96968813,0.030014817
230.4495663,0.078309046,18.04628576,0,0,100,17,0,0,-1.685206692,1,16.26117046,0.070607956,-1.350753403,11.75525153,0.028751045
231.2294962,-0.007288026,-1.685206692,0,0,100,17,0,0,19.9739901,1,-19.73149246,-0.085597073,0.77992998,9.022548552,0.038749082
227.2853568,0.087880673,19.9739901,0,0,100,17,0,0,13.67540086,1,21.65919679,0.095168699,-3.944139469,9.509753817,0.04191847
230.6093023,0.059301168,13.67540086,0,0,100,17,0,0,27.72730235,1,-6.298589234,-0.028579505,3.323945505,10.35911707,0.042655161
228.229827,0.121488513,27.72730235,0,0,100,17,0,0,13.58412383,1,14.05190149,0.062187346,-2.379475294,15.54755448,0.047713929
234.7331963,0.057870485,13.58412383,0,0,100,17,0,0,45.00850521,1,-14.14317852,-0.063618029,6.503369274,14.65512209,0.04747825
230.3577277,0.195385263,45.00850521,0,0,100,17,0,0,15.30430159,1,31.42438138,0.137514778,-4.375468566,23.99386447,0.057101057
228.3630909,0.067017404,15.30430159,0,0,100,17,0,0,-5.54924744,1,-29.70420362,-0.128367859,-1.994636815,23.05992677,0.059327526
227.3918492,-0.024403898,-5.54924744,0,0,100,17,0,0,27.47420776,1,-20.85354903,-0.091421302,-0.971241704,19.21499711,0.081445126
231.4213739,0.118719405,27.47420776,0,0,100,17,0,0,8.333748242,1,33.0234552,0.143123303,4.029524757,19.16437819,0.081130793
233.3197656,0.035718141,8.333748242,0,0,100,17,0,0,7.098821895,1,-19.14045952,-0.083001264,1.898391667,18.11430307,0.083413299
231.4421377,0.030672124,7.098821895,0,0,100,17,0,0,19.88220654,1,-1.234926347,-0.005046017,-1.877627844,10.53236641,0.052502799
227.4626105,0.08740868,19.88220654,0,0,100,17,0,0,32.32069357,1,12.78338464,0.056736556,-3.979527216,11.4479474,0.055304912
228.372306,0.141526327,32.32069357,0,0,100,17,0,0,-3.780349981,1,12.43848703,0.054117647,0.909695461,19.0219356,0.04922967
226.5820583,-0.016684242,-3.780349981,0,0,100,17,0,0,2.092659193,1,-36.10104355,-0.158210569,-1.790247677,12.77102405,0.060491203
230.5137767,0.009078239,2.092659193,0,0,100,17,0,0,26.14928876,1,5.873009175,0.025762482,3.931718414,11.52280624,0.063778175
227.5959416,0.114893476,26.14928876,0,0,100,17,0,0,10.04957574,1,24.05662956,0.105815236,-2.917835172,15.33289962,0.068231511
232.7505471,0.043177453,10.04957574,0,0,100,17,0,0,29.58828591,1,-16.09971301,-0.071716023,5.154605593,13.36637346,0.067829758
232.0954321,0.127483276,29.58828591,0,0,100,17,0,0,12.21411955,1,19.53871017,0.084305823,-0.65511509,12.81989193,0.063691692
230.5957592,0.052967668,12.21411955,0,0,100,17,0,0,15.43449754,1,-17.37416636,-0.074515608,-1.499672874,16.01878583,0.050098926
229.4577938,0.067265083,15.43449754,0,0,100,17,0,0,19.30590897,1,3.220377992,0.014297415,-1.137965428,18.6871535,0.037796638
228.9963439,0.084306625,19.30590897,0,0,100,17,0,0,6.146269027,1,3.871411428,0.017041542,-0.461449887,17.31847755,0.033162579
228.9167356,0.026849365,6.146269027,0,0,100,17,0,0,14.91369265,1,-13.15963995,-0.05745726,-0.079608274,16.5378162,0.037592623
230.5721666,0.064681236,14.91369265,0,0,100,17,0,0,-7.575644242,1,8.767423618,0.03783187,1.655431006,13.60289755,0.021276964
233.7665375,-0.03240688,-7.575644242,0,0,100,17,0,0,15.28787281,1,-22.48933689,-0.097088116,3.19437092,9.644944789,0.046659518
231.3972685,0.066067646,15.28787281,0,0,100,17,0,0,-2.835429027,1,22.86351705,0.098474526,-2.369269013,9.615619843,0.046501118
227.863927,-0.012443519,-2.835429027,0,0,100,17,0,0,1.639704149,1,-18.12330184,-0.078511165,-3.53334151,5.187352243,0.044531214
233.5199912,0.007021686,1.639704149,0,0,100,17,0,0,24.63402793,1,4.475133176,0.019465205,5.656064223,4.286039267,0.044933606
229.8435433,0.107177376,24.63402793,0,0,100,17,0,0,9.933595074,1,22.99432378,0.10015569,-3.676447906,6.230106324,0.057962832
226.4288704,0.043870709,9.933595074,0,0,100,17,0,0,12.02866987,1,-14.70043286,-0.063306667,-3.414672876,9.731954188,0.047481172
227.4074475,0.052894793,12.02866987,0,0,100,17,0,0,3.808313962,1,2.095074801,0.009024084,0.978577049,9.0801136,0.046183093
227.9801724,0.016704584,3.808313962,0,0,100,17,0,0,28.41302614,1,-8.220355913,-0.036190209,0.572724884,10.4088622,0.039278452
230.7224154,0.123148096,28.41302614,0,0,100,17,0,0,22.50478118,1,24.60471218,0.106443512,2.742243007,15.7635266,0.044763008
227.7583439,0.098809909,22.50478118,0,0,100,17,0,0,25.43407967,1,-5.90824496,-0.024338187,-2.964071507,15.33767725,0.0430929
230.2293179,0.11047281,25.43407967,0,0,100,17,0,0,7.594301797,1,2.929298491,0.011662901,2.470973996,18.43777416,0.044396905
231.0931272,0.032862517,7.594301797,0,0,100,17,0,0,30.40045402,1,-17.83977787,-0.077610293,0.863809336,17.55090055,0.048237952
230.9191712,0.131649762,30.40045402,0,0,100,17,0,0,20.91175149,1,22.80615223,0.098787246,-0.173956052,22.86932856,0.039224388
228.2913152,0.09160117,20.91175149,0,0,100,17,0,0,20.87984505,1,-9.488702538,-0.040048593,-2.627855971,21.36907363,0.036916461
231.0817658,0.090356956,20.87984505,0,0,100,17,0,0,7.283096446,1,-0.031906431,-0.001244213,2.790450667,21.04408641,0.036781722
230.4924881,0.031597977,7.283096446,0,0,100,17,0,0,18.39331677,1,-13.59674861,-0.058758979,-0.589277797,17.41388976,0.04294779
228.6182502,0.08045428,18.39331677,0,0,100,17,0,0,25.80822608,1,11.11022032,0.048856303,-1.874237818,19.57369276,0.035779971
231.2104724,0.111622219,25.80822608,0,0,100,17,0,0,10.49201952,1,7.41490931,0.031167939,2.592222172,18.65524717,0.029910012
230.7588271,0.045467468,10.49201952,0,0,100,17,0,0,13.30374364,1,-15.31620656,-0.066154752,-0.451645351,16.57130077,0.032842889
228.5763475,0.058202626,13.30374364,0,0,100,17,0,0,22.40540466,1,2.811724123,0.012735158,-2.182479601,15.05608049,0.031443544
231.0988247,0.096951617,22.40540466,0,0,100,17,0,0,7.622393119,1,9.101661019,0.038748991,2.52247724,18.08054213,0.027131561
231.1951746,0.032969516,7.622393119,0,0,100,17,0,0,-1.513213977,1,-14.78301154,-0.0639821,0.096349941,15.9263574,0.033787929
231.2916493,-0.00654245,-1.513213977,0,0,100,17,0,0,-7.276905089,1,-9.135607095,-0.039511966,0.096474665,10.46206939,0.037663031
227.6828538,-0.031960707,-7.276905089,0,0,100.0000728,18,0,0,17.18971917,0,-5.763691112,-0.025418258,-3.608795541,6.908284472,0.051139946
230.7608672,0.074491483,17.18971917,0,0,99.99990087,18,0,0,9.122902522,0,24.46662426,0.10645219,3.078013405,7.685479578,0.053839314
231.6618326,0.039380257,9.122902522,0,0,99.99980964,18,0,0,12.36780977,0,-8.06681665,-0.035111226,0.900965393,5.02897915,0.041544062
226.6078469,0.05457803,12.36780977,0,0,99.99968596,18,0,0,-22.64619402,0,3.244907248,0.015197773,-5.053985683,5.97806248,0.044061358
226.3244773,-0.100060737,-22.64619402,0,0,99.99991243,18,0,0,14.93998721,0,-35.01400379,-0.154638767,-0.283369533,1.751466471,0.072192071
231.0713162,0.064655308,14.93998721,0,0,99.99976303,18,0,0,5.753608029,0,37.58618123,0.164716045,4.746838866,6.194844931,0.071991054
228.3795248,0.025193187,5.753608029,0,0,99.99970549,18,0,0,15.15149877,0,-9.18637918,-0.039462122,-2.691791399,3.907622702,0.066996348
231.7292929,0.065384478,15.15149877,0,0,99.99955398,18,0,0,25.37321149,0,9.397890744,0.040191291,3.349768082,5.113341952,0.070128496
228.4813097,0.111051585,25.37321149,0,0,99.99930024,18,0,0,-4.808270035,0,10.22171272,0.045667107,-3.247983207,7.714422296,0.080480851
230.4781799,-0.020862149,-4.808270035,0,0,99.99934833,18,0,0,44.39523363,0,-30.18148153,-0.131913733,1.996870237,11.28200709,0.049526224
228.9442009,0.193912899,44.39523363,0,0,99.99890437,18,0,0,2.86905111,0,49.20350366,0.214775047,-1.533979071,17.17305638,0.082466209
230.9493807,0.012422857,2.86905111,0,0,99.99887568,18,0,0,1.756786418,0,-41.52618252,-0.181490042,2.005179808,16.59614499,0.084563041
227.3338062,0.007727783,1.756786418,0,0,99.99885812,18,0,0,28.55156578,0,-1.112264692,-0.004695073,-3.615574464,13.91720252,0.089540448
229.2883092,0.124522554,28.55156578,0,0,99.9985726,18,0,0,35.8818812,0,26.79477937,0.11679477,1.954503013,14.55287338,0.091607386
232.2880463,0.154471493,35.8818812,0,0,99.99821378,18,0,0,1.091189585,0,7.330315415,0.029948939,2.99973706,22.69090363,0.084502086
230.1695353,0.004740808,1.091189585,0,0,99.99820287,18,0,0,-3.080977366,0,-34.79069161,-0.149730684,-2.11851101,14.03009482,0.072688635
226.2970269,-0.01361475,-3.080977366,0,0,99.99823368,18,0,0,18.78461914,0,-4.172166951,-0.018355558,-3.872508374,12.84008912,0.077773668
230.5144158,0.081489997,18.78461914,0,0,99.99804583,18,0,0,0.965080969,0,21.86559651,0.095104747,4.217388935,16.24565567,0.073297053
231.878298,0.004162015,0.965080969,0,0,99.99803618,18,0,0,12.57372561,0,-17.81953817,-0.077327982,1.363882227,10.72835871,0.070767133
231.1998285,0.054384667,12.57372561,0,0,99.99791044,18,0,0,2.54265894,0,11.60864464,0.050222652,-0.678469531,6.066727588,0.03994602
232.8588132,0.010919316,2.54265894,0,0,99.99788502,18,0,0,9.799877467,0,-10.03106667,-0.043465351,1.658984731,6.357021459,0.039203646
227.6938687,0.043039707,9.799877467,0,0,99.99778702,18,0,0,20.63269885,0,7.257218527,0.032120391,-5.16494455,8.933192426,0.031860694
233.5163524,0.088356548,20.63269885,0,0,99.99758069,18,0,0,29.10646801,0,10.83282139,0.045316841,5.82248368,9.302808368,0.034221385
230.9602913,0.126023689,29.10646801,0,0,99.99728963,18,0,0,23.68355259,0,8.473769155,0.037667141,-2.556061098,14.93108578,0.044124945
230.6380802,0.102687087,23.68355259,0,0,99.99705279,18,0,0,31.50610545,0,-5.422915419,-0.023336602,-0.322211045,17.15305117,0.04656454
232.5220665,0.135497271,31.50610545,0,0,99.99673773,18,0,0,20.84894252,0,7.822552865,0.032810184,1.883986269,22.94574047,0.036471529
229.3735686,0.09089514,20.84894252,0,0,99.99652924,18,0,0,5.311067569,0,-10.65716293,-0.044602131,-3.148497878,25.15555349,0.021125978
230.3543943,0.023056072,5.311067569,0,0,99.99647613,18,0,0,22.09286876,0,-15.53787495,-0.067839067,0.980825703,22.09122723,0.044306805
233.3300779,0.094685044,22.09286876,0,0,99.9962552,18,0,0,3.25691099,0,16.78180119,0.071628972,2.975683569,20.68850738,0.041027986
231.421157,0.014073523,3.25691099,0,0,99.99622263,18,0,0,25.63938244,0,-18.83595777,-0.080611521,-1.908920941,16.60317906,0.051608824
228.8870742,0.112017608,25.63938244,0,0,99.99596624,18,0,0,9.525459034,0,22.38247145,0.097944084,-2.534082788,15.42983446,0.044989694
230.0257952,0.041410395,9.525459034,0,0,99.99587098,18,0,0,28.467083,0,-16.11392341,-0.070607213,1.138720996,13.16513776,0.043832056
232.0441732,0.122679586,28.467083,0,0,99.99558631,18,0,0,3.148134049,0,18.94162397,0.081269191,2.018378019,17.79634085,0.04704247
228.6354943,0.013769227,3.148134049,0,0,99.99555483,18,0,0,18.79373368,0,-25.31894896,-0.108910358,-3.40867886,14.0073939,0.052970605
230.8201738,0.081421539,18.79373368,0,0,99.9953669,18,0,0,11.55756945,0,15.64559963,0.067652311,2.184679492,17.11475844,0.046259083
227.6101581,0.050777916,11.55756945,0,0,99.99525132,18,0,0,23.50909561,0,-7.236164232,-0.030643623,-3.210015766,14.29839584,0.04163917
227.0369036,0.103547464,23.50909561,0,0,99.99501623,18,0,0,6.705492892,0,11.95152615,0.052769548,-0.573254478,17.09512316,0.043196877
232.238606,0.028873291,6.705492892,0,0,99.99494917,18,0,0,-4.049273734,0,-16.80360271,-0.074674173,5.201702377,12.74280514,0.036922432
232.8577911,-0.017389471,-4.049273734,0,0,99.99498967,18,0,0,-1.640228773,0,-10.75476663,-0.046262762,0.619185151,11.30332358,0.047014343
231.3703125,-0.007089193,-1.640228773,0,0,99.99500607,18,0,0,-6.438293985,0,2.409044961,0.010300278,-1.487478603,7.216531089,0.048601397
232.0356509,-0.027747003,-6.438293985,0,0,99.99507045,18,0,0,23.53000869,0,-4.798065212,-0.02065781,0.665338419,3.617358401,0.053366751
230.2707326,0.102184105,23.53000869,0,0,99.99483515,18,0,0,-2.226271514,0,29.96830267,0.129931108,-1.764918279,3.621541017,0.052808419
228.5333892,-0.009741559,-2.226271514,0,0,99.99485741,18,0,0,15.9283915,0,-25.7562802,-0.111925664,-1.737343396,1.835188136,0.053234285
227.8099905,0.069919636,15.9283915,0,0,99.99469813,18,0,0,11.76659955,0,18.15466302,0.079661195,-0.72339879,5.830721183,0.056993031
226.9591415,0.051844572,11.76659955,0,0,99.99458046,18,0,0,12.41041403,0,-4.161791955,-0.018075064,-0.850848942,8.512086848,0.054611246
227.8017771,0.054479004,12.41041403,0,0,99.99445636,18,0,0,5.318731215,0,0.643814483,0.002634432,0.842635577,12.28182845,0.040751255
229.7324108,0.023151854,5.318731215,0,0,99.99440317,18,0,0,16.56573046,0,-7.091682817,-0.031327151,1.930633677,8.639572957,0.031550724
230.6290262,0.071828472,16.56573046,0,0,99.99423752,18,0,0,1.970670744,0,11.24699925,0.048676618,0.896615483,12.39797335,0.019541451
226.9960275,0.008681521,1.970670744,0,0,99.99421781,18,0,0,10.5294197,0,-14.59505972,-0.063146951,-3.632998796,9.606429201,0.025533079
227.8309222,0.046215938,10.5294197,0,0,99.99411251,18,0,0,30.76675604,0,8.558748957,0.037534417,0.834894771,9.358993231,0.025110963
232.6774081,0.132229237,30.76675604,0,0,99.99380485,18,0,0,42.22178557,0,20.23733634,0.086013299,4.846485888,13.03026163,0.048668049
231.894382,0.182073344,42.22178557,0,0,99.99338263,18,0,0,11.22502348,0,11.45502953,0.049844107,-0.783026082,20.4108725,0.069109795
229.3663997,0.048939267,11.22502348,0,0,99.99327038,18,0,0,12.04224084,0,-30.99676209,-0.133134077,-2.527982278,19.34273111,0.07119254
234.3239782,0.051391415,12.04224084,0,0,99.99314996,18,0,0,15.38499127,0,0.817217355,0.002452148,4.957578485,21.35704513,0.061909044
229.9017182,0.066919862,15.38499127,0,0,99.99299611,18,0,0,4.831605691,0,3.342750425,0.015528447,-4.422260046,22.32815944,0.058674928
229.2606715,0.021074725,4.831605691,0,0,99.99294779,18,0,0,17.62105844,0,-10.55338557,-0.045845137,-0.641046734,17.14112937,0.062590369
233.2181828,0.075556109,17.62105844,0,0,99.99277158,18,0,0,13.13581309,0,12.78945275,0.054481384,3.9575113,12.22098394,0.020860193
231.5747609,0.056723855,13.13581309,0,0,99.99264022,18,0,0,2.954718259,0,-4.485245348,-0.018832254,-1.643421902,12.60314187,0.020792615
229.8059298,0.01285745,2.954718259,0,0,99.99261067,18,0,0,13.10828962,0,-10.18109483,-0.043866405,-1.768831097,10.78563735,0.02803543
231.3235293,0.056666478,13.10828962,0,0,99.99247959,18,0,0,10.18579596,0,10.15357136,0.043809028,1.517599576,10.33029702,0.026513645
230.33995,0.044220709,10.18579596,0,0,99.99237773,19,0,0,15.11018672,0,-2.922493663,-0.012445768,-0.983579326,11.40113507,0.023197927
232.8650377,0.064888172,15.11018672,0,0,99.99222663,19,0,0,17.24230122,0,4.924390758,0.020667463,2.52508774,10.89896073,0.0205024
224.3805013,0.076844027,17.24230122,0,0,99.99205421,19,0,0,16.8873072,0,2.132114499,0.011955854,-8.484536479,11.72025835,0.024462581
230.711149,0.073196754,16.8873072,0,0,99.99188534,19,0,0,23.04676243,0,-0.354994018,-0.003647273,6.330647782,14.50677614,0.013151408
231.8197141,0.099416749,23.04676243,0,0,99.99165487,19,0,0,-10.52557339,0,6.159455233,0.026219996,1.108565099,16.4944707,0.019990191
229.9138218,-0.045780516,-10.52557339,0,0,99.99176012,19,0,0,253.0189131,0,-33.57233582,-0.145197265,-1.905892365,12.35219683,0.057068682
229.9630513,1.100258983,253.0189131,1,0,99.98922994,19,1,0,110.627497,0,263.5444865,1.146039499,0.049229562,59.93394211,0.47269502
231.6499859,0.47756315,110.627497,1,0,99.98812366,19,1,0,89.86702941,0,-142.3914161,-0.622695833,1.686934515,78.61098127,0.467654757
229.6950697,0.391244921,89.86702941,1,0,99.98722499,19,1,0,98.76622972,0,-20.7604676,-0.086318229,-1.954916208,93.20692571,0.443120415
229.8306888,0.429734733,98.76622972,1,0,99.98623733,19,1,0,85.28716686,0,8.899200311,0.038489812,0.135619104,108.3508192,0.409614134
227.869345,0.374281002,85.28716686,1,0,99.98538446,19,1,0,77.05234789,0,-13.47906285,-0.055453731,-1.961343779,127.5133672,0.307599398
225.0771389,0.342337513,77.05234789,1,0,99.98461393,19,1,0,87.87065719,0,-8.23481897,-0.03194349,-2.792206054,92.32005418,0.052242952
228.2049113,0.38505156,87.87065719,1,0,99.98373523,19,1,0,101.3505814,0,10.81830929,0.042714048,3.127772358,87.76868621,0.031520144
231.4613785,0.437872539,101.3505814,1,0,99.98272172,19,1,0,104.1515908,0,13.47992426,0.052820978,3.256467204,90.06539662,0.039810779
229.1507186,0.454511299,104.1515908,1,0,99.9816802,19,1,0,117.6258604,0,2.801009327,0.01663876,-2.310659845,91.14246883,0.046391338
232.2655064,0.50642845,117.6258604,1,0,99.98050395,19,1,0,93.60863219,0,13.47426968,0.051917151,3.114787732,97.61020755,0.063434784
228.1066942,0.41037214,93.60863219,1,0,99.97956786,19,1,0,100.2570178,0,-24.01722826,-0.09605631,-4.158812218,100.9214644,0.046147425
227.4950173,0.44069984,100.2570178,1,0,99.97856529,19,1,0,102.0473767,0,6.648385577,0.0303277,-0.611676808,103.3987365,0.035385218
229.4266593,0.44479302,102.0473767,1,0,99.97754482,19,1,0,82.68152745,0,1.790358893,0.00409318,1.931641967,103.5380956,0.034925756
227.2319643,0.363863982,82.68152745,1,0,99.976718,19,1,0,92.77247341,0,-19.3658492,-0.080929038,-2.194695045,99.2440829,0.052157553
229.6353397,0.403999112,92.77247341,1,0,99.97579028,19,1,0,116.8816729,0,10.09094595,0.04013513,2.403375426,94.27340549,0.032710945
232.7887816,0.502093237,116.8816729,1,0,99.97462146,19,1,0,112.8327315,0,24.10919946,0.098094125,3.1534419,98.92801363,0.051417009
227.9611544,0.494964731,112.8327315,1,0,99.97349313,19,1,0,106.6945331,0,-4.048941343,-0.007128506,-4.827627176,101.4431564,0.059104884
228.492087,0.46695067,106.6945331,1,0,99.97242619,19,1,0,98.5189753,0,-6.138198373,-0.028014061,0.530932579,102.3725877,0.060192661
226.2917037,0.435362736,98.5189753,1,0,99.971441,19,1,0,100.9967508,0,-8.175557852,-0.031587934,-2.200383293,105.5400772,0.041181024
230.1904528,0.438752996,100.9967508,1,0,99.97043103,19,1,0,117.3464645,0,2.47777553,0.00339026,3.89874909,107.1849327,0.030864305
229.777283,0.510696545,117.3464645,1,0,99.96925756,19,1,0,100.4482286,0,16.34971367,0.071943549,-0.413169766,107.2778911,0.033401791
231.6546188,0.433612026,100.4482286,1,0,99.96825308,19,1,0,114.6644349,0,-16.89823592,-0.077084519,1.877335741,104.8009905,0.032902995
226.5568715,0.506117665,114.6644349,1,0,99.96710644,19,1,0,85.74481835,0,14.21620633,0.072505639,-5.097747228,106.3949708,0.039784646
231.4254993,0.37050722,85.74481835,1,0,99.96624899,19,1,0,109.0999095,0,-28.91961657,-0.135610446,4.868627769,103.8401394,0.058156385
227.6872938,0.47916556,109.0999095,1,0,99.96515799,19,1,0,92.39175046,0,23.35509115,0.10865834,-3.738205559,105.4607712,0.058671923
230.9609711,0.400031876,92.39175046,1,0,99.96423407,19,1,0,121.4724701,0,-16.70815905,-0.079133684,3.273677304,100.4698284,0.05556677
230.8225393,0.526259136,121.4724701,1,0,99.96301935,19,1,0,111.9788595,0,29.0807196,0.12622726,-0.138431752,104.6746767,0.067870004
230.0694244,0.486717693,111.9788595,1,0,99.96189956,19,1,0,89.76991717,0,-9.493610595,-0.039541443,-0.753114874,104.1375616,0.0648036
229.2923877,0.391508493,89.76991717,1,0,99.96100186,19,1,0,95.78150577,0,-22.2089423,-0.0952092,-0.777036689,104.9425813,0.058535115
231.564111,0.413628456,95.78150577,1,0,99.96004404,19,1,0,97.54102921,0,6.011588603,0.022119963,2.271723257,102.2789006,0.059585367
232.0429409,0.420357667,97.54102921,1,0,99.95906863,19,1,0,113.0666538,0,1.759523437,0.00672921,0.478829942,103.3087563,0.056479812
231.6421382,0.488109179,113.0666538,1,0,99.95793797,19,1,0,110.9899802,0,15.52562464,0.067751512,-0.40080272,101.6275931,0.044524491
228.5672116,0.485590122,110.9899802,1,0,99.95682807,19,1,0,106.4479078,0,-2.076673603,-0.002519056,-3.074926581,101.4298172,0.044231008
232.5932192,0.45765697,106.4479078,1,0,99.95576359,19,1,0,109.1230065,0,-4.5420724,-0.027933153,4.026007598,104.7654154,0.035114366
229.5597738,0.475357702,109.1230065,1,0,99.95467236,19,1,0,115.0937719,0,2.67509864,0.017700732,-3.033445391,107.4337155,0.027889375
226.7360531,0.507611253,115.0937719,1,0,99.95352142,19,1,0,96.70778199,0,5.970765438,0.032253551,-2.823720781,110.9442641,0.01829692
227.8875967,0.42436615,96.70778199,1,0,99.95255434,19,1,0,99.21516305,0,-18.38598993,-0.083245103,1.15154368,107.6724897,0.03130932
230.2576701,0.430887549,99.21516305,1,0,99.95156219,19,1,0,99.6867544,0,2.507381062,0.006521399,2.370073324,105.3175263,0.03399298
228.1317963,0.436970015,99.6867544,1,0,99.95056532,19,1,0,103.5674892,0,0.471591346,0.006082466,-2.125873754,103.9652956,0.035451713
233.1957816,0.444122481,103.5674892,1,0,99.94952965,19,1,0,100.1833932,0,3.880734757,0.007152467,5.063985281,102.8541921,0.033684046
228.0668219,0.439272106,100.1833932,1,0,99.94852782,19,1,0,102.7249726,0,-3.384095929,-0.004850375,-5.128959648,99.87211636,0.007669193
228.8831438,0.448809689,102.7249726,1,0,99.94750057,19,1,0,116.1102334,0,2.541579407,0.009537583,0.816321872,101.0755545,0.006843831
234.1795639,0.495817105,116.1102334,1,0,99.94633946,19,1,0,94.97514262,0,13.38526074,0.047007416,5.296420032,104.4545686,0.024367442
230.642652,0.411784819,94.97514262,1,0,99.94538971,19,1,0,82.28766507,0,-21.13509076,-0.084032286,-3.53691182,103.5122462,0.030372168
225.9294105,0.364218474,82.28766507,1,0,99.94456684,19,1,0,114.3549238,0,-12.68747755,-0.047566345,-4.713241571,99.25628138,0.048505306
232.6903392,0.491446805,114.3549238,1,0,99.94342329,19,1,0,113.3680101,0,32.06725872,0.127228331,6.760928726,102.0905875,0.055564601
228.7751953,0.495543277,113.3680101,1,0,99.94228961,19,1,0,121.3759237,0,-0.986913707,0.004096472,-3.915143876,104.219195,0.060610602
231.4105501,0.524504711,121.3759237,1,0,99.94107585,19,1,0,116.0113084,0,8.007913576,0.028961433,2.635354755,105.272333,0.066859234
231.8047255,0.500469989,116.0113084,1,0,99.93991573,19,1,0,97.75945453,0,-5.364615293,-0.024034722,0.394175417,109.4795662,0.063372366
226.5742852,0.431467562,97.75945453,1,0,99.93893814,19,1,0,88.37765695,0,-18.25185383,-0.069002426,-5.230440284,112.5739241,0.034461705
229.1267056,0.385715217,88.37765695,1,0,99.93805436,19,1,0,117.7707691,0,-9.381797579,-0.045752346,2.552420432,107.3784707,0.057249589
234.4835902,0.502255911,117.7707691,1,0,99.93687665,19,1,0,94.905499,0,29.39311216,0.116540694,5.356884587,108.2590225,0.058142194
230.0032551,0.412626765,94.905499,1,0,99.9359276,19,1,0,60.36335188,0,-22.86527012,-0.089629146,-4.480335155,102.9649376,0.052653682
228.715787,0.263922979,60.36335188,1,0,99.93532397,19,1,0,118.6404281,0,-34.54214712,-0.148703785,-1.287468108,91.8353463,0.087068516
230.665605,0.514339483,118.6404281,1,0,99.93413756,20,1,0,114.2251155,0,58.27707621,0.250416504,1.949818091,96.01154101,0.101447577
230.763517,0.494987756,114.2251155,1,0,99.93299531,20,1,0,116.0343593,0,-4.415312629,-0.019351727,0.097911996,101.1810327,0.105059574
229.5419366,0.505503966,116.0343593,1,0,99.93183497,20,1,0,103.7415634,0,1.80924384,0.01051621,-1.221580413,100.8337507,0.105567911
233.498042,0.444293076,103.7415634,1,0,99.93079755,20,1,0,103.4459088,0,-12.2927959,-0.061210889,3.95610535,102.6009636,0.104589787
231.1416653,0.447543322,103.4459088,1,0,99.92976309,20,1,0,117.247308,0,-0.295654636,0.003250246,-2.356376674,111.217475,0.033067409
228.066752,0.514092067,117.247308,1,0,99.92859062,20,1,0,100.8023597,0,13.80139919,0.066548745,-3.074913274,110.938851,0.033005798
227.5349048,0.443019324,100.8023597,1,0,99.9275826,20,1,0,64.23928985,0,-16.4449483,-0.071072743,-0.531847239,108.2542998,0.035685374
232.1513314,0.276712994,64.23928985,1,0,99.9269402,20,1,0,109.2975286,0,-36.5630698,-0.16630633,4.616426562,97.89528593,0.088220555
227.8151502,0.479764092,109.2975286,1,0,99.92584723,20,1,0,109.2238831,0,45.05823878,0.203051098,-4.336181123,99.00647897,0.091511385
233.2959839,0.468177297,109.2238831,1,0,99.92475499,20,1,0,92.47082263,0,-0.073645551,-0.011586795,5.480833652,100.1620738,0.092830548
230.2331019,0.401639998,92.47082263,1,0,99.92383028,20,1,0,117.0258494,0,-16.75306045,-0.066537299,-3.062881981,95.20677677,0.082314358
229.2016191,0.510580378,117.0258494,1,0,99.92266002,20,1,0,103.2660027,0,24.55502674,0.10894038,-1.031482826,98.45147471,0.093131506
231.5360417,0.446004008,103.2660027,1,0,99.92162736,20,1,0,117.6839278,0,-13.75984665,-0.06457637,2.334422651,106.2568173,0.040651065
229.4113196,0.512982219,117.6839278,1,0,99.92045052,20,1,0,98.5910445,0,14.41792507,0.06697821,-2.124722114,107.9340971,0.046700957
226.263142,0.435736212,98.5910445,1,0,99.91946461,20,1,0,105.9613342,0,-19.09288329,-0.077246007,-3.148177589,105.8075294,0.048852734
231.7634295,0.457196092,105.9613342,1,0,99.918405,20,1,0,101.7137846,0,7.370289715,0.02145988,5.50028747,108.5056317,0.036663158
229.8377829,0.44254597,101.7137846,1,0,99.91738786,20,1,0,68.18650217,0,-4.247549658,-0.014650122,-1.925646604,105.4432188,0.031217429
229.5563427,0.297036019,68.18650217,1,0,99.916706,20,1,0,103.4129518,0,-33.52728239,-0.145509951,-0.281440184,98.42731865,0.079830047
227.8364741,0.453891118,103.4129518,1,0,99.91567187,20,1,0,94.80441348,0,35.22644967,0.156855099,-1.71986864,95.57312345,0.067770355
225.325479,0.420744311,94.80441348,1,0,99.91472382,20,1,0,115.1952385,0,-8.60853835,-0.033146806,-2.510995055,94.81579725,0.067077819
226.8897158,0.507714676,115.1952385,1,0,99.91357187,20,1,0,111.9486829,0,20.39082503,0.086970365,1.564236772,96.66257811,0.07806293
229.7541847,0.487254163,111.9486829,1,0,99.91245238,20,1,0,115.6683868,0,-3.246555646,-0.020460513,2.864468922,98.70955777,0.083063385
232.1651393,0.498215999,115.6683868,1,0,99.9112957,20,1,0,101.7871818,0,3.719703954,0.010961837,2.410954581,108.2059347,0.03584115
227.0144592,0.448373122,101.7871818,1,0,99.91027783,20,1,0,106.0572863,0,-13.88120497,-0.049842877,-5.150680129,107.8807807,0.036673632
231.8764446,0.457387064,106.0572863,1,0,99.90921725,20,1,0,81.22296075,0,4.270104419,0.009013942,4.8619854,110.1313553,0.025806639
230.4119172,0.352511978,81.22296075,1,0,99.90840503,20,1,0,109.9326255,0,-24.83432552,-0.104875086,-1.464527375,103.3368997,0.05758896
227.6749616,0.482848991,109.9326255,1,0,99.9073057,20,1,0,109.8064837,0,28.70966473,0.130337013,-2.736955601,102.9336882,0.05688196
230.4910031,0.476402473,109.8064837,1,0,99.90620763,20,1,0,103.821364,0,-0.126141729,-0.006446518,2.816041472,101.7613076,0.052740719
231.4645142,0.44854117,103.821364,1,0,99.90516942,20,1,0,100.2727814,0,-5.985119743,-0.027861303,0.973511179,102.1681441,0.05274465
235.0717966,0.426562364,100.2727814,1,0,99.90416669,20,1,0,98.49504824,0,-3.54858261,-0.021978805,3.607282414,101.0112431,0.052522272
231.5247422,0.425419103,98.49504824,1,0,99.90318174,20,1,0,111.831039,0,-1.777733152,-0.001143261,-3.547054399,104.4656606,0.026984772
230.7078645,0.484730068,111.831039,1,0,99.90206343,20,1,0,91.93219998,0,13.33599071,0.059310965,-0.816877736,104.8453433,0.02753076
229.4320287,0.400694709,91.93219998,1,0,99.90114411,20,1,0,99.48619592,0,-19.89883897,-0.084035359,-1.275835849,101.2704865,0.031513148
230.4451012,0.431713217,99.48619592,1,0,99.90014925,20,1,0,94.4790592,0,7.553995938,0.031018508,1.013072517,100.4034529,0.030890155
226.8426792,0.416495959,94.4790592,1,0,99.89920446,20,1,0,100.5260323,0,-5.007136714,-0.015217258,-3.602421956,99.24470846,0.031796493
227.813918,0.441263788,100.5260323,1,0,99.8981992,20,1,0,106.2414346,0,6.046973112,0.024767829,0.971238782,99.65090528,0.03178981
227.6008571,0.466788377,106.2414346,1,0,99.89713678,20,1,0,97.07373224,0,5.715402331,0.025524589,-0.213060858,98.53298441,0.025073265
228.8873648,0.424111363,97.07373224,1,0,99.89616605,20,1,0,108.9622879,0,-9.16770241,-0.042677014,1.286507615,99.56129087,0.019466173
231.4820501,0.470715927,108.9622879,1,0,99.89507642,20,1,0,103.0134313,0,11.88855563,0.046604564,2.594685364,101.4565093,0.024456542
230.199732,0.447495878,103.0134313,1,0,99.89404629,20,1,0,111.1339021,0,-5.948856611,-0.023220049,-1.282318102,103.1633837,0.019129719
229.776723,0.483660402,111.1339021,1,0,99.89293495,20,1,0,112.5258332,0,8.120470876,0.036164523,-0.423009052,105.2849576,0.023208975
228.0017298,0.493530612,112.5258332,1,0,99.89180969,20,1,0,100.2549024,0,1.391931046,0.00987021,-1.774993218,106.5418373,0.028138649
231.3934717,0.433265907,100.2549024,1,0,99.89080714,20,1,0,100.6344577,0,-12.2709308,-0.060264705,3.391741935,107.1780714,0.02502815
229.1701897,0.439125428,100.6344577,1,0,99.8898008,20,1,0,119.9744226,0,0.379555302,0.005859521,-2.223282034,105.5125053,0.027336888
231.1131866,0.519115436,119.9744226,1,0,99.88860105,20,1,0,90.6248457,0,19.33996487,0.079990007,1.942996947,108.9047036,0.036692416
233.8524448,0.387530033,90.6248457,1,0,99.8876948,20,1,0,-5.192986396,0,-29.34957686,-0.131585402,2.739258167,104.8028923,0.052131523
231.2174975,-0.022459314,-5.192986396,0,0,99.88774673,20,0,0,0.157546703,0,-95.81783209,-0.409989347,-2.634947223,81.25912839,0.214244239
233.4874836,0.000674754,0.157546703,0,0,99.88774516,20,0,0,24.37183681,0,5.3505331,0.023134068,2.269986017,61.23965725,0.256129077
231.4441988,0.105303295,24.37183681,0,0,99.88750144,20,0,0,256.7529599,0,24.21429011,0.104628541,-2.043284799,45.98713308,0.242471128
228.7029395,1.122648272,256.7529599,1,0,99.88493391,20,1,0,96.43921298,0,232.3811231,1.017344977,-2.741259249,73.34284054,0.478052894
233.3749397,0.413237227,96.43921298,1,0,99.88396952,20,1,0,114.9540267,0,-160.3137469,-0.709411045,4.672000181,74.505714,0.479114755
230.2944164,0.499161154,114.9540267,1,0,99.88281998,20,1,0,107.6574935,0,18.51481369,0.085923927,-3.080523268,98.53511661,0.440044853
231.7346612,0.464572252,107.6574935,1,0,99.8817434,20,1,0,120.9473122,0,-7.296533201,-0.034588902,1.440244763,120.035106,0.370829554
230.2339879,0.525323447,120.9473122,1,0,99.88053393,20,1,0,98.86918582,0,13.28981872,0.060751195,-1.500673263,139.350201,0.292405053
230.6311541,0.428689637,98.86918582,1,0,99.87954524,20,1,0,105.4097452,0,-22.07812637,-0.09663381,0.397166218,107.7734462,0.0468955
229.5556613,0.459190353,105.4097452,1,0,99.87849114,20,1,0,106.4734805,0,6.540559425,0.030500716,-1.075492817,109.5675527,0.037479304
229.5273535,0.463881445,106.4734805,1,0,99.87742641,20,1,0,77.92917295,0,1.063735229,0.004691092,-0.028307787,107.8714434,0.035132089
230.6718717,0.337835612,77.92917295,1,0,99.87664711,20,1,0,100.9233467,0,-28.54430752,-0.126045833,1.144518129,101.9257793,0.068446413
227.1735783,0.444256535,100.9233467,1,0,99.87563788,20,1,0,104.4667654,0,22.99417371,0.106420923,-3.498293368,97.92098623,0.051592461
229.6935334,0.454809345,104.4667654,1,0,99.87459321,20,1,0,125.9122814,0,3.543418711,0.01055281,2.519955121,99.04050214,0.053134646
230.0217631,0.547392906,125.9122814,1,0,99.87333409,21,1,0,107.170506,0,21.44551599,0.092583561,0.328229726,103.1410094,0.074689983
228.7944443,0.468413935,107.170506,1,0,99.87226239,21,1,0,108.1271667,0,-18.74177532,-0.07897897,-1.227318893,103.2804145,0.074933222
232.7722751,0.464519095,108.1271667,1,0,99.87118111,21,1,0,111.8816982,0,0.956660611,-0.00389484,3.977830844,109.3200132,0.041057655
231.0365979,0.484259633,111.8816982,1,0,99.8700623,21,1,0,86.44408502,0,3.754531553,0.019740538,-1.735677193,111.5116835,0.037057996
228.3366667,0.378581707,86.44408502,1,0,99.86919786,21,1,0,108.0639882,0,-25.43761318,-0.105677926,-2.699931242,107.9071475,0.060360422
229.5734118,0.47071648,108.0639882,1,0,99.86811722,21,1,0,103.1740401,0,21.6199032,0.092134773,1.236745155,104.3374888,0.042423328
229.7561512,0.449058881,103.1740401,1,0,99.86708548,21,1,0,106.4595118,0,-4.889948103,-0.021657599,0.182739331,103.5381956,0.04157378
228.9051003,0.465081432,106.4595118,1,0,99.86602088,21,1,0,83.01684191,0,3.285471637,0.016022551,-0.851050872,103.2046647,0.041625543
230.5961963,0.360009589,83.01684191,1,0,99.86519071,21,1,0,127.3519835,0,-23.44266985,-0.105071842,1.691096024,97.43169341,0.051607357
229.7166303,0.554387304,127.3519835,1,0,99.86391719,21,1,0,106.7049437,0,44.33514157,0.194377715,-0.879565967,105.6132731,0.06922302
232.2017809,0.459535423,106.7049437,1,0,99.86285014,21,1,0,110.9255998,0,-20.64703981,-0.094851881,2.485150543,105.3414642,0.068964371
231.6131945,0.478926082,110.9255998,1,0,99.86174089,21,1,0,98.94208138,0,4.220656182,0.019390659,-0.588586346,106.8917761,0.069330569
231.8249133,0.426796585,98.94208138,1,0,99.86075147,21,1,0,120.7567625,0,-11.98351847,-0.052129497,0.211718755,105.3882901,0.071212957
231.6959401,0.521186355,120.7567625,1,0,99.8595439,21,1,0,100.2262153,0,21.81468115,0.09438977,-0.128973165,112.9362742,0.050365901
225.1596084,0.445134081,100.2262153,1,0,99.85854164,21,1,0,93.18228423,0,-20.53054723,-0.076052274,-6.536331717,107.5111205,0.036146245
225.3020483,0.413588269,93.18228423,1,0,99.85760981,21,1,0,104.104853,0,-7.043931067,-0.031545811,0.142439872,104.8065887,0.043411364
232.5425332,0.447680911,104.104853,1,0,99.85656877,21,1,0,99.94040079,0,10.92256878,0.034092641,7.240484955,103.4424393,0.041704069
229.5736318,0.435330486,99.94040079,1,0,99.85556936,21,1,0,99.73156167,0,-4.164452219,-0.012350424,-2.968901439,103.6421032,0.040633039
233.359671,0.427372739,99.73156167,1,0,99.85457205,21,1,0,103.1081206,0,-0.20883912,-0.007957748,3.786039242,99.437063,0.01390418
230.8719133,0.446603137,103.1081206,1,0,99.85354096,21,1,0,112.0607062,0,3.37655896,0.019230398,-2.487757692,100.0134441,0.014215042
232.0703584,0.482873845,112.0607062,1,0,99.85242036,21,1,0,131.4018006,0,8.952585539,0.036270708,1.198445062,103.7891285,0.021238142
231.9628707,0.566477731,131.4018006,1,0,99.85110634,21,1,0,110.1016681,0,19.34109445,0.083603886,-0.107487755,109.248518,0.05706393
230.6185957,0.477418865,110.1016681,1,0,99.85000532,21,1,0,106.5471672,0,-21.30013249,-0.089058866,-1.344274926,111.2807714,0.053334292
231.5164745,0.460214192,106.5471672,1,0,99.84893985,21,1,0,110.4544826,0,-3.554500938,-0.017204673,0.897878729,112.6438925,0.046836205
228.9264679,0.482488913,110.4544826,1,0,99.84783531,21,1,0,108.4435661,0,3.907315381,0.022274721,-2.590006557,114.1131649,0.041610327
227.7978319,0.476051792,108.4435661,1,0,99.84675087,21,1,0,95.33270646,0,-2.010916442,-0.006437121,-1.128635975,113.3897369,0.04217013
231.8968542,0.411099611,95.33270646,1,0,99.84579754,21,1,0,115.463197,0,-13.11085967,-0.064952182,4.099022286,106.1759181,0.029357885
230.0108197,0.501990285,115.463197,1,0,99.84464291,21,1,0,113.5940542,0,20.13049051,0.090890675,-1.886034487,107.2482239,0.034333188
230.3763357,0.493080393,113.5940542,1,0,99.84350697,21,1,0,94.28673881,0,-1.869142767,-0.008909892,0.365515982,108.6576013,0.035967531
228.9871631,0.411755565,94.28673881,1,0,99.8425641,21,1,0,98.33388861,0,-19.3073154,-0.081324828,-1.389172553,105.4240525,0.044234252
228.2247844,0.430864198,98.33388861,1,0,99.84158076,21,1,0,83.31785804,0,4.047149802,0.019108632,-0.76237878,103.402117,0.044442866
233.6688896,0.356563761,83.31785804,1,0,99.84074759,21,1,0,103.7150949,0,-15.01603057,-0.074300437,5.444105214,100.9991473,0.060200784
228.8422581,0.453216534,103.7150949,1,0,99.83971044,21,1,0,92.40339995,0,20.39723691,0.096652773,-4.826631462,98.64952692,0.050597791
228.770542,0.403913018,92.40339995,1,0,99.8387864,21,1,0,114.4618141,0,-11.311695,-0.049303516,-0.071716169,94.41139607,0.036022832
228.7178435,0.500449866,114.4618141,1,0,99.83764178,21,1,0,91.10203515,0,22.05841418,0.096536848,-0.052698422,98.44641113,0.053785139
228.2756585,0.399087821,91.10203515,1,0,99.83673076,21,1,0,117.7620713,0,-23.35977898,-0.101362045,-0.442185052,97.00004044,0.055364189
231.201944,0.509347237,117.7620713,1,0,99.83555314,21,1,0,96.94871386,0,26.66003617,0.110259416,2.92628552,103.8888831,0.051822767
227.222917,0.426667852,96.94871386,1,0,99.83458365,21,1,0,110.6016695,0,-20.81335746,-0.082679385,-3.979026974,102.5356069,0.053163753
228.2356386,0.484594212,110.6016695,1,0,99.83347764,21,1,0,108.4891035,0,13.65295559,0.05792636,1.012721567,106.1752608,0.048518971
228.6737737,0.474427398,108.4891035,1,0,99.83239275,21,1,0,119.2169452,0,-2.112565964,-0.010166814,0.438135109,104.9807187,0.044895981
228.8658728,0.520903111,119.2169452,1,0,99.83120058,21,1,0,94.28482552,0,10.72784174,0.046475713,0.192099094,110.6037007,0.036674201
232.467332,0.405583119,94.28482552,1,0,99.83025773,21,1,0,116.4786021,0,-24.93211971,-0.115319993,3.601459254,105.9082515,0.046273085
230.7541185,0.504773665,116.4786021,1,0,99.82909294,21,1,0,95.75929639,0,22.19377659,0.099190546,-1.71321353,109.8142292,0.044322517
229.4410908,0.417358966,95.75929639,1,0,99.82813535,21,1,0,88.58613197,0,-20.71930571,-0.087414699,-1.31302769,106.8457545,0.051466612
232.081648,0.381702443,88.58613197,1,0,99.82724949,21,1,0,95.15123865,0,-7.173164421,-0.035656523,2.64055719,102.8651602,0.062555592
229.5995548,0.414422575,95.15123865,1,0,99.82629798,21,1,0,108.623013,0,6.565106683,0.032720132,-2.48209322,98.05201893,0.046865579
228.4816615,0.475412391,108.623013,1,0,99.82521175,21,1,0,117.0792373,0,13.47177432,0.060989816,-1.117893308,100.9196564,0.050017691
232.7221899,0.503085836,117.0792373,1,0,99.82404095,21,1,0,74.8124861,0,8.456224377,0.027673445,4.240528391,101.0397835,0.049463192
226.7986128,0.329863067,74.8124861,1,0,99.82329283,21,1,0,119.0979011,0,-42.26675125,-0.173222768,-5.923577117,96.85042141,0.069986143
230.1125301,0.517563737,119.0979011,1,0,99.82210185,21,1,0,103.1072409,0,44.28541497,0.18770067,3.313917302,102.9527752,0.07698824
225.2419222,0.457762213,103.1072409,1,0,99.82107078,21,1,0,100.2238081,0,-15.9906602,-0.059801524,-4.870607892,104.5439757,0.074657422
229.1961783,0.437283941,100.2238081,1,0,99.82006854,21,1,0,84.12626906,0,-2.883432759,-0.020478273,3.954256146,102.8641347,0.074219021
229.0870552,0.367224019,84.12626906,1,0,99.81922728,21,1,0,122.7750234,0,-16.09753904,-0.070059922,-0.109123075,96.27354104,0.074388451
229.7142858,0.534468385,122.7750234,1,0,99.81799953,21,1,0,106.4418704,0,38.64875437,0.167244367,0.627230541,105.8660485,0.066982503
230.6157517,0.461555074,106.4418704,1,0,99.81693511,21,1,0,94.69871484,0,-16.33315306,-0.072913311,0.901465944,103.3348424,0.059850823
226.8624486,0.417427897,94.69871484,1,0,99.81598812,21,1,0,86.2190764,0,-11.74315554,-0.044127177,-3.753303158,101.6531372,0.061517497
231.1403051,0.373016192,86.2190764,1,0,99.81512593,21,1,0,122.8535288,0,-8.479638431,-0.044411705,4.277856532,98.85219082,0.069377008
227.30488,0.540479064,122.8535288,1,0,99.81389739,21,1,0,112.5358046,0,36.63445236,0.167462872,-3.835425079,106.5976428,0.072900928
230.1739418,0.488916355,112.5358046,1,0,99.81277204,21,1,0,97.44684346,0,-10.31772418,-0.051562709,2.869061792,104.549799,0.064468574
229.6685163,0.424293434,97.44684346,1,0,99.81179757,21,1,0,89.09060033,0,-15.08896112,-0.064622921,-0.505425561,102.7507936,0.06584515
227.4540622,0.391686125,89.09060033,1,0,99.81090666,22,1,0,92.62098947,0,-8.356243138,-0.032607309,-2.214454065,101.6291707,0.069801437
229.8332187,0.402992178,92.62098947,1,0,99.80998045,22,1,0,92.92290152,0,3.530389145,0.011306053,2.379156535,102.9095533,0.063189163
228.3622799,0.406910027,92.92290152,1,0,99.80905122,22,1,0,89.16026928,0,0.301912048,0.003917849,-1.470938869,96.92342787,0.038685881
231.1297279,0.385758553,89.16026928,1,0,99.80815962,22,1,0,105.5488583,0,-3.762632235,-0.021151475,2.767448046,92.24832081,0.014930778
233.8424434,0.451367411,105.5488583,1,0,99.80710413,22,1,0,106.17978,0,16.38858899,0.065608859,2.712715459,93.86872377,0.025823887
231.1918079,0.459271377,106.17978,1,0,99.80604233,22,1,0,91.40744581,0,0.630921777,0.007903966,-2.650635414,97.28655972,0.032215326
229.4946474,0.398298814,91.40744581,1,0,99.80512826,22,1,0,100.9675801,0,-14.77233423,-0.060972564,-1.697160553,97.04385099,0.032940876
231.4211308,0.436293694,100.9675801,1,0,99.80411858,22,1,0,91.99391166,0,9.560134313,0.037994881,1.92648339,98.65278671,0.032569096
226.8035659,0.405610517,91.99391166,1,0,99.80319865,22,1,0,103.4418476,0,-8.973668463,-0.030683177,-4.617564899,99.21951519,0.027169195
231.6132515,0.446614548,103.4418476,1,0,99.80216423,22,1,0,137.3747893,0,11.44793596,0.041004031,4.809685606,98.79811306,0.02631169
230.7146408,0.595431607,137.3747893,1,0,99.80079048,22,1,0,108.3963592,0,33.93294165,0.148817059,-0.898610663,105.0371149,0.080288718
228.4829038,0.474417812,108.3963592,1,0,99.79970652,22,1,0,14.85658101,0,-28.97843007,-0.121013795,-2.231737065,108.4348976,0.073429557
229.0200044,0.064870233,14.85658101,0,0,99.79955795,22,0,0,10.32047186,0,-93.5397782,-0.409547579,0.537100649,91.21269776,0.198880486
231.5445135,0.044572301,10.32047186,0,0,99.79945474,22,0,0,18.72897144,0,-4.536109148,-0.020297931,2.524509116,74.8780098,0.253256816
232.6167274,0.080514293,18.72897144,0,0,99.79926745,22,0,0,24.20764058,0,8.408499575,0.035941992,1.072213903,57.93543456,0.262138366
224.7653432,0.107701838,24.20764058,0,0,99.79902538,22,0,0,-2.976990357,0,5.478669146,0.027187545,-7.851384247,35.30200482,0.18036693
229.1866184,-0.012989372,-2.976990357,0,0,99.79905515,22,0,0,16.14818623,0,-27.18463094,-0.120691211,4.421275211,13.02733491,0.045383028
230.2804301,0.070124006,16.14818623,0,0,99.79889367,22,0,0,25.87276221,0,19.12517658,0.083113378,1.093811665,13.28565595,0.045672614
227.620877,0.113666033,25.87276221,0,0,99.79863494,22,0,0,1.318456816,0,9.724575982,0.043542028,-2.659553035,16.39611402,0.050768327
226.90162,0.005810698,1.318456816,0,0,99.79862175,22,0,0,-5.528733123,0,-24.55430539,-0.107855335,-0.719256986,12.9140111,0.058036019
231.7404754,-0.023857434,-5.528733123,0,0,99.79867704,22,0,0,0.569775258,0,-6.84718994,-0.029668132,4.838855356,6.966736355,0.059038665
227.7349043,0.002501923,0.569775258,0,0,99.79867134,22,0,0,-4.971205752,0,6.098508381,0.026359357,-4.005571065,7.676089478,0.056535947
232.9319587,-0.021341879,-4.971205752,0,0,99.79872106,22,0,0,5.05762387,0,-5.540981011,-0.023843803,5.197054356,3.452211082,0.056580983
233.616003,0.021649304,5.05762387,0,0,99.79867048,22,0,0,20.57828814,0,10.02882962,0.042991183,0.684044276,-0.710816586,0.019280389
231.0037626,0.089082047,20.57828814,0,0,99.7984647,22,0,0,7.66514933,0,15.52066427,0.067432743,-2.612240337,3.141149678,0.046123454
234.0642205,0.032748061,7.66514933,0,0,99.79838805,22,0,0,-0.717574807,0,-12.91313881,-0.056333987,3.060457892,5.779926169,0.041326371
232.5111889,-0.003086195,-0.717574807,0,0,99.79839522,22,0,0,18.98004686,0,-8.382724137,-0.035834256,-1.553031653,5.522456156,0.042151795
232.1632246,0.081753029,18.98004686,0,0,99.79820542,22,0,0,18.01301725,0,19.69762166,0.084839224,-0.34796431,10.31270668,0.039686365
227.886357,0.07904386,18.01301725,0,0,99.79802529,22,0,0,7.546813889,0,-0.967029605,-0.002709169,-4.276867567,12.90378535,0.039750625
228.6922051,0.032999874,7.546813889,0,0,99.79794982,22,0,0,20.30869969,0,-10.46620336,-0.046043986,0.805848143,10.2974905,0.035762024
229.2437944,0.088589965,20.30869969,0,0,99.79774674,22,0,0,29.55835014,0,12.7618858,0.055590091,0.551589269,12.82620058,0.039611962
228.7171511,0.12923539,29.55835014,0,0,99.79745115,22,0,0,3.253002085,0,9.249650446,0.040645425,-0.526643313,18.88138556,0.034219496
228.3298123,0.014246944,3.253002085,0,0,99.79741862,22,0,0,-5.093060071,0,-26.30534805,-0.114988445,-0.387338754,15.73597661,0.045844023
229.0527662,-0.022235314,-5.093060071,0,0,99.79746955,22,0,0,0.895834514,0,-8.346062156,-0.036482258,0.722953864,11.11476115,0.060295929
232.1628801,0.003858647,0.895834514,0,0,99.79746059,22,0,0,-11.32086091,0,5.988894584,0.02609396,3.110113898,9.784565271,0.063500151
231.4618507,-0.048910267,-11.32086091,0,0,99.7975738,22,0,0,32.01401127,0,-12.21669542,-0.052768914,-0.701029382,3.458653151,0.068273579
229.3655214,0.139576389,32.01401127,0,0,99.79725366,22,0,0,9.532247029,0,43.33487218,0.188486656,-2.096329265,3.949785378,0.072609136
231.0238874,0.041260872,9.532247029,0,0,99.79715834,22,0,0,16.18166065,0,-22.48176424,-0.098315517,1.658365915,5.205634367,0.073325993
232.3760944,0.069635651,16.18166065,0,0,99.79699652,22,0,0,14.17805862,0,6.649413617,0.028374779,1.352207013,9.46057851,0.070711869
228.4766292,0.062054744,14.17805862,0,0,99.79685474,22,0,0,7.796636945,0,-2.003602023,-0.007580908,-3.899465199,12.11702333,0.067781509
227.9037846,0.034210213,7.796636945,0,0,99.79677678,22,0,0,0.17316356,0,-6.381421678,-0.027844531,-0.572844531,15.9405229,0.041859443
229.1349663,0.000755727,0.17316356,0,0,99.79677504,22,0,0,1.734000822,0,-7.623473385,-0.033454485,1.231181638,9.572353361,0.027052594
228.5687654,0.007586342,1.734000822,0,0,99.7967577,22,0,0,14.71873073,0,1.560837262,0.006830615,-0.566200879,8.012704119,0.031049458
227.3526344,0.064739653,14.71873073,0,0,99.79661052,22,0,0,21.24253543,0,12.9847299,0.057153311,-1.216131009,7.720118135,0.029727162
231.8995282,0.091602323,21.24253543,0,0,99.79639809,22,0,0,2.054449468,0,6.523804706,0.026862669,4.54689378,9.133013497,0.038402101
227.9182018,0.009013977,2.054449468,0,0,99.79637755,22,0,0,8.02059624,0,-19.18808596,-0.082588346,-3.981326428,7.984576002,0.040888211
229.1306172,0.035004472,8.02059624,0,0,99.79629734,22,0,0,-25.04990295,0,5.966146772,0.025990495,1.212415434,9.554062538,0.036393523
227.1255537,-0.110290993,-25.04990295,0,0,99.79654784,22,0,0,31.9678504,0,-33.07049919,-0.145295465,-2.005063442,4.197281782,0.078151097
228.9315191,0.139639358,31.9678504,0,0,99.79622816,22,0,0,9.863930184,0,57.01775336,0.249930352,1.805965404,7.647105718,0.094760014
230.7088822,0.042754878,9.863930184,0,0,99.79612952,22,0,0,16.79805278,0,-22.10392022,-0.09688448,1.777363054,5.371384668,0.089583688
228.3153667,0.073573904,16.79805278,0,0,99.79596154,22,0,0,14.65916923,0,6.9341226,0.030819025,-2.393515476,8.320105332,0.09165219
230.4382113,0.063614316,14.65916923,0,0,99.79581495,22,0,0,8.48586669,0,-2.138883553,-0.009959587,2.122844581,9.64781993,0.092453435
228.9926661,0.037057373,8.48586669,0,0,99.79573009,22,0,0,1.25751008,0,-6.173302541,-0.026556943,-1.445545194,16.35497386,0.040993554
229.8332823,0.005471401,1.25751008,0,0,99.79571752,22,0,0,26.59869481,0,-7.22835661,-0.031585972,0.840616192,10.21290579,0.026421196
231.2273019,0.115032674,26.59869481,0,0,99.79545153,22,0,0,9.776989727,0,25.34118473,0.109561273,1.394019547,13.55985872,0.040988195
230.1620403,0.042478724,9.776989727,0,0,99.79535376,22,0,0,30.00371655,0,-16.82170508,-0.07255395,-1.065261564,12.15564611,0.0405715
227.4229282,0.131929163,30.00371655,0,0,99.79505372,22,0,0,-7.148038792,0,20.22672682,0.089450439,-2.739112051,15.22455557,0.054324763
234.897523,-0.030430456,-7.148038792,0,0,99.7951252,22,0,0,1.116734803,0,-37.15175534,-0.162359619,7.47459478,12.09777447,0.06965651
231.6844404,0.004820068,1.116734803,0,0,99.79511404,22,0,0,2.142940592,0,8.264773595,0.035250524,-3.213082647,12.06961942,0.069767893
227.9421898,0.009401246,2.142940592,0,0,99.79509261,22,0,0,14.88333206,0,1.026205789,0.004581178,-3.74225054,7.178468576,0.061729261
233.5738015,0.06372004,14.88333206,0,0,99.79494377,23,0,0,13.64197092,0,12.74039147,0.054318794,5.631611676,8.199737042,0.063370793
230.6213337,0.059153118,13.64197092,0,0,99.79480735,23,0,0,23.74791649,0,-1.241361138,-0.004566923,-2.952467854,4.927387916,0.039753998
230.5532409,0.103004045,23.74791649,0,0,99.79456987,23,0,0,8.562036366,0,10.10594557,0.043850928,-0.068092755,11.10657897,0.041083224
230.1040405,0.037209413,8.562036366,0,0,99.79448425,23,0,0,23.61526671,0,-15.18588012,-0.065794632,-0.449200368,12.59563929,0.034612733
228.7484848,0.103236822,23.61526671,0,0,99.7942481,23,0,0,23.48142161,0,15.05323034,0.066027409,-1.355555758,16.89010451,0.029038671
230.2102372,0.101999902,23.48142161,0,0,99.79401329,23,0,0,14.34382579,0,-0.133845102,-0.001236921,1.46175241,18.60972242,0.030880902
226.8214742,0.063238394,14.34382579,0,0,99.79386985,23,0,0,20.09819213,0,-9.137595824,-0.038761508,-3.388762941,18.75009339,0.030207694
234.2538344,0.085796641,20.09819213,0,0,99.79366887,23,0,0,16.29797929,0,5.754366346,0.022558247,7.432360133,18.02014852,0.028084775
232.6542873,0.070052349,16.29797929,0,0,99.79350589,23,0,0,5.072747008,0,-3.800212841,-0.015744292,-1.599547122,19.56733711,0.018159855
229.331711,0.022119693,5.072747008,0,0,99.79345516,23,0,0,-0.392029297,0,-11.22523228,-0.047932656,-3.32257622,15.85883316,0.0300106
226.3548238,-0.001731924,-0.392029297,0,0,99.79345908,23,0,0,5.612172291,0,-5.464776304,-0.023851617,-2.976887229,11.08414298,0.036366538
227.3988051,0.024679867,5.612172291,0,0,99.79340296,23,0,0,38.71156927,0,6.004201588,0.026411791,1.043981272,9.337812284,0.03638775
231.8936235,0.166936756,38.71156927,0,0,99.79301584,23,0,0,10.596763,0,33.09939698,0.142256889,4.494818404,13.06048771,0.067017511
231.2307257,0.04582766,10.596763,0,0,99.79290987,23,0,0,4.954262555,0,-28.11480627,-0.121109096,-0.662897808,11.92024445,0.066659504
231.1282332,0.021435125,4.954262555,0,0,99.79286033,23,0,0,34.88556123,0,-5.642500442,-0.024392535,-0.102492445,11.89654756,0.066735765
228.9805026,0.152351667,34.88556123,0,0,99.79251148,23,0,0,6.82272861,0,29.93129867,0.130916542,-2.147730672,18.95206567,0.07145881
233.2294944,0.029253284,6.82272861,0,0,99.79244325,23,0,0,3.827860637,0,-28.06283262,-0.123098383,4.248991881,19.19417693,0.070561373
229.820699,0.016655857,3.827860637,0,0,99.79240497,23,0,0,18.40830547,0,-2.994867973,-0.012597427,-3.4087954,12.21743521,0.056575803
227.8830062,0.080779632,18.40830547,0,0,99.79222089,23,0,0,-0.829810307,0,14.58044484,0.064123776,-1.937692818,13.7797437,0.057601873
227.0755045,-0.003654337,-0.829810307,0,0,99.79222919,23,0,0,2.322789348,0,-19.23811578,-0.084433969,-0.807501766,12.62292913,0.062680548
231.4047728,0.010037776,2.322789348,0,0,99.79220596,23,0,0,6.689936026,0,3.152599655,0.013692113,4.329268312,6.110374753,0.032523029
229.4298175,0.029158965,6.689936026,0,0,99.79213906,23,0,0,27.01153206,0,4.367146677,0.019121189,-1.974955254,6.083816236,0.032521143
229.0848278,0.117910611,27.01153206,0,0,99.79186894,23,0,0,14.18626772,0,20.32159604,0.088751646,-0.344989718,10.72055052,0.051038297
230.7212197,0.061486619,14.18626772,0,0,99.79172708,23,0,0,10.92412343,0,-12.82526435,-0.056423992,1.636391947,9.876142969,0.048497586
231.1359525,0.047262762,10.92412343,0,0,99.79161784,23,0,0,-1.184843704,0,-3.262144283,-0.014223857,0.414732768,12.22692972,0.041025379
232.7729358,-0.005090127,-1.184843704,0,0,99.79162969,23,0,0,19.71918159,0,-12.10896714,-0.052352888,1.636983267,11.52540311,0.04533335
230.2006774,0.085660832,19.71918159,0,0,99.7914325,23,0,0,26.19972248,0,20.90402529,0.090750959,-2.572258407,14.13125222,0.045833482
228.7699117,0.114524337,26.19972248,0,0,99.7911705,23,0,0,-0.96622026,0,6.480540895,0.028863505,-1.430765654,13.9688903,0.044804011
228.9177406,-0.004220819,-0.96622026,0,0,99.79118016,23,0,0,5.19729197,0,-27.16594274,-0.118745156,0.147828856,10.93839271,0.053360216
229.8738388,0.022609323,5.19729197,0,0,99.79112819,23,0,0,16.18460246,0,6.16351223,0.026830142,0.956098227,9.793026416,0.054528578
229.041327,0.070662368,16.18460246,0,0,99.79096634,23,0,0,3207.951776,0,10.98731049,0.048053044,-0.832511773,13.26691565,0.048073567
229.4398867,13.98166562,3207.951776,0,1,99.75888682,23,2,0,1272.144471,0,3191.767174,13.91100325,0.398559668,650.9134346,6.230196628
230.1414362,5.527663736,1272.144471,0,1,99.74616538,23,2,0,1524.174574,0,-1935.807305,-8.454001887,0.701549548,900.1023843,6.107950978
230.5196032,6.611908719,1524.174574,1,1,99.73092363,23,3,0,1362.672439,0,252.030103,1.084244984,0.378166935,1205.130543,5.751625351
229.3269967,5.942049819,1362.672439,1,1,99.71729691,23,3,0,1349.867956,0,-161.5021347,-0.6698589,-1.19260645,1476.625573,4.96372275
226.6737165,5.955114591,1349.867956,1,1,99.70379823,23,3,0,1354.984269,0,-12.80448311,0.013064772,-2.653280254,1743.362243,3.586465432
226.7526217,5.975605743,1354.984269,1,1,99.69024839,23,3,0,-1144.919567,0,5.116312221,0.020491152,0.078905228,1372.768742,0.388417096
228.9839133,-5,-1144.919567,1,1,99.67653607,23,3,1,1361.791466,0,-2499.903835,-10.97560574,2.231291631,889.3559344,4.981616319
229.1685698,5.942313412,1361.791466,1,1,99.66291815,23,3,0,1364.806083,0,2506.711033,10.94231341,0.184656467,856.8793127,4.898694332
228.5534344,5.971496716,1364.806083,1,1,99.64927009,23,3,0,1380.49859,0,3.014617285,0.029183304,-0.615135349,857.3060415,4.901985563
230.6926122,5.984147377,1380.49859,1,1,99.6354651,23,3,0,1370.272303,0,15.69250706,0.012650662,2.139177742,863.4321682,4.90523872
230.631714,5.941387154,1370.272303,1,1,99.62176238,23,3,0,1329.643261,0,-10.22628725,-0.042760223,-0.060898174,866.4897751,4.901422789
229.3126542,5.798385899,1329.643261,1,1,99.60846595,23,3,0,1357.499814,0,-40.62904239,-0.143001255,-1.319059806,1361.402341,0.074544227
231.7719788,5.857048901,1357.499814,1,1,99.59489095,23,3,0,1347.615352,0,27.85655315,0.058663002,2.459324598,1360.54401,0.079882951
227.6066849,5.920807433,1347.615352,1,1,99.5814148,23,3,0,1369.5422,0,-9.88446211,0.063758532,-4.165293922,1357.105864,0.073137231
231.241397,5.922564979,1369.5422,1,1,99.56771938,23,3,0,1381.495456,0,21.92684806,0.001757546,3.634712134,1354.914586,0.059392558
232.3039585,5.946930326,1381.495456,1,1,99.55390442,23,3,0,1353.291996,0,11.95325628,0.024365347,1.062561518,1357.159216,0.060675206
228.4906411,5.922745847,1353.291996,1,1,99.5403715,23,3,0,1347.9696,0,-28.20346015,-0.024184479,-3.813317411,1361.888963,0.033630425
225.9267792,5.966400284,1347.9696,1,1,99.5268918,23,3,0,1342.5133,0,-5.322396125,0.043654437,-2.56386192,1359.982921,0.02019019
229.0408714,5.861457352,1342.5133,1,1,99.51346667,23,3,0,1334.823758,0,-5.456299896,-0.104942932,3.114092224,1358.96251,0.039493028
227.7576926,5.860718656,1334.823758,1,1,99.50011843,23,3,0,1369.629601,0,-7.689541607,-0.000738696,-1.283178808,1352.018822,0.04867935
230.4615667,5.942984858,1369.629601,1,1,99.48642214,23,3,0,1368.796003,0,34.80584273,0.082266202,2.703874036,1349.645651,0.047991611
228.5104015,5.990081825,1368.796003,1,1,99.47273418,23,3,0,1347.724882,0,-0.833598177,0.047096967,-1.95116518,1352.746452,0.060084499
227.1145019,5.934120765,1347.724882,1,1,99.45925693,23,3,0,1349.231284,0,-21.07112103,-0.05596106,-1.395899586,1352.697509,0.056031362
227.5797738,5.92860807,1349.231284,1,1,99.44576462,23,3,0,1349.139306,0,1.506402011,-0.005512695,0.465271934,1354.041105,0.046337804
229.4821405,5.879060145,1349.139306,1,1,99.43227322,23,3,0,1384.140197,0,-0.09197765,-0.049547926,1.902366666,1356.904215,0.03958743
229.2627249,6.03735386,1384.140197,1,1,99.41843182,23,3,0,1380.951175,0,35.000891,0.158293715,-0.219415606,1359.806334,0.061044164
231.0134146,5.977796473,1380.951175,1,1,99.40462231,23,3,0,1361.769709,0,-3.18902213,-0.059557387,1.750689704,1362.237369,0.059447325
226.7723634,6.005007349,1361.769709,1,1,99.39100461,23,3,0,1367.430729,0,-19.1814662,0.027210876,-4.241051197,1365.046334,0.062665487
227.7879302,6.003086854,1367.430729,1,1,99.37733031,23,3,0,1359.843153,0,5.661020302,-0.001920495,1.015566769,1368.686223,0.060498932
228.0636853,5.962558885,1359.843153,1,1,99.36373187,0,3,0,1365.839857,0,-7.587575819,-0.040527969,0.275755145,1370.826993,0.028655009
228.377265,5.980629712,1365.839857,1,1,99.35007348,0,3,0,1371.900807,0,5.996703516,0.018070827,0.313579718,1367.166925,0.018018699
229.5321783,5.976943262,1371.900807,1,1,99.33635447,0,3,0,1372.217968,0,6.060950091,-0.00368645,1.154913323,1365.356851,0.018117401
230.5428322,5.952117249,1372.217968,1,1,99.32263229,0,3,0,1361.821814,0,0.31716141,-0.024826013,1.010653875,1367.446503,0.019382469
227.8800334,5.976047107,1361.821814,1,1,99.30901407,0,3,0,1382.776735,0,-10.39615374,0.023929858,-2.662798802,1366.32472,0.011961914
229.6702169,6.020705487,1382.776735,1,1,99.2951863,0,3,0,1381.174481,0,20.95492054,0.04465838,1.790183462,1370.911436,0.02475605
230.6788621,5.987434083,1381.174481,1,1,99.28137456,0,3,0,1351.774398,0,-1.602253688,-0.033271404,1.008645237,1373.978361,0.024897397
227.8723885,5.932155305,1351.774398,1,1,99.26785681,0,3,0,1343.045043,0,-29.40008317,-0.055278779,-2.80647363,1369.953079,0.033894787
227.7230376,5.897712663,1343.045043,1,1,99.25442636,0,3,0,1347.249027,0,-8.729355447,-0.034442642,-0.149350859,1364.118494,0.048246315
226.5635948,5.946449731,1347.249027,1,1,99.24095387,0,3,0,1377.991973,0,4.203984436,0.048737068,-1.159442852,1361.203937,0.048031549
230.8313396,5.969691877,1377.991973,1,1,99.22717395,0,3,0,1357.976984,0,30.74294574,0.023242147,4.267744793,1360.246984,0.03463835
228.8943216,5.932768339,1357.976984,1,1,99.21359418,0,3,0,1348.946251,0,-20.01498865,-0.036923539,-1.937017952,1355.607485,0.026149504
228.4159705,5.905656459,1348.946251,1,1,99.20010472,0,3,0,1360.955435,0,-9.030732809,-0.02711188,-0.478351129,1355.041856,0.029528561
227.9563813,5.970244953,1360.955435,1,1,99.18649517,0,3,0,1355.239569,0,12.00918347,0.064588494,-0.459589212,1358.623934,0.027141384
226.5710201,5.981522122,1355.239569,1,1,99.17294277,0,3,0,1347.479235,0,-5.715865828,0.011277169,-1.385361166,1360.222043,0.031760882
231.5924663,5.818320676,1347.479235,1,1,99.15946798,0,3,0,1371.663347,0,-7.760333819,-0.163201446,5.021446212,1354.119495,0.065196792
229.6999952,5.971542774,1371.663347,1,1,99.14575134,0,3,0,1338.997694,0,24.18411125,0.153222098,-1.892471127,1356.856767,0.069035126
224.6137396,5.96133476,1338.997694,1,1,99.13236137,0,3,0,1355.138293,0,-32.6656529,-0.010208014,-5.086255577,1354.867056,0.068726017
230.1912984,5.887009207,1355.138293,1,1,99.11880998,0,3,0,1362.772999,0,16.14059931,-0.074325554,5.577558772,1353.703627,0.069820158
229.7198775,5.932325116,1362.772999,1,1,99.10518225,0,3,0,1370.564636,0,7.634706178,0.045315909,-0.471420858,1355.210313,0.062790404
228.7758515,5.990862354,1370.564636,1,1,99.09147661,0,3,0,1350.75446,0,7.791636821,0.058537238,-0.944026074,1359.827394,0.040413327
230.2693956,5.865974746,1350.75446,1,1,99.07796906,0,3,0,1354.285261,0,-19.81017637,-0.124887608,1.493544175,1355.645616,0.051496898
229.2089139,5.908519169,1354.285261,1,1,99.06442621,0,3,0,1362.053329,0,3.530801749,0.042544423,-1.060481767,1358.70313,0.048128568
228.174153,5.969358542,1362.053329,1,1,99.05080568,0,3,0,1387.428963,0,7.768068007,0.060839373,-1.034760848,1360.086137,0.049399682
228.8686486,6.062118912,1387.428963,1,1,99.03693139,0,3,0,1350.896551,0,25.37563368,0.092760371,0.69449556,1365.01733,0.07575843
227.5722311,5.936122101,1350.896551,1,1,99.02342242,0,3,0,1358.287225,0,-36.53241223,-0.125996811,-1.296417458,1361.083713,0.074004053
228.5992468,5.941783464,1358.287225,1,1,99.00983955,0,3,0,1360.5326,0,7.390673992,0.005661363,1.027015707,1362.590266,0.05916931
227.8649327,5.970785341,1360.5326,1,1,98.99623422,0,3,0,1360.61774,0,2.24537489,0.029001877,-0.734314164,1363.839733,0.050618132
228.5747147,5.952617034,1360.61774,1,1,98.98262805,0,3,0,1368.54189,0,0.085140433,-0.018168307,0.709781994,1363.552616,0.05171196
229.283669,5.968771768,1368.54189,1,1,98.96894263,0,3,0,1377.050302,0,7.924150171,0.016154733,0.708954335,1359.775201,0.015578247
230.0760387,5.985196502,1377.050302,1,1,98.95517213,0,3,0,1343.649949,0,8.508411653,0.016424734,0.792369698,1365.005951,0.016890127
227.5812687,5.90404455,1343.649949,1,1,98.94173563,0,3,0,1355.799749,0,-33.40035295,-0.081151952,-2.494770008,1362.078496,0.031402917
228.6405065,5.929831814,1355.799749,1,1,98.92817763,0,3,0,1364.512982,0,12.14980018,0.025787264,1.059237774,1361.131926,0.032009706
229.769581,5.938614573,1364.512982,1,1,98.9145325,0,3,0,1350.41787,0,8.7132329,0.008782759,1.129074528,1361.910974,0.032127194
228.3946424,5.91265126,1350.41787,1,1,98.90102832,0,3,0,1356.783782,0,-14.09511175,-0.025963313,-1.37493855,1358.28617,0.03167343
229.6067973,5.909162088,1356.783782,1,1,98.88746048,0,3,0,1370.456164,0,6.365911794,-0.003489171,1.212154909,1354.232866,0.014686042
228.7094457,5.992127521,1370.456164,1,1,98.87375592,0,3,0,1363.740434,0,13.67238188,0.082965432,-0.897351618,1359.59411,0.033389663
228.2641404,5.974396292,1363.740434,1,1,98.86011852,0,3,0,1358.681277,0,-6.71573012,-0.017731229,-0.445305334,1361.182246,0.036932215
226.6057241,5.99579416,1358.681277,1,1,98.8465317,0,3,0,1358.039432,0,-5.059156519,0.021397869,-1.658416281,1360.015905,0.042710321
228.5648718,5.941592954,1358.039432,1,1,98.83295131,0,3,0,1342.456375,0,-0.641845497,-0.054201206,1.959147684,1361.540218,0.036775619
228.1051181,5.885253194,1342.456375,1,1,98.81952674,0,3,0,1347.211105,0,-15.58305683,-0.05633976,-0.459753685,1358.674736,0.045888653
228.0587747,5.90729783,1347.211105,1,1,98.80605463,0,3,0,1333.974195,0,4.754729869,0.022044636,-0.046343418,1354.025725,0.045720668
226.937763,5.878149927,1333.974195,1,1,98.79271489,0,3,0,1391.215466,0,-13.23691004,-0.029147903,-1.121011717,1348.072477,0.048265001
232.9241995,5.972824931,1391.215466,1,1,98.77880274,0,3,0,1375.516014,0,57.24127124,0.094675005,5.986436554,1354.579315,0.039788671
230.310892,5.972431447,1375.516014,1,1,98.76504758,0,3,0,1354.705216,0,-15.69945208,-0.000393484,-2.613307525,1358.074631,0.046391586
226.8358647,5.972182653,1354.705216,1,1,98.75150052,0,3,0,1360.36161,0,-20.81079784,-0.000248793,-3.475027339,1360.524399,0.044883724
229.3763204,5.930697676,1360.36161,1,1,98.73789691,0,3,0,1356.442894,0,5.656394169,-0.041484977,2.54045572,1363.1545,0.041649626
228.8086551,5.928284895,1356.442894,1,1,98.72433248,0,3,0,1370.586596,0,-3.918716466,-0.002412781,-0.567665299,1367.64824,0.023562272
227.9586941,6.012433968,1370.586596,1,1,98.71062661,0,3,0,1367.111373,0,14.14370172,0.084149073,-0.849961025,1363.522466,0.034876055
229.7820972,5.94959916,1367.111373,1,1,98.6969555,0,3,0,1392.057913,0,-3.475223056,-0.062834809,1.823403151,1361.841538,0.034860928
233.0617906,5.97291349,1392.057913,1,1,98.68303492,0,3,0,1389.868452,0,24.94654086,0.02331433,3.279693432,1369.312077,0.034933365
228.5117056,6.082263699,1389.868452,1,1,98.66913624,0,3,0,1384.420888,0,-2.189461776,0.109350208,-4.550085057,1375.213445,0.060713971
231.0580587,5.991658095,1384.420888,1,1,98.65529203,0,3,0,1364.889602,0,-5.447563557,-0.090605604,2.546353152,1380.809044,0.050620404
228.9019399,5.962769921,1364.889602,1,1,98.64164313,0,3,0,1369.717482,0,-19.53128609,-0.028888174,-2.156118856,1379.669645,0.052830032
229.5733469,5.966361081,1369.717482,1,1,98.62794596,0,3,0,3021.13827,0,4.827880398,0.00359116,0.671407035,1380.190867,0.049931739
161.3155768,18.7281249,3021.13827,1,1,98.6140449,0,3,1,1389.472844,0,1651.420788,12.76176382,-68.25777012,1706.006939,5.69205457
232.4401012,5.977767334,1389.472844,1,1,98.60015017,0,3,0,1378.262057,0,-1631.665426,-12.75035756,71.12452441,1705.927817,5.703543387
229.8732026,5.995749141,1378.262057,1,1,98.58636755,0,3,0,1384.725281,0,-11.21078682,0.017981808,-2.566898589,1704.696051,5.703089323
233.1436412,5.939365423,1384.725281,1,1,98.5725203,0,3,0,1340.770687,0,6.463223774,-0.056383718,3.270438545,1708.663187,5.705728239
227.3496929,5.897393877,1340.770687,1,1,98.55911259,0,3,0,1397.107171,0,-43.95459386,-0.041971546,-5.793948219,1702.873828,5.713527415
230.1844891,6.069510489,1397.107171,1,1,98.54514152,1,3,0,1335.660248,0,56.33648409,0.172116612,2.834796201,1378.067608,0.064533652
225.7516337,5.916503131,1335.660248,1,1,98.53178492,1,3,0,1390.191174,0,-61.44692335,-0.153007357,-4.432855413,1367.305089,0.06971231
232.4471928,5.980675253,1390.191174,1,1,98.51788301,1,3,0,1348.31744,0,54.5309259,0.064172122,6.695559084,1369.690912,0.068291517
226.80028,5.944954919,1348.31744,1,1,98.50439983,1,3,0,1369.721771,0,-41.87373373,-0.035720334,-5.64691284,1362.409344,0.067899809
228.8892801,5.984211103,1369.721771,1,1,98.49070262,1,3,0,1358.069891,0,21.40433119,0.039256184,2.089000127,1368.199561,0.057634388
229.7917068,5.910003933,1358.069891,1,1,98.47712192,1,3,0,1369.331832,0,-11.65188046,-0.074207169,0.902426652,1360.392105,0.034717703
230.3516866,5.944527051,1369.331832,1,1,98.4634286,1,3,0,1381.003101,0,11.26194156,0.034523118,0.559979845,1367.126422,0.030517002
231.6929993,5.96048696,1381.003101,1,1,98.44961857,1,3,0,1356.900897,0,11.6712686,0.015959908,1.341312697,1365.288807,0.027058741
227.1414736,5.973813923,1356.900897,1,1,98.43604956,1,3,0,121.8487264,0,-24.10220355,0.013326964,-4.551525731,1367.005499,0.029029819
230.3584062,0.528952811,121.8487264,1,0,98.43483107,1,1,0,114.9084978,0,-1235.052171,-5.444861113,3.21693263,1117.43089,2.423234754
234.0498374,0.490957392,114.9084978,1,0,98.43368199,1,1,0,90.16642611,0,-6.940228662,-0.037995419,3.691431217,868.798611,2.984946777
228.3091912,0.394931214,90.16642611,1,0,98.43278032,1,1,0,101.1287475,0,-24.74207167,-0.096026178,-5.740646195,612.9655297,3.010429307
228.5689854,0.442442999,101.1287475,1,0,98.43176903,1,1,0,100.8191826,0,10.96232138,0.047511785,0.25979422,356.990659,2.464436511
230.9606257,0.436521083,100.8191826,1,0,98.43076084,1,1,0,78.19749154,0,-0.309564933,-0.005921916,2.391640233,105.7743161,0.05195823
228.3955639,0.342377453,78.19749154,1,0,98.42997887,1,1,0,123.018352,0,-22.62169102,-0.09414363,-2.565061768,97.04406909,0.055800615
230.9473939,0.532668284,123.018352,1,0,98.42874868,1,1,0,101.3355659,0,44.82086043,0.190290831,2.551829979,98.66603993,0.070081088
232.7894431,0.435309972,101.3355659,1,0,98.42773533,1,1,0,78.19997971,0,-21.6827861,-0.097358312,1.84204919,100.8998679,0.067332805
229.8767261,0.34018224,78.19997971,1,0,98.42695333,1,1,0,103.6445207,0,-23.13558616,-0.095127731,-2.91271693,96.31411433,0.079943925
230.5731199,0.449508255,103.6445207,1,0,98.42591688,1,1,0,92.36569897,0,25.44454097,0.109326014,0.69639378,96.87918196,0.080924978
230.5658625,0.4006044,92.36569897,1,0,98.42499323,1,1,0,100.6024986,0,-11.27882172,-0.048903855,-0.007257408,99.71282344,0.070475504
229.342878,0.438655429,100.6024986,1,0,98.4239872,1,1,0,101.3251102,0,8.236799666,0.03805103,-1.22298455,95.22965277,0.044566681
233.8326166,0.433323253,101.3251102,1,0,98.42297395,1,1,0,122.0257493,0,0.722611556,-0.005332176,4.489738656,95.22756164,0.044324594
230.4503862,0.529509849,122.0257493,1,0,98.42175369,1,1,0,109.7009047,0,20.70063913,0.096186596,-3.38223039,103.9927156,0.047875578
230.1877989,0.476571326,109.7009047,1,0,98.42065668,1,1,0,114.7320069,0,-12.32484466,-0.052938523,-0.262587314,105.2039924,0.049270331
231.5995775,0.495389535,114.7320069,1,0,98.41950936,1,1,0,115.0284124,0,5.031102256,0.018818208,1.411778557,109.6772539,0.04014637
228.8858665,0.502557952,115.0284124,1,0,98.41835908,1,1,0,109.4608588,0,0.296405433,0.007168417,-2.713710967,112.5624367,0.035736415
233.1084488,0.469570534,109.4608588,1,0,98.41726447,1,1,0,88.83697016,0,-5.567553552,-0.032987418,4.222582328,114.1895864,0.023633056
227.8018052,0.38997483,88.83697016,1,0,98.4163761,1,1,0,93.59919325,0,-20.62388864,-0.079595704,-5.306643663,107.5518306,0.045003481
232.2188762,0.403064535,93.59919325,1,0,98.41544011,1,1,0,106.8946836,0,4.762223088,0.013089705,4.417071007,104.3314883,0.052414743
229.6349459,0.465498329,106.8946836,1,0,98.41437116,1,1,0,95.00126337,0,13.29549032,0.062433794,-2.583930293,102.7640236,0.047740816
228.6456041,0.415495691,95.00126337,1,0,98.41342115,1,1,0,108.5141744,0,-11.89342019,-0.050002638,-0.989341744,98.75859383,0.036591273
232.1216643,0.467488352,108.5141744,1,0,98.41233601,1,1,0,80.72152661,0,13.51291101,0.051992661,3.476060129,98.56925695,0.036017497
230.1948472,0.350666088,80.72152661,1,0,98.41152879,1,1,0,87.07502501,0,-27.79264778,-0.116822264,-1.926817044,96.94616824,0.048576106
231.9186373,0.375455056,87.07502501,1,0,98.41065804,1,1,0,119.0322143,0,6.353498401,0.024788968,1.723790085,95.64133459,0.052459454
229.9396374,0.517667226,119.0322143,1,0,98.40946772,1,1,0,109.5613321,0,31.95718931,0.14221217,-1.978999924,98.06884074,0.067938226
228.6684609,0.47912743,109.5613321,1,0,98.40837211,1,1,0,100.1383804,0,-9.470882251,-0.038539796,-1.271176472,100.9808545,0.071496407
231.0543849,0.433397446,100.1383804,1,0,98.40737072,1,1,0,104.8676947,0,-9.422951694,-0.045729984,2.385924013,99.30569568,0.069591017
232.1601214,0.451704169,104.8676947,1,0,98.40632205,1,1,0,106.7844973,0,4.72931429,0.018306722,1.105736512,104.1349293,0.053037604
226.0702318,0.472350988,106.7844973,1,0,98.4052542,1,1,0,114.6356159,0,1.916802683,0.020646819,-6.089889649,108.0768238,0.031748536
232.042505,0.494028522,114.6356159,1,0,98.40410785,1,1,0,74.33628231,0,7.851118556,0.021677534,5.972273246,107.1975041,0.02379856
232.3936007,0.319872329,74.33628231,1,0,98.40336448,1,1,0,93.10313412,0,-40.2993336,-0.174156193,0.351095708,100.1524941,0.067846852
230.7825278,0.403423669,93.10313412,1,0,98.40243345,1,1,0,91.75813591,0,18.76685181,0.08355134,-1.611072959,98.74544487,0.069252928
231.2042826,0.396870399,91.75813591,1,0,98.40151587,1,1,0,92.90478242,0,-1.344998208,-0.00655327,0.42175485,96.12353312,0.068956416
228.5685236,0.406463589,92.90478242,1,0,98.40058682,1,1,0,119.1763811,0,1.146646515,0.00959319,-2.635758995,93.34759013,0.061724683
232.49555,0.512596396,119.1763811,1,0,98.39939506,1,1,0,98.2265771,0,26.27159869,0.106132807,3.927026398,94.25574317,0.068654833
233.7866878,0.420154706,98.2265771,1,0,98.39841279,1,1,0,110.3596135,0,-20.94980402,-0.09244169,1.291137774,99.03380213,0.048101236
231.004582,0.477737769,110.3596135,1,0,98.3973092,1,1,0,104.3357396,0,12.13303644,0.057583062,-2.782105793,102.485098,0.050087051
230.995794,0.451678092,104.3357396,1,0,98.39626584,1,1,0,114.061461,0,-6.023873952,-0.026059676,-0.008788009,105.0006187,0.04303269
231.1335716,0.493487208,114.061461,1,0,98.39512522,1,1,0,99.03752318,0,9.725721449,0.041809116,0.137777592,109.2319545,0.036193324
228.2836607,0.433835356,99.03752318,1,0,98.39413485,1,1,0,104.8326931,0,-15.02393785,-0.059651853,-2.84991093,105.2041829,0.030293259
228.030791,0.459730428,104.8326931,1,0,98.39308652,1,1,0,105.8688854,0,5.795169943,0.025895072,-0.252869672,106.5254061,0.023106776
232.6170748,0.45512087,105.8688854,1,0,98.39202783,1,1,0,96.85903145,0,1.036192292,-0.004609558,4.586283842,105.6272605,0.021746004
230.4197292,0.420359106,96.85903145,1,0,98.39105924,1,1,0,98.11630673,0,-9.009853969,-0.034761763,-2.197345617,104.1319188,0.027930741
228.1391785,0.430072149,98.11630673,1,0,98.39007808,1,1,0,100.4029232,0,1.257275289,0.009713043,-2.280550772,100.942888,0.016882718
230.0789351,0.436384683,100.4029232,1,0,98.38907405,1,1,0,93.61384785,0,2.286616421,0.006312534,1.939756598,101.215968,0.016694101
229.3141604,0.408234047,93.61384785,1,0,98.38813791,1,1,0,106.2239032,0,-6.789075307,-0.028150636,-0.764774624,98.97219892,0.017596343
230.1012611,0.461639813,106.2239032,1,0,98.38707567,1,1,0,101.3114192,0,12.61005538,0.053405766,0.787100637,99.04320248,0.0199975
230.629191,0.439282724,101.3114192,1,0,98.38606256,1,1,0,81.91527666,0,-4.912484002,-0.02235709,0.527929937,99.93368004,0.019173963
229.765713,0.356516538,81.91527666,1,0,98.38524341,1,1,0,91.32978705,0,-19.39614256,-0.082766185,-0.86347798,96.69347402,0.040440994
231.7244069,0.394131064,91.32978705,1,0,98.38433011,1,1,0,101.6672841,0,9.414510388,0.037614526,1.958693886,94.8788468,0.040682755
226.8709684,0.448128224,101.6672841,1,0,98.38331344,2,1,0,105.587796,0,10.33749708,0.05399716,-4.853438558,96.48953406,0.043578171
229.5495864,0.459978159,105.587796,1,0,98.38225756,2,1,0,94.41409749,0,3.920511896,0.011849934,2.678618027,96.36231262,0.043185224
230.4962094,0.409612365,94.41409749,1,0,98.38131342,2,1,0,90.95262352,0,-11.17369854,-0.050365793,0.946623049,94.98284827,0.041822743
225.7924754,0.402815122,90.95262352,1,0,98.38040389,2,1,0,118.3289466,0,-3.46147397,-0.006797243,-4.703734057,96.79031764,0.029235522
233.2968836,0.507203289,118.3289466,1,0,98.3792206,2,1,0,113.2206958,0,27.37632306,0.104388167,7.504408248,102.1901496,0.042230707
229.8930406,0.492492924,113.2206958,1,0,98.37808839,2,1,0,93.49559013,0,-5.108250788,-0.014710365,-3.403842999,104.5008319,0.047268657
226.3378609,0.413079764,93.49559013,1,0,98.37715344,2,1,0,102.547487,0,-19.72510566,-0.07941316,-3.555179747,102.0823907,0.050437012
229.6428625,0.446552033,102.547487,1,0,98.37612796,2,1,0,84.86728824,0,9.051896913,0.033472269,3.3050016,103.7090686,0.046502093
233.828674,0.362946455,84.86728824,1,0,98.37527929,2,1,0,77.20796776,0,-17.68019881,-0.083605578,4.185811491,102.4920016,0.058901264
228.4441975,0.337972987,77.20796776,1,0,98.37450721,2,1,0,103.5613225,0,-7.659320475,-0.024973468,-5.384476473,94.26780579,0.062351207
231.0525861,0.448215379,103.5613225,1,0,98.3734716,2,1,0,99.97934809,0,26.35335469,0.110242392,2.608388643,92.33593112,0.0496685
227.7716559,0.438945521,99.97934809,1,0,98.3724718,2,1,0,88.61669496,0,-3.581974359,-0.009269858,-3.280930198,93.63268272,0.052414224
226.19236,0.39177581,88.61669496,1,0,98.37158564,2,1,0,103.4013121,0,-11.36265314,-0.047169711,-1.579295979,90.8465243,0.047561209
230.0685453,0.449436979,103.4013121,1,0,98.37055162,2,1,0,104.2107979,0,14.7846171,0.05766117,3.87618537,94.55332906,0.048270339
230.4316641,0.452241658,104.2107979,1,0,98.36950952,2,1,0,123.2872291,0,0.80948587,0.002804679,0.363118802,99.9538951,0.025288034
230.0191375,0.535986833,123.2872291,1,0,98.36827664,2,1,0,108.491781,0,19.07643121,0.083745175,-0.412526643,103.8990764,0.052066593
230.1319676,0.471432901,108.491781,1,0,98.36719173,2,1,0,86.16234306,0,-14.79544813,-0.064553933,0.112830126,105.601563,0.051794948
228.869174,0.376469848,86.16234306,1,0,98.3663301,2,1,0,117.941649,0,-22.32943795,-0.094963053,-1.262793572,105.1106926,0.057035319
231.4642114,0.509545939,117.941649,1,0,98.36515069,2,1,0,99.58386127,0,31.77930592,0.133076092,2.595037347,108.01876,0.061195808
230.3827952,0.432253898,99.58386127,1,0,98.36415485,2,1,0,98.83598652,0,-18.35778771,-0.077292041,-1.08141617,107.0933727,0.063195438
229.5424358,0.430578277,98.83598652,1,0,98.36316649,2,1,0,107.6652241,0,-0.74787475,-0.001675621,-0.840359406,102.2031242,0.049817802
231.1501957,0.465780372,107.6652241,1,0,98.36208983,2,1,0,93.62504909,0,8.829237608,0.035202095,1.607759883,102.0378128,0.049100201
230.9110396,0.405459389,93.62504909,1,0,98.36115358,2,1,0,-1.941603452,0,-14.04017503,-0.060320983,-0.239156094,103.530354,0.040195106
233.0087424,-0.008332749,-1.941603452,0,0,98.361173,2,0,0,7.971198434,0,-95.56665255,-0.413792139,2.097702786,79.55370351,0.19876119
228.0535409,0.034953189,7.971198434,0,0,98.36109329,2,0,0,7.672425785,0,9.912801886,0.043285938,-4.955201441,61.23117094,0.231887756
228.0259345,0.033647163,7.672425785,0,0,98.36101656,2,0,0,3.63241948,0,-0.298772649,-0.001306026,-0.027606421,42.9984588,0.229254645
228.7468279,0.01587965,3.63241948,0,0,98.36098024,2,0,0,24.09136807,0,-4.040006305,-0.017767513,0.720893399,22.19189787,0.173697855
230.3216019,0.104598821,24.09136807,0,0,98.36073933,2,0,0,-3.65769021,0,20.45894859,0.088719172,1.574773949,8.285161663,0.042078913
231.5012024,-0.015799876,-3.65769021,0,0,98.3607759,2,0,0,10.26188646,0,-27.74905828,-0.120398697,1.179600567,7.941944312,0.044134598
228.9336718,0.044824714,10.26188646,0,0,98.36067328,2,0,0,22.59671379,0,13.91957667,0.06062459,-2.567530665,8.400081917,0.044371388
230.3590282,0.098093459,22.59671379,0,0,98.36044732,2,0,0,-12.42674933,0,12.33482733,0.053268744,1.425356416,11.38493952,0.0519939
232.0452846,-0.053553122,-12.42674933,0,0,98.36057158,2,0,0,12.95209644,0,-35.02346312,-0.15164658,1.68625639,8.173105755,0.069537015
227.2242123,0.057001392,12.95209644,0,0,98.36044206,2,0,0,5.019112099,0,25.37884577,0.110554514,-4.821072319,5.945251429,0.060392027
228.5331611,0.021962292,5.019112099,0,0,98.36039187,2,0,0,5.362769223,0,-7.932984341,-0.0350391,1.308948876,7.680611891,0.056044863
230.1228091,0.023303945,5.362769223,0,0,98.36033824,2,0,0,17.87678312,0,0.343657125,0.001341652,1.589647944,6.700788443,0.055799468
228.2972675,0.078304849,17.87678312,0,0,98.36015948,2,0,0,-1.990462524,0,12.51401389,0.055000905,-1.825541611,5.756802309,0.050118304
229.0611353,-0.008689656,-1.990462524,0,0,98.36017938,2,0,0,14.91000635,0,-19.86724564,-0.086994506,0.763867844,7.844059671,0.033811956
233.3649508,0.06389137,14.91000635,0,0,98.36003028,2,0,0,36.73539164,0,16.90046887,0.072581026,4.303815446,8.235641653,0.03508112
232.5645875,0.157957805,36.73539164,0,0,98.35966293,2,0,0,-9.659165008,0,21.8253853,0.094066435,-0.800363287,14.57889756,0.063180674
232.12676,-0.041611596,-9.659165008,0,0,98.35975952,2,0,0,34.41663329,0,-46.39455665,-0.199569401,-0.437827453,11.57451071,0.0782403
230.2490509,0.149475679,34.41663329,0,0,98.35941535,2,0,0,15.5801838,0,44.0757983,0.191087275,-1.877709088,14.88248075,0.090237961
227.0658198,0.068615276,15.5801838,0,0,98.35925955,2,0,0,11.78914736,0,-18.83644949,-0.080860404,-3.183231131,18.39661001,0.080749939
232.6111727,0.050681776,11.78914736,0,0,98.35914166,2,0,0,12.70034758,0,-3.79103644,-0.0179335,5.545352881,17.77243822,0.081606603
228.2078581,0.055652543,12.70034758,0,0,98.35901466,2,0,0,-2.596608049,0,0.91120022,0.004970767,-4.403314603,12.9654294,0.067918503
232.3545634,-0.011175197,-2.596608049,0,0,98.35904062,2,0,0,4.395215994,0,-15.29695563,-0.06682774,4.146705298,14.37794079,0.057481835
229.876563,0.019119896,4.395215994,0,0,98.35899667,2,0,0,11.92472356,0,6.991824044,0.030295093,-2.478000414,8.373657335,0.032304392
226.8316194,0.052570817,11.92472356,0,0,98.35887742,2,0,0,11.31694276,0,7.529507565,0.033450921,-3.044943577,7.642565287,0.028949183
228.5885226,0.049507922,11.31694276,0,0,98.35876425,2,0,0,14.22098688,0,-0.607780797,-0.003062895,1.756903191,7.548124369,0.028777943
227.8462052,0.062414851,14.22098688,0,0,98.35862204,2,0,0,12.17714493,0,2.904044113,0.012906929,-0.742317337,7.852252228,0.030223342
229.0403968,0.053165927,12.17714493,0,0,98.35850027,2,0,0,22.6967062,0,-2.043841949,-0.009248924,1.194191599,10.80700282,0.016504748
229.3439289,0.098963623,22.6967062,0,0,98.35827331,2,0,0,11.77037575,0,10.51956127,0.045797697,0.303532083,14.46730086,0.020498236
227.6737408,0.051698434,11.77037575,0,0,98.3581556,2,0,0,24.72604769,0,-10.92633045,-0.04726519,-1.670188131,14.4364313,0.020616028
227.6833707,0.108598391,24.72604769,0,0,98.35790834,2,0,0,11.35064502,0,12.95567194,0.056899957,0.009629961,17.11825229,0.026838302
229.7621094,0.049401727,11.35064502,0,0,98.35779483,2,0,0,17.07065497,0,-13.37540267,-0.059196664,2.078738637,16.54418392,0.028910935
233.7657136,0.073024631,17.07065497,0,0,98.35762413,2,0,0,28.8160873,0,5.720009946,0.023622904,4.003604242,17.52288593,0.026908647
228.8439092,0.125920272,28.8160873,0,0,98.35733597,2,0,0,21.32002989,0,11.74543233,0.052895641,-4.921804462,18.74676215,0.034269105
228.1343501,0.093453835,21.32002989,0,0,98.35712277,2,0,0,-0.018978321,0,-7.496057409,-0.032466437,-0.709559075,20.65669298,0.029935122
230.8262605,-8.22E-05,-0.018978321,0,0,98.35712296,2,0,0,33.5670015,0,-21.33900822,-0.093536054,2.691910391,15.70768777,0.047456286
230.1835537,0.145827106,33.5670015,0,0,98.35678729,2,0,0,16.55389873,0,33.58597982,0.145909325,-0.642706802,20.15095907,0.056554653
231.2996834,0.071569051,16.55389873,0,0,98.35662175,2,0,0,0.316730767,0,-17.01310276,-0.074258056,1.116129733,20.04760782,0.056652284
225.5600015,0.001404197,0.316730767,0,0,98.35661858,3,0,0,19.50295594,0,-16.23716797,-0.070164853,-5.739681874,14.34773651,0.062516006
228.9715617,0.085176324,19.50295594,0,0,98.35642355,3,0,0,5.6291811,0,19.18622517,0.083772127,3.411560206,13.98432172,0.061591984
231.4237703,0.024324127,5.6291811,0,0,98.35636726,3,0,0,20.43242889,0,-13.87377484,-0.060852197,2.452208592,15.11395361,0.056302822
227.3354906,0.089877867,20.43242889,0,0,98.35616293,3,0,0,30.19260702,0,14.80324779,0.06555374,-4.088279712,12.48703909,0.039413595
229.1403185,0.131764707,30.19260702,0,0,98.35586101,3,0,0,-4.736945344,0,9.760178132,0.041886841,1.80482785,15.21478074,0.052846663
231.0867659,-0.020498557,-4.736945344,0,0,98.35590838,3,0,0,14.86680149,0,-34.92955237,-0.152263265,1.94644741,14.20404552,0.060014232
229.6112147,0.064747715,14.86680149,0,0,98.35575971,3,0,0,38.43144587,0,19.60374683,0.085246272,-1.475551157,13.27681463,0.058734659
231.8721099,0.16574415,38.43144587,0,0,98.3553754,3,0,0,3.336576407,0,23.56464438,0.100996435,2.260895192,19.83726758,0.071171699
227.9457984,0.014637587,3.336576407,0,0,98.35534203,3,0,0,8.777286598,0,-35.09486946,-0.151106564,-3.926311516,16.41809709,0.077872031
225.4414411,0.038933776,8.777286598,0,0,98.35525426,3,0,0,1.416732319,0,5.440710191,0.024296189,-2.504357259,12.135033,0.070569844
231.5893913,0.006117432,1.416732319,0,0,98.35524009,3,0,0,1.627102946,0,-7.360554279,-0.032816344,6.147950158,13.36576854,0.064400986
231.2285556,0.007036773,1.627102946,0,0,98.35522382,3,0,0,2.136923308,0,0.210370627,0.000919342,-0.360835663,10.71782883,0.067970079
227.1852915,0.009406081,2.136923308,0,0,98.35520245,3,0,0,30.53671736,0,0.509820362,0.002369308,-4.043264121,3.458924315,0.013659299
229.2109204,0.133225403,30.53671736,0,0,98.35489708,3,0,0,8.173879953,0,28.39979405,0.123819322,2.025628902,8.898952506,0.054445217
229.633119,0.035595388,8.173879953,0,0,98.35481534,3,0,0,1.309777751,0,-22.36283741,-0.097630016,0.422198618,8.778271177,0.054465838
228.9668939,0.00572038,1.309777751,0,0,98.35480225,3,0,0,25.50944196,0,-6.864102202,-0.029875007,-0.666225156,8.756880263,0.054524704
230.7229862,0.110563071,25.50944196,0,0,98.35454715,3,0,0,-5.834059487,0,24.19966421,0.104842691,1.756092354,13.53334807,0.059190716
230.1581418,-0.025348047,-5.834059487,0,0,98.35460549,3,0,0,-4.419079922,0,-31.34350145,-0.135911119,-0.564844423,11.93915151,0.067861665
229.3654463,-0.019266546,-4.419079922,0,0,98.35464968,3,0,0,14.93237279,0,1.414979565,0.006081501,-0.792695553,4.947992052,0.055309463
230.6857048,0.064730378,14.93237279,0,0,98.35450036,3,0,0,-1.265534639,0,19.35145271,0.083996924,1.320258502,6.299690619,0.058608255
229.0991897,-0.005523959,-1.265534639,0,0,98.35451301,3,0,0,23.14803079,0,-16.19790743,-0.070254337,-1.586515038,5.784628141,0.059845013
232.0920989,0.099736402,23.14803079,0,0,98.35428153,3,0,0,-2.577578937,0,24.41356543,0.105260361,2.992909183,5.312345907,0.056052253
229.8465076,-0.011214349,-2.577578937,0,0,98.35430731,3,0,0,20.82940498,0,-25.72560973,-0.110950751,-2.245591311,5.963642017,0.053301862
230.0820172,0.090530348,20.82940498,0,0,98.35409902,3,0,0,33.01860852,0,23.40698392,0.101744696,0.235509583,11.013339,0.052763478
232.6649474,0.141914839,33.01860852,0,0,98.35376883,3,0,0,14.24833457,0,12.18920354,0.051384491,2.58293026,14.63058615,0.06807771
228.8702121,0.062255085,14.24833457,0,0,98.35362635,3,0,0,9.138089353,0,-18.77027395,-0.079659754,-3.794735379,17.73335999,0.056816596
228.2805959,0.040030075,9.138089353,0,0,98.35353497,3,0,0,23.35449753,0,-5.110245222,-0.02222501,-0.589616122,14.9313717,0.057023919
232.0909793,0.100626477,23.35449753,0,0,98.35330142,3,0,0,8.928887333,0,14.21640818,0.060596402,3.810383361,20.11778699,0.038833758
229.7303384,0.038866818,8.928887333,0,0,98.35321213,3,0,0,28.03020155,0,-14.4256102,-0.061759658,-2.360640882,17.73768346,0.044187477
230.5298967,0.12159031,28.03020155,0,0,98.35293183,3,0,0,12.9969562,0,19.10131422,0.082723491,0.799558319,16.74000207,0.037051489
231.0835861,0.056243528,12.9969562,0,0,98.35280186,3,0,0,5.4450065,0,-15.03324535,-0.065346782,0.55368939,16.48972639,0.03756803
227.3473492,0.023950165,5.4450065,0,0,98.35274741,3,0,0,18.6258192,0,-7.551949699,-0.032293363,-3.736236915,15.75110982,0.041422901
228.9520911,0.081352475,18.6258192,0,0,98.35256115,3,0,0,-2.668653461,0,13.1808127,0.05740231,1.60474193,14.80537416,0.038447297
232.2782982,-0.011489035,-2.668653461,0,0,98.35258784,3,0,0,12.88022062,0,-21.29447266,-0.09284151,3.326207011,12.485866,0.051266228
230.2391759,0.055942785,12.88022062,0,0,98.35245904,3,0,0,9.045001724,0,15.54887408,0.067431819,-2.0391223,9.455869811,0.035810508
228.7921978,0.039533698,9.045001724,0,0,98.35236859,3,0,0,-0.656059466,0,-3.835218898,-0.016409086,-1.446978097,8.665478916,0.034821669
230.4553052,-0.002846797,-0.656059466,0,0,98.35237515,3,0,0,13.72973933,0,-9.70106119,-0.042380495,1.663107476,7.445265723,0.039274777
227.5877688,0.060327228,13.72973933,0,0,98.35223785,3,0,0,12.34899145,0,14.3857988,0.063174025,-2.867536405,6.46604975,0.03342661
224.6032083,0.054981367,12.34899145,0,0,98.35211436,3,0,0,-17.75726998,0,-1.380747887,-0.005345861,-2.98456055,9.469578732,0.026054137
229.3049416,-0.077439543,-17.75726998,0,0,98.35229193,3,0,0,9.716247776,0,-30.10626143,-0.132420911,4.701733317,3.342080611,0.057268027
230.0253839,0.042239894,9.716247776,0,0,98.35219477,3,0,0,10.67515594,0,27.47351776,0.119679437,0.720442297,3.476329822,0.057570898
230.9328122,0.046226241,10.67515594,0,0,98.35208802,3,0,0,18.78708661,0,0.958908159,0.003986348,0.907428282,5.742572902,0.057853622
228.7679891,0.082122882,18.78708661,0,0,98.35190015,3,0,0,-14.33604938,0,8.111930678,0.035896641,-2.164823085,6.754042358,0.061839563
230.2857477,-0.062253307,-14.33604938,0,0,98.35204351,3,0,0,18.54036589,0,-33.12313599,-0.144376189,1.517758581,1.417034194,0.071320902
228.3334871,0.081198628,18.54036589,0,0,98.3518581,3,0,0,-8.107377111,0,32.87641526,0.143451935,-1.952260585,8.676561367,0.059053535
229.7118912,-0.035293676,-8.107377111,0,0,98.35193918,3,0,0,16.87258111,0,-26.647743,-0.116492304,1.378404091,5.11183639,0.067243092
234.2918025,0.072015243,16.87258111,0,0,98.35177045,3,0,0,14.04525328,0,24.97995822,0.107308919,4.579911287,6.351321424,0.070440567
229.0168794,0.061328463,14.04525328,0,0,98.35163,3,0,0,-11.05395735,0,-2.827327824,-0.01068678,-5.27492303,5.402954758,0.066940511
232.177314,-0.04760998,-11.05395735,0,0,98.35174054,3,0,0,-13.47917797,0,-25.09921063,-0.108938444,3.160434596,6.059373163,0.062424351
232.5919487,-0.05795204,-13.47917797,0,0,98.35187533,3,0,0,27.61731926,0,-2.425220617,-0.01034206,0.41463466,-0.344535607,0.062862712
231.2863672,0.119407467,27.61731926,0,0,98.35159916,3,0,0,5.992063739,0,41.09649723,0.177359507,-1.3055815,6.800403667,0.078258767
229.6043389,0.026097345,5.992063739,0,0,98.35153924,3,0,0,7.955041682,0,-21.62525552,-0.093310122,-1.682028293,4.624300194,0.074623004
230.5823065,0.034499792,7.955041682,0,0,98.35145969,3,0,0,10.52431302,0,1.962977943,0.008402447,0.977967617,3.406257874,0.071844032
230.7068924,0.045617679,10.52431302,0,0,98.35135444,3,0,0,-5.781358607,0,2.569271343,0.011117887,0.124585869,7.721911948,0.063139132
227.5313734,-0.025409061,-5.781358607,0,0,98.35141226,3,0,0,15.65541517,0,-16.30567163,-0.071026741,-3.175518957,9.26147582,0.052055203
230.0132525,0.068063101,15.65541517,0,0,98.3512557,3,0,0,3692.308908,0,21.43677378,0.093472162,2.481879108,6.869095003,0.034634154
172.6404613,21.38727435,3692.308908,0,0,98.35121595,3,0,1,1.874102903,0,3676.653493,21.31921125,-57.37279127,744.1324639,9.551016161
226.2980419,0.008281569,1.874102903,0,0,98.3511972,3,0,0,10.44234303,0,-3690.434806,-21.37899278,53.65758068,742.9162762,9.553951562
233.0614873,0.044805099,10.44234303,0,0,98.35109278,3,0,0,10.76717611,0,8.56824013,0.03652353,6.763445408,742.8998822,9.55404196
228.6729819,0.047085476,10.76717611,0,0,98.35098511,3,0,0,20.75321014,0,0.324833075,0.002280377,-4.388505478,746.2095891,9.545894811
234.9737005,0.088321417,20.75321014,0,0,98.35077758,4,0,0,24.26377514,0,9.986034036,0.041235941,6.300718581,747.2291481,9.543647699
228.678901,0.106104127,24.26377514,0,0,98.35053494,4,0,0,12.80355289,0,3.510564997,0.01778271,-6.294799438,13.62012147,0.038711504
231.9524856,0.055199033,12.80355289,0,0,98.3504069,4,0,0,25.99840302,0,-11.46022225,-0.050905094,3.273584568,15.80601146,0.02740306
229.7105688,0.113178959,25.99840302,0,0,98.35014692,4,0,0,-1.299535899,0,13.19485013,0.057979926,-2.241916733,18.91722346,0.029708627
228.0841306,-0.005697616,-1.299535899,0,0,98.35015991,4,0,0,10.7445485,0,-27.29793892,-0.118876575,-1.626438239,16.50388106,0.048586788
231.1148994,0.046490073,10.7445485,0,0,98.35005247,4,0,0,18.35539994,0,12.04408439,0.052187689,3.0307688,14.50214873,0.048550679
227.4972847,0.08068404,18.35539994,0,0,98.34986892,4,0,0,0.154520021,0,7.610851445,0.034193967,-3.617614709,13.32047369,0.044036885
232.1120286,0.000665713,0.154520021,0,0,98.34986737,4,0,0,26.48184368,0,-18.20087992,-0.080018327,4.614743883,10.79066712,0.051084277
227.3413478,0.116484942,26.48184368,0,0,98.34960255,4,0,0,21.27082051,0,26.32732366,0.115819229,-4.770680805,10.88735525,0.052163937
229.9903633,0.092485703,21.27082051,0,0,98.34938984,4,0,0,-15.75007438,0,-5.211023169,-0.023999239,2.64901551,15.40142653,0.045016032
228.3028727,-0.068987631,-15.75007438,0,0,98.34954734,4,0,0,4.15616489,0,-37.02089489,-0.161473334,-1.687490572,10.10250195,0.076802277
230.1595519,0.018057755,4.15616489,0,0,98.34950578,4,0,0,14.09298549,0,19.90623927,0.087045387,1.856679145,7.262654944,0.074449003
230.6861451,0.061091599,14.09298549,0,0,98.34936485,4,0,0,10.35229566,0,9.936820598,0.043033844,0.526593256,10.05034804,0.073034422
226.761821,0.045652728,10.35229566,0,0,98.34926133,4,0,0,26.12928844,0,-3.74068983,-0.015438871,-3.924324134,6.824438434,0.061352973
228.2950112,0.114454049,26.12928844,0,0,98.34900004,4,0,0,18.51756537,0,15.77699279,0.068801322,1.533190179,7.796132021,0.067459595
229.0367474,0.080849757,18.51756537,0,0,98.34881486,4,0,0,19.6072706,0,-7.611723078,-0.033604292,0.741736203,14.64965997,0.036350014
228.7407028,0.085718328,19.6072706,0,0,98.34861879,4,0,0,6.431548651,0,1.089705231,0.004868571,-0.296044562,17.73988111,0.026114334
232.4734383,0.027665735,6.431548651,0,0,98.34855447,4,0,0,7.188165388,0,-13.17572195,-0.058052593,3.73273548,16.20759374,0.034358976
231.4090454,0.031062595,7.188165388,0,0,98.34848259,4,0,0,17.24532308,0,0.756616738,0.003396859,-1.064392896,15.57476769,0.03751082
227.1331137,0.075926063,17.24532308,0,0,98.34831014,4,0,0,16.12287962,0,10.05715769,0.044863468,-4.275931669,13.79797462,0.028426939
228.3527466,0.070605149,16.12287962,0,0,98.34814891,4,0,0,32.06604668,0,-1.122443459,-0.005320914,1.219632887,13.31903747,0.026898603
231.9363189,0.138253667,32.06604668,0,0,98.34782825,4,0,0,-0.377958804,0,15.94316706,0.067648519,3.583572252,15.81079269,0.044704427
230.4082515,-0.001640387,-0.377958804,0,0,98.34783203,4,0,0,3681.22878,0,-32.44400549,-0.139894055,-1.528067331,14.4488912,0.052645721
154.1391693,23.88250044,3681.22878,0,0,98.34763179,4,0,1,19.71713681,0,3681.606739,23.88414083,-76.26908218,749.2570141,10.64903769
226.3568941,0.087106412,19.71713681,0,0,98.34743462,4,0,0,12.97485176,0,-3661.511643,-23.79539403,72.21772479,749.7513768,10.64779015
226.7524999,0.057220325,12.97485176,0,0,98.34730487,4,0,0,-0.957449406,0,-6.742285055,-0.029886087,0.395605786,749.1217713,10.64928912
227.7027972,-0.004204821,-0.957449406,0,0,98.34731444,4,0,0,9.946828296,0,-13.93230116,-0.061425146,0.950297261,742.517072,10.66516754
228.5528339,0.043520914,9.946828296,0,0,98.34721497,4,0,0,1.944415601,0,10.9042777,0.047725735,0.850036707,744.5820295,10.66009792
230.8968413,0.008421144,1.944415601,0,0,98.34719553,4,0,0,-1.238730214,0,-8.002412695,-0.03509977,2.344007432,8.725156612,0.036968381
229.2935567,-0.005402377,-1.238730214,0,0,98.34720792,4,0,0,-16.18785404,0,-3.183145816,-0.013823521,-1.603284623,4.533983207,0.028739217
231.6816271,-0.069871117,-16.18785404,0,0,98.3473698,4,0,0,8.370584332,0,-14.94912382,-0.06446874,2.388070428,-1.298557952,0.041055376
229.9299507,0.036404932,8.370584332,0,0,98.34728609,4,0,0,25.11646567,0,24.55843837,0.106276049,-1.751676403,0.567048795,0.045186503
232.396445,0.108075946,25.11646567,0,0,98.34703492,4,0,0,14.77297344,0,16.74588134,0.071671014,2.466494304,3.60097627,0.064773771
230.9538399,0.063965048,14.77297344,0,0,98.3468872,4,0,0,16.20911529,0,-10.34349223,-0.044110898,-1.442605162,6.166687838,0.067936433
229.1012057,0.070750895,16.20911529,0,0,98.3467251,4,0,0,-1.435147747,0,1.436141845,0.006785847,-1.852634194,9.656256938,0.06749346
228.7922202,-0.006272712,-1.435147747,0,0,98.34673946,4,0,0,8.529460503,0,-17.64426303,-0.077023607,-0.30898545,12.6067982,0.042558133
229.5354439,0.037159666,8.529460503,0,0,98.34665416,4,0,0,-11.18839253,0,9.96460825,0.043432379,0.743223641,12.63857343,0.042478796
229.9112433,-0.048663964,-11.18839253,0,0,98.34676604,4,0,0,12.93431461,0,-19.71785304,-0.085823631,0.375799463,5.37760179,0.050375199
230.6022334,0.056089286,12.93431461,0,0,98.3466367,4,0,0,18.52289767,0,24.12270714,0.10475325,0.690990097,5.009870023,0.048890467
225.2008533,0.082250566,18.52289767,0,0,98.34645147,4,0,0,19.22794726,0,5.588583058,0.02616128,-5.401380158,5.472626499,0.051943366
230.2185144,0.083520421,19.22794726,0,0,98.34625919,4,0,0,16.51879907,0,0.705049596,0.001269855,5.017661159,9.605245501,0.054281487
228.8770889,0.072173231,16.51879907,0,0,98.34609401,4,0,0,13.5724063,0,-2.709148195,-0.01134719,-1.341425555,11.20311321,0.05572867
231.3996809,0.058653522,13.5724063,0,0,98.34595828,4,0,0,1.957397353,0,-2.946392766,-0.013519709,2.522592013,16.15527298,0.012829727
230.9942922,0.008473791,1.957397353,0,0,98.34593871,4,0,0,9.721331765,0,-11.61500895,-0.050179731,-0.405388657,13.95988953,0.031016546
232.573203,0.041799019,9.721331765,0,0,98.34584149,4,0,0,28.37448027,0,7.763934412,0.033325228,1.578910721,12.19957635,0.029321867
228.0393145,0.12442802,28.37448027,0,0,98.34555775,4,0,0,1.255767402,0,18.6531485,0.082629,-4.533888498,14.02888295,0.042664638
229.1567733,0.005479949,1.255767402,0,0,98.34554519,4,0,0,-12.94696143,0,-27.11871286,-0.118948071,1.117458806,10.97627662,0.048381805
229.9203302,-0.056310642,-12.94696143,0,0,98.34567466,4,0,0,0.460313247,0,-14.20272884,-0.061790591,0.763556917,5.67240307,0.066017898
231.5809289,0.001987699,0.460313247,0,0,98.34567006,4,0,0,25.25752764,0,13.40727468,0.058298341,1.660598718,5.372986249,0.066480366
232.7326048,0.108525953,25.25752764,0,0,98.34541748,4,0,0,-6.412822786,0,24.79721439,0.106538253,1.151675913,8.480225425,0.076950817
230.8884807,-0.027774546,-6.412822786,0,0,98.34548161,4,0,0,-1.284780387,0,-31.67035043,-0.136300499,-1.844124062,1.522764814,0.062350918
231.0774188,-0.005559956,-1.284780387,0,0,98.34549446,4,0,0,1.953046886,0,5.128042399,0.02221459,0.188938043,1.014655257,0.062585864
232.384312,0.008404384,1.953046886,0,0,98.34547493,4,0,0,2.937191605,0,3.237827272,0.01396434,1.306893199,3.99465692,0.052891156
230.706245,0.012731305,2.937191605,0,0,98.34544556,4,0,0,4.269862967,0,0.984144719,0.004326922,-1.678066994,4.490032592,0.05233822
230.0507195,0.018560529,4.269862967,0,0,98.34540286,4,0,0,9.497805468,0,1.332671362,0.005829223,-0.6555255,0.292499657,0.018516596
230.7679682,0.041157382,9.497805468,0,0,98.34530788,4,0,0,7.151718337,0,5.227942501,0.022596854,0.717248712,3.474625308,0.017089688
233.7964176,0.030589512,7.151718337,0,0,98.34523636,4,0,0,4.951721729,0,-2.34608713,-0.01056787,3.028449353,5.161925052,0.013443846
231.48947,0.0213907,4.951721729,0,0,98.34518685,4,0,0,-0.584934285,0,-2.199996609,-0.009198812,-2.306947573,5.761660021,0.011149588
231.0382762,-0.002531764,-0.584934285,0,0,98.34519269,4,0,0,5.78311526,0,-5.536656014,-0.023922463,-0.451193756,5.057234843,0.016237723
229.5423639,0.025194109,5.78311526,0,0,98.34513486,4,0,0,25.40078719,0,6.368049546,0.027725872,-1.495912305,5.359885302,0.016174348
231.7462151,0.10960605,25.40078719,0,0,98.34488086,5,0,0,-6.460634547,0,19.61767193,0.084411941,2.203851161,8.540481647,0.04259815
233.1503906,-0.02771016,-6.460634547,0,0,98.34494546,5,0,0,22.40291347,0,-31.86142174,-0.137316209,1.404175546,5.81801107,0.051738349
230.4469005,0.097215078,22.40291347,0,0,98.34472143,5,0,0,14.653564,0,28.86354802,0.124925238,-2.703490131,9.308249419,0.060685191
230.3635464,0.063610603,14.653564,0,0,98.3445749,5,0,0,3.839885357,0,-7.749349469,-0.033604476,-0.083354129,12.35594908,0.056029903
229.7660366,0.016712154,3.839885357,0,0,98.3445365,5,0,0,-1.505019869,0,-10.81367865,-0.046898449,-0.597509749,11.9673031,0.057220066
227.9415088,-0.006602658,-1.505019869,0,0,98.34455155,5,0,0,16.79114095,0,-5.344905225,-0.023314812,-1.824527824,6.586141683,0.051198494
229.9729107,0.07301356,16.79114095,0,0,98.34438364,5,0,0,-1.323829379,0,18.29616082,0.079616218,2.031401922,11.23649678,0.042569808
229.7976063,-0.005760849,-1.323829379,0,0,98.34439688,5,0,0,13.66722451,0,-18.11497033,-0.078774409,-0.175304402,6.491148213,0.037943052
229.744718,0.059488743,13.66722451,0,0,98.3442602,5,0,0,10.50796963,0,14.99105389,0.065249592,-0.052888283,6.293880314,0.037014634
231.3380767,0.045422568,10.50796963,0,0,98.34415512,5,0,0,0.974108296,0,-3.159254873,-0.014066175,1.593358632,7.627497169,0.037174486
229.2276012,0.004249524,0.974108296,0,0,98.34414538,5,0,0,-5.773691715,0,-9.533861338,-0.041173044,-2.110475422,8.123322802,0.03449637
231.0434251,-0.024989639,-5.773691715,0,0,98.34420312,5,0,0,15.77441761,0,-6.747800011,-0.029239163,1.815823855,3.610356269,0.035525384
228.0568553,0.069168794,15.77441761,0,0,98.34404538,5,0,0,7.68785144,0,21.54810932,0.094158433,-2.986569843,7.030005665,0.039769185
228.6851486,0.033617624,7.68785144,0,0,98.3439685,5,0,0,8.48833414,0,-8.086566166,-0.035551169,0.628293384,5.834131052,0.036642033
230.0715603,0.036894322,8.48833414,0,0,98.34388361,5,0,0,36.91933159,0,0.8004827,0.003276697,1.386411682,5.430203953,0.035667996
230.5496391,0.16013615,36.91933159,0,0,98.34351442,5,0,0,18.24826762,0,28.43099745,0.123241828,0.478078779,12.61924861,0.067892788
234.6676411,0.077762181,18.24826762,0,0,98.34333194,5,0,0,19.5699329,0,-18.67106397,-0.082373969,4.118002046,17.42364048,0.051119982
231.4314015,0.084560404,19.5699329,0,0,98.34313624,5,0,0,16.00760941,0,1.321665287,0.006798223,-3.236239607,18.18274354,0.05110565
233.1029485,0.068671844,16.00760941,0,0,98.34297616,5,0,0,21.63193006,0,-3.562323494,-0.01588856,1.671547002,19.84669513,0.045488887
230.5964772,0.093808589,21.63193006,0,0,98.34275984,5,0,0,21.37623164,0,5.624320651,0.025136744,-2.506471375,22.47541432,0.036481774
229.6605237,0.093077518,21.37623164,0,0,98.34254608,5,0,0,-5.72157952,0,-0.255698422,-0.00073107,-0.935953454,19.36679433,0.01062883
233.2720768,-0.024527494,-5.72157952,0,0,98.3426033,5,0,0,17.50362339,0,-27.09781116,-0.117605013,3.61155305,14.5728249,0.05002959
225.1882536,0.077728847,17.50362339,0,0,98.34242826,5,0,0,17.06698989,0,23.22520291,0.102256342,-8.083823132,14.159563,0.049386759
229.0408128,0.07451506,17.06698989,0,0,98.34225759,5,0,0,-17.94746104,0,-0.436633504,-0.003213787,3.852559214,14.37143909,0.049659824
234.522408,-0.076527702,-17.94746104,0,0,98.34243706,5,0,0,4.785365116,0,-35.01445092,-0.151042762,5.481595196,6.455560873,0.075088665
229.3822017,0.020861972,4.785365116,0,0,98.34238921,5,0,0,19.06908802,0,22.73282615,0.097389675,-5.140206322,3.137387568,0.066047931
228.761864,0.08335781,19.06908802,0,0,98.34219852,5,0,0,7.990067604,0,14.28372291,0.062495838,-0.620337674,8.095521077,0.0677479
227.2034184,0.035167022,7.990067604,0,0,98.34211862,5,0,0,8.725853266,0,-11.07902042,-0.048190788,-1.558445669,6.192809919,0.063747779
231.8548369,0.037634985,8.725853266,0,0,98.34203136,5,0,0,25.70636396,0,0.735785662,0.002467963,4.651418509,4.524582595,0.058892985
231.4619793,0.111060849,25.70636396,0,0,98.3417743,5,0,0,5.292891616,0,16.9805107,0.073425864,-0.392857629,13.25534759,0.037990291
231.1059452,0.022902447,5.292891616,0,0,98.34172137,5,0,0,27.36630098,0,-20.41347235,-0.088158402,-0.356034034,13.35685289,0.03750462
229.9599485,0.11900464,27.36630098,0,0,98.34144771,5,0,0,17.16358746,0,22.07340937,0.096102194,-1.145996727,15.01629549,0.045959327
229.9608291,0.074637005,17.16358746,0,0,98.34127607,5,0,0,-3.707111173,0,-10.20271352,-0.044367636,0.00088063,16.85099946,0.042802373
229.3812521,-0.016161352,-3.707111173,0,0,98.34131314,5,0,0,0.879122462,0,-20.87069864,-0.090798357,-0.579577061,14.36440657,0.057994803
229.8977588,0.003823971,0.879122462,0,0,98.34130435,5,0,0,-3.156082181,0,4.586233635,0.019985324,0.516506686,9.39895827,0.055211061
228.8485698,-0.013791138,-3.156082181,0,0,98.34133591,5,0,0,-3.08576988,0,-4.035204643,-0.017615109,-1.049188974,7.709163511,0.060387633
231.8281249,-0.013310593,-3.08576988,0,0,98.34136677,5,0,0,-0.24902417,0,0.070312301,0.000480545,2.979555078,1.618749338,0.038620213
233.4950339,-0.001066507,-0.24902417,0,0,98.34136926,5,0,0,257.8759215,0,2.83674571,0.012244086,1.666909004,-1.863772988,0.008890667
230.7570809,1.117521163,257.8759215,1,0,98.3387905,5,1,0,94.9648742,0,258.1249457,1.118587671,-2.737952922,50.45283355,0.502550876
230.9233723,0.411239769,94.9648742,1,0,98.33784085,5,1,0,113.174031,0,-162.9110473,-0.706281394,0.166291325,69.26998389,0.491931021
233.0678577,0.485584036,113.174031,1,0,98.33670911,5,1,0,102.2279114,0,18.20915684,0.074344267,2.144485437,92.53600654,0.462051829
231.6621152,0.44128023,102.2279114,1,0,98.33568683,5,1,0,100.6903869,0,-10.94611967,-0.044303807,-1.405742544,113.5987428,0.401098884
233.6403675,0.430963142,100.6903869,1,0,98.33467993,5,1,0,105.5680421,0,-1.53752449,-0.010317088,1.978252343,133.786625,0.303208911
230.3451511,0.458303731,105.5680421,1,0,98.33362425,5,1,0,98.12564484,0,4.877655208,0.027340589,-3.295216431,103.3250491,0.028167145
229.5311842,0.427504634,98.12564484,1,0,98.33264299,5,1,0,125.69204,0,-7.442397256,-0.030799097,-0.813966898,103.9572032,0.023830405
228.9472502,0.548999998,125.69204,1,0,98.33138607,5,1,0,93.99449447,0,27.56639516,0.121495364,-0.583933927,106.460805,0.050406967
227.4510973,0.413251444,93.99449447,1,0,98.33044612,5,1,0,102.6805528,0,-31.69754552,-0.135748554,-1.496152933,104.8141217,0.054590258
230.4885422,0.44549092,102.6805528,1,0,98.32941932,5,1,0,112.4968997,0,8.686058329,0.032239476,3.03744492,105.2121548,0.053309118
232.8124105,0.483208345,112.4968997,1,0,98.32829435,5,1,0,119.9022372,0,9.816346879,0.037717425,2.323868314,106.5979264,0.054413686
229.5597624,0.522313823,119.9022372,1,0,98.32709533,5,1,0,100.0968079,0,7.405337487,0.039105478,-3.252648121,110.9532448,0.055165228
232.0605571,0.431339169,100.0968079,1,0,98.32609436,5,1,0,104.5022489,0,-19.80542928,-0.090974654,2.500794708,105.8341984,0.043689697
228.3054071,0.457730065,104.5022489,1,0,98.32504934,5,1,0,112.5076211,0,4.405441058,0.026390896,-3.755149982,107.9357493,0.035837936
232.8682361,0.483138546,112.5076211,1,0,98.32392426,5,1,0,103.0778578,0,8.005372141,0.025408481,4.562828903,109.901163,0.033820257
229.2139673,0.449701469,103.0778578,1,0,98.32289348,5,1,0,116.7961096,0,-9.429763297,-0.033437077,-3.654268792,108.0173546,0.035213365
228.2726438,0.511651802,116.7961096,1,0,98.32172552,5,1,0,94.44544212,0,13.7182518,0.061950333,-0.941323471,107.3961291,0.031267746
231.5538351,0.407876821,94.44544212,1,0,98.32078107,5,1,0,107.4171439,0,-22.35066747,-0.103774981,3.281191321,106.2658559,0.038765134
231.2191469,0.464568551,107.4171439,1,0,98.3197069,5,1,0,105.2699082,0,12.97170182,0.05669173,-0.334688174,106.8488349,0.038696526
229.1399145,0.45941323,105.2699082,1,0,98.3186542,5,1,0,113.10785,0,-2.14723575,-0.005155321,-2.079232461,105.4012923,0.037090411
229.9701998,0.491836986,113.10785,1,0,98.31752312,5,1,0,90.33678746,0,7.837941755,0.032423756,0.830285287,107.4072908,0.039273581
230.4661359,0.391974236,90.33678746,1,0,98.31661975,5,1,0,95.3637353,0,-22.77106249,-0.09986275,0.495936116,102.1154263,0.04170379
230.7147771,0.413340387,95.3637353,1,0,98.31566611,6,1,0,121.836472,0,5.026947842,0.021366152,0.248641228,102.299085,0.040606173
233.1058035,0.522665975,121.836472,1,0,98.31444775,6,1,0,104.9613389,0,26.4727367,0.109325587,2.391026421,105.1829506,0.053989153
229.6252967,0.457098327,104.9613389,1,0,98.31339813,6,1,0,78.89848506,0,-16.87513313,-0.065567648,-3.480506776,105.1212367,0.053960835
231.181924,0.341283106,78.89848506,1,0,98.31260915,6,1,0,110.8403341,0,-26.06285381,-0.115815221,1.556627221,98.27936374,0.068563365
230.1017621,0.48170137,110.8403341,1,0,98.31150075,6,1,0,95.17740606,0,31.94184901,0.140418264,-1.080161826,102.3800731,0.069406427
232.0786676,0.410108379,95.17740606,1,0,98.31054897,6,1,0,93.27445168,0,-15.66292801,-0.071592991,1.976905427,102.3428072,0.069768355
230.2678357,0.40506939,93.27445168,1,0,98.30961623,6,1,0,103.2115237,0,-1.902954376,-0.005038989,-1.810831822,96.63040315,0.054073952
228.6760063,0.451343914,103.2115237,1,0,98.30858411,6,1,0,101.2556552,0,9.937072005,0.046274524,-1.591829419,96.28044011,0.053114481
230.1516583,0.439951882,101.2556552,1,0,98.30757156,6,1,0,85.89184769,0,-1.955868532,-0.011392032,1.475651955,100.7518741,0.031437959
229.6515076,0.374009509,85.89184769,1,0,98.30671264,6,1,0,110.1442983,0,-15.36380746,-0.065942372,-0.500150665,95.76217686,0.030578706
229.5488455,0.479829459,110.1442983,1,0,98.30561119,6,1,0,92.83492074,0,24.25245059,0.105819949,-0.102662168,98.7555553,0.041212982
228.9564434,0.405469789,92.83492074,1,0,98.30468285,6,1,0,109.3241872,0,-17.30937755,-0.07435967,-0.592402016,98.66764911,0.041152675
230.1771846,0.474956662,109.3241872,1,0,98.3035896,6,1,0,102.4797923,0,16.48926649,0.069486873,1.220741201,99.89018182,0.045338965
231.4552852,0.442762809,102.4797923,1,0,98.30256481,6,1,0,77.16302661,0,-6.844394981,-0.032193853,1.278100533,100.1350092,0.045435468
231.7549725,0.3329509,77.16302661,1,0,98.30179318,6,1,0,102.367204,0,-25.31676564,-0.109811909,0.299687331,98.38924502,0.060514161
230.7765888,0.443577074,102.367204,1,0,98.3007695,6,1,0,97.15183695,0,25.20417735,0.110626174,-0.978383692,96.83382616,0.054504393
231.0576971,0.420465703,97.15183695,1,0,98.29979798,6,1,0,103.9763956,0,-5.215367009,-0.023111371,0.281108265,97.6972094,0.053918285
227.2850083,0.457471421,103.9763956,1,0,98.29875822,6,1,0,115.4806865,0,6.824558662,0.037005718,-3.772688791,96.62765107,0.050135709
228.6580732,0.505036559,115.4806865,1,0,98.29760341,6,1,0,90.04788331,0,11.50429092,0.047565139,1.373064937,99.22782993,0.063365755
227.7210059,0.395430729,90.04788331,1,0,98.29670293,6,1,0,118.3380527,0,-25.43280322,-0.109605831,-0.937067298,101.8048013,0.041289138
229.0145227,0.516727286,118.3380527,1,0,98.29551955,6,1,0,101.3491982,0,28.29016943,0.121296557,1.293516793,104.998971,0.052392943
230.421147,0.439843302,101.3491982,1,0,98.29450606,6,1,0,92.37935001,0,-16.98885458,-0.076883984,1.406624273,105.8384433,0.049462232
229.05047,0.403314387,92.37935001,1,0,98.29358227,6,1,0,110.938613,0,-8.969848149,-0.036528915,-1.370676966,103.5190342,0.056392885
226.5930877,0.489593986,110.938613,1,0,98.29247288,6,1,0,99.23388971,0,18.55926299,0.086279598,-2.457382289,102.6106194,0.053093179
232.7484919,0.426356746,99.23388971,1,0,98.29148054,6,1,0,80.73048132,0,-11.70472329,-0.06323724,6.155404192,104.4478207,0.046713023
228.3646131,0.353515723,80.73048132,1,0,98.29067324,6,1,0,127.6529508,0,-18.50340839,-0.072841023,-4.383878869,96.92630644,0.049860261
231.2539074,0.552003433,127.6529508,1,0,98.28939671,6,1,0,101.9250215,0,46.92246947,0.19848771,2.889294365,102.187057,0.077286776
230.167223,0.442830305,101.9250215,1,0,98.28837746,6,1,0,94.41718322,0,-25.72792931,-0.109173128,-1.086684437,104.0961913,0.073910602
228.8785917,0.412520815,94.41718322,1,0,98.28743329,6,1,0,97.07542748,0,-7.507838267,-0.03030949,-1.288631267,100.7919053,0.072354896
226.3215173,0.42892708,97.07542748,1,0,98.28646253,6,1,0,96.41693243,0,2.658244265,0.016406265,-2.557074459,100.3602129,0.072265493
230.8282563,0.417699869,96.41693243,1,0,98.28549836,6,1,0,91.22323446,0,-0.65849505,-0.011227211,4.50673908,103.4975031,0.057760259
226.2555569,0.403186714,91.22323446,1,0,98.28458613,6,1,0,100.1665757,0,-5.19369797,-0.014513155,-4.572699429,96.21155981,0.015325599
225.7869211,0.443633206,100.1665757,1,0,98.28358447,6,1,0,104.3093361,0,8.943341267,0.040446493,-0.468635845,95.85987066,0.015612607
230.3468383,0.452835979,104.3093361,1,0,98.28254137,6,1,0,123.1383415,0,4.142760384,0.009202773,4.559917276,97.83830124,0.019849304
231.0558173,0.532937638,123.1383415,1,0,98.28130999,6,1,0,101.0112025,0,18.82900541,0.080101659,0.708978926,103.0508841,0.050403362
228.5931813,0.441881958,101.0112025,1,0,98.28029988,6,1,0,125.8753562,0,-22.12713906,-0.09105568,-2.462635992,103.9697381,0.04760464
229.7807122,0.54780645,125.8753562,1,0,98.27904112,6,1,0,100.8420133,0,24.86415377,0.105924492,1.187530954,110.9001624,0.05205909
229.2175716,0.439940152,100.8420133,1,0,98.2780327,6,1,0,106.1204213,0,-25.03334294,-0.107866298,-0.563140649,111.0352499,0.05279281
230.7489435,0.459895589,106.1204213,1,0,98.2769715,6,1,0,111.8187999,0,5.278408045,0.019955437,1.531371926,111.397467,0.051868019
232.6672363,0.480595385,111.8187999,1,0,98.27585331,6,1,0,108.7591224,0,5.698378553,0.020699795,1.918292798,109.1335586,0.044388807
230.2130271,0.472428184,108.7591224,1,0,98.27476572,6,1,0,74.54757607,0,-3.059677507,-0.0081672,-2.454209239,110.6831426,0.040817556
228.3428852,0.326472077,74.54757607,1,0,98.27402024,6,1,0,114.2129617,0,-34.21154632,-0.145956107,-1.870141877,100.4175866,0.063044749
230.7248811,0.495017968,114.2129617,1,0,98.27287811,6,1,0,96.89993818,0,39.66538568,0.16854589,2.381995926,103.0917763,0.068509441
231.3733795,0.418803314,96.89993818,1,0,98.27190912,6,1,0,112.8975543,0,-17.31302357,-0.076214653,0.648498344,101.2476797,0.06902084
229.2471281,0.492470964,112.8975543,1,0,98.27078014,6,1,0,97.34089181,0,15.99761609,0.07366765,-2.126251385,101.4634305,0.071000462
229.1964249,0.424705106,97.34089181,1,0,98.26980673,6,1,0,109.4491536,0,-15.55666245,-0.067765859,-0.0507032,99.17978441,0.068902524
227.8141892,0.48043168,109.4491536,1,0,98.26871224,6,1,0,101.6393537,0,12.1082618,0.055726574,-1.382235664,106.1600999,0.037466142
232.5730302,0.437021238,101.6393537,1,0,98.26769585,6,1,0,109.9575164,0,-7.809799917,-0.043410441,4.758841021,103.6453783,0.033574644
228.6684069,0.480860115,109.9575164,1,0,98.26659627,6,1,0,95.29221975,0,8.318162711,0.043838877,-3.90462337,106.256894,0.030136075
226.9303136,0.419918424,95.29221975,1,0,98.26564335,6,1,0,105.0409748,0,-14.66529665,-0.06094169,-1.738093251,102.7358271,0.029923388
228.4011863,0.4598968,105.0409748,1,0,98.26459294,6,1,0,101.9309987,0,9.748755017,0.039978376,1.470872723,104.2758436,0.026886289
230.683214,0.441865695,101.9309987,1,0,98.26357363,6,1,0,80.88717561,0,-3.109976086,-0.018031105,2.282027671,102.7722127,0.023281003
230.7463213,0.350545895,80.88717561,1,0,98.26276476,6,1,0,109.2700466,0,-21.04382308,-0.0913198,0.063107287,98.62177705,0.050085057
230.6859446,0.473674488,109.2700466,1,0,98.26167206,6,1,0,84.23073018,0,28.38287104,0.123128593,-0.060376656,98.48428309,0.048356249
231.6274956,0.363647372,84.23073018,1,0,98.26082975,6,1,0,79.8031697,0,-25.03931646,-0.110027115,0.94155101,96.27198518,0.056852438
228.2174305,0.349680432,79.8031697,1,0,98.26003172,6,1,0,101.9322584,0,-4.427560478,-0.01396694,-3.410065147,91.22442417,0.057868795
231.0346154,0.441199074,101.9322584,1,0,98.25901239,6,1,0,109.2220068,0,22.12908869,0.091518642,2.817184917,91.22467611,0.057736988
231.3489719,0.472109324,109.2220068,1,0,98.25792017,6,1,0,102.2366462,0,7.289748382,0.03091025,0.314356453,96.89164234,0.059510869
226.9501346,0.450480659,102.2366462,1,0,98.25689781,6,1,0,106.6811022,0,-6.985360542,-0.021628665,-4.398837229,95.48496225,0.055021781
232.5383278,0.458767822,106.6811022,1,0,98.255831,6,1,0,117.1027265,0,4.444455986,0.008287163,5.588193188,99.97503666,0.048728823
230.0468637,0.50903857,117.1027265,1,0,98.25465997,7,1,0,110.0880569,0,10.42162429,0.050270748,-2.491464087,107.434948,0.026445101
231.4986254,0.475545186,110.0880569,1,0,98.25355909,7,1,0,96.27795833,0,-7.014669627,-0.033493384,1.451761695,109.0661077,0.022447428
229.8449731,0.418882158,96.27795833,1,0,98.25259631,7,1,0,103.1943335,0,-13.81009854,-0.056663028,-1.653652333,106.477298,0.033154623
230.2061718,0.448269187,103.1943335,1,0,98.25156437,7,1,0,85.17451482,0,6.916375206,0.029387029,0.361198698,106.6688355,0.033369818
229.5908863,0.370983867,85.17451482,1,0,98.25071262,7,1,0,118.1718675,0,-18.01981871,-0.07728532,-0.615285542,102.367518,0.052924766
227.8346409,0.518673837,118.1718675,1,0,98.2495309,7,1,0,-1162.982647,0,32.99735265,0.14768997,-1.756245332,102.5813462,0.05594918
232.5965294,-5,-1162.982647,1,0,98.24850202,7,1,1,85.01815394,0,-1281.154514,-5.518673837,4.761888441,-152.0327945,2.433074269
231.0131723,0.368022971,85.01815394,1,0,98.24765184,7,1,0,103.4503983,0,1248.000801,5.368022971,-1.583357065,-154.2847554,2.427595749
231.1451846,0.447555931,103.4503983,1,0,98.24661734,7,1,0,114.407516,0,18.43224437,0.07953296,0.132012342,-154.2335425,2.427514451
230.3912138,0.496579336,114.407516,1,0,98.24547326,7,1,0,85.66679498,0,10.95711766,0.049023405,-0.753970796,-148.3869422,2.441446074
227.5393339,0.376492247,85.66679498,1,0,98.24461659,7,1,0,90.26243026,0,-28.74072099,-0.120087089,-2.851879976,-154.8879567,2.425442101
228.1213502,0.395677258,90.26243026,1,0,98.24371397,7,1,0,104.8342562,0,4.595635282,0.019185011,0.582016353,95.76105869,0.054223454
229.0407871,0.457709989,104.8342562,1,0,98.24266563,7,1,0,115.7842021,0,14.57182592,0.062032732,0.91943688,99.72427914,0.048566065
228.9173271,0.505790469,115.7842021,1,0,98.24150779,7,1,0,102.460046,0,10.94994596,0.048080479,-0.123459983,102.1910399,0.058380193
229.2836822,0.446870204,102.460046,1,0,98.24048318,7,1,0,93.56409997,0,-13.32415617,-0.058920264,0.366355125,99.8015459,0.051541246
229.0612672,0.408467573,93.56409997,1,0,98.23954754,7,1,0,90.93449708,0,-8.895945998,-0.038402631,-0.222415052,101.3810069,0.043605873
230.1546074,0.395101789,90.93449708,1,0,98.2386382,7,1,0,90.10749205,0,-2.62960289,-0.013365785,1.093340177,101.5154203,0.043762163
228.6823532,0.394029057,90.10749205,1,0,98.23773712,7,1,0,107.9796832,0,-0.827005023,-0.001072732,-1.472254131,98.57006744,0.047445297
230.5566959,0.468343298,107.9796832,1,0,98.23665733,7,1,0,100.559114,0,17.87219118,0.07431424,1.874342645,97.00916366,0.033367877
231.2482474,0.434853518,100.559114,1,0,98.23565174,7,1,0,95.22519117,0,-7.420569245,-0.033489779,0.691551534,96.62897726,0.031563359
224.816894,0.423567773,95.22519117,1,0,98.23469948,7,1,0,86.21652005,0,-5.333922819,-0.011285745,-6.43135341,96.9611955,0.030880043
231.3261586,0.37270545,86.21652005,1,0,98.23383732,7,1,0,104.3856402,0,-9.008671113,-0.050862323,6.509264641,96.0176001,0.036990683
228.4922124,0.456845505,104.3856402,1,0,98.23279346,7,1,0,102.8898475,0,18.16912015,0.084140055,-2.833946279,98.87322973,0.037183693
228.2126863,0.450850692,102.8898475,1,0,98.23176456,7,1,0,109.0256844,0,-1.495792675,-0.005994813,-0.279526083,97.85526259,0.03345909
231.3194995,0.471320769,109.0256844,1,0,98.23067431,7,1,0,95.17333383,0,6.135836895,0.020470077,3.106813175,99.54857668,0.038919657
230.2778067,0.4132979,95.17333383,1,0,98.22972257,7,1,0,127.7970834,0,-13.8523506,-0.05802287,-1.041692722,99.53820521,0.039935392
228.3954559,0.559543021,127.7970834,1,0,98.2284446,7,1,0,112.7707465,0,32.62374953,0.146245121,-1.882350845,107.8543179,0.054253736
230.6997734,0.488820361,112.7707465,1,0,98.2273169,7,1,0,101.8343734,0,-15.02633691,-0.07072266,2.304317536,109.5313391,0.054145167
229.2039082,0.444295973,101.8343734,1,0,98.22629855,7,1,0,102.5475338,0,-10.936373,-0.044524387,-1.495865236,109.3202443,0.055002068
229.6836339,0.446472968,102.5475338,1,0,98.22527308,7,1,0,94.07089263,0,0.713160329,0.002176995,0.47972573,108.0246142,0.056569258
229.8765641,0.409223502,94.07089263,1,0,98.22433237,7,1,0,95.67633295,0,-8.476641149,-0.037249466,0.192930191,107.8041259,0.057618614
231.7623321,0.412820893,95.67633295,1,0,98.2233756,7,1,0,101.4707836,0,1.605440322,0.003597391,1.885768022,101.3799759,0.032129213
230.2560023,0.440686812,101.4707836,1,0,98.2223609,7,1,0,110.6455175,0,5.794450691,0.027865919,-1.506329862,99.11998329,0.018126471
231.9807827,0.476959842,110.6455175,1,0,98.22125444,7,1,0,92.95975264,0,9.174733831,0.03627303,1.724780436,100.8822121,0.027640598
227.5336425,0.408553881,92.95975264,1,0,98.22032484,7,1,0,17.52323956,0,-17.68576484,-0.068405961,-4.447140177,98.96465587,0.029603797
228.4874701,0.076692344,17.52323956,0,0,98.22014961,7,0,0,25.45915231,0,-75.43651308,-0.331861537,0.95382762,83.65512525,0.162443326
230.9725479,0.11022588,25.45915231,0,0,98.21989502,7,0,0,4205.029014,0,7.935912755,0.033533536,2.485077725,69.61168912,0.19283258
169.1948548,24.85317309,4205.029014,0,0,98.21961317,7,0,1,15.45691943,0,4179.569861,24.74294721,-61.77769305,890.3233351,10.99619539
232.6450612,0.066439921,15.45691943,0,0,98.2194586,7,0,0,21.38415857,0,-4189.572094,-24.78673317,63.45020638,871.2856155,11.04157667
232.8986657,0.091817437,21.38415857,0,0,98.21924476,7,0,0,13.20650999,0,5.927239134,0.025377516,0.253604532,856.9704967,11.07609739
232.1008785,0.056899871,13.20650999,0,0,98.21911269,7,0,0,11.88334302,0,-8.177648576,-0.034917566,-0.797787273,856.1071508,11.07831786
231.4228481,0.051349048,11.88334302,0,0,98.21899386,7,0,0,-7.05230788,0,-1.323166968,-0.005550822,-0.678030395,853.3919889,11.08489145
229.6765948,-0.030705383,-7.05230788,0,0,98.21906438,7,0,0,10.69659897,0,-18.9356509,-0.082054432,-1.746253313,10.97572463,0.046209937
232.3840082,0.046029841,10.69659897,0,0,98.21895742,7,0,0,8.659810067,0,17.74890685,0.076735224,2.707413437,10.02366053,0.044965787
228.7655637,0.037854518,8.659810067,0,0,98.21887082,7,0,0,9.989536575,0,-2.0367889,-0.008175323,-3.618444481,7.478790834,0.035906331
229.1920694,0.043585874,9.989536575,0,0,98.21877092,7,0,0,15.9424527,0,1.329726508,0.005731356,0.426505647,6.835396151,0.034071393
227.692684,0.070017413,15.9424527,0,0,98.2186115,7,0,0,8.552087497,0,5.952916123,0.026431539,-1.499385355,7.647218085,0.037859719
229.095852,0.037329735,8.552087497,0,0,98.21852598,7,0,0,3.560340578,0,-7.390365201,-0.032687678,1.403168036,10.76809716,0.013412177
227.1931568,0.015670985,3.560340578,0,0,98.21849037,7,0,0,17.25591816,0,-4.991746919,-0.02165875,-1.902695247,9.340845483,0.019452264
229.9349686,0.07504695,17.25591816,0,0,98.21831781,7,0,0,16.80709696,0,13.69557758,0.059375965,2.741811763,11.0600671,0.024465604
226.9725655,0.074049024,16.80709696,0,0,98.21814974,7,0,0,6.740624243,0,-0.448821206,-0.000997926,-2.962403034,12.42357918,0.026681511
227.5107797,0.029627714,6.740624243,0,0,98.21808234,7,0,0,7.786937051,0,-10.06647271,-0.04442131,0.538214228,10.58321349,0.026893088
230.0738488,0.033845381,7.786937051,0,0,98.21800447,7,0,0,-9.130767674,0,1.046312808,0.004217667,2.563069019,10.4301834,0.027228153
229.7301653,-0.039745619,-9.130767674,0,0,98.21809578,7,0,0,9.935635472,0,-16.91770473,-0.073591,-0.343683484,7.891961747,0.046756655
227.8650008,0.043603166,9.935635472,0,0,98.21799642,7,0,0,1.034947826,0,19.06640315,0.083348785,-1.865164487,6.42790521,0.041802744
230.3760633,0.004492428,1.034947826,0,0,98.21798607,7,0,0,11.2030348,0,-8.900687646,-0.039110738,2.511062537,3.273475384,0.033513926
231.5780669,0.048376925,11.2030348,0,0,98.21787404,7,0,0,6.785555811,0,10.16808697,0.043884497,1.202003519,4.165957494,0.036559203
231.207672,0.029348316,6.785555811,0,0,98.21780618,7,0,0,23.47311156,0,-4.417478985,-0.019028609,-0.3703949,3.965681246,0.036128224
227.4074226,0.103220516,23.47311156,0,0,98.21757145,7,0,0,29.78678602,0,16.68755575,0.0738722,-3.800249317,10.48645709,0.036350913
228.3418705,0.1304482,29.78678602,0,0,98.21727359,7,0,0,13.75772575,0,6.313674459,0.027227684,0.934447857,14.4566872,0.052288141
228.5900775,0.06018514,13.75772575,0,0,98.25948263,8,0,0,15.55379769,1,-16.02906027,-0.07026306,0.248206984,17.00124279,0.041475608
230.0352454,0.067614846,15.55379769,0,0,98.28685667,8,0,0,2.050975178,1,1.796071944,0.007429706,1.445167915,17.87139537,0.039303186
230.3975479,0.008901897,2.050975178,0,0,98.31162786,8,0,0,6.505001714,1,-13.50282251,-0.058712949,0.362302476,16.92447924,0.04612373
235.6240052,0.027607551,6.505001714,0,0,98.35621917,8,0,0,-3.747766598,1,4.454026535,0.018705654,5.226457352,13.53085727,0.046571879
230.6564782,-0.016248261,-3.747766598,0,0,98.36671589,8,0,0,8.01478808,1,-10.25276831,-0.043855812,-4.967526979,6.823946746,0.035053612
229.3503867,0.034945605,8.01478808,0,0,98.39996153,8,0,0,-1.398750663,1,11.76255468,0.051193866,-1.306091509,5.675359213,0.031150274
230.0518133,-0.006080155,-1.398750663,0,0,98.44280612,8,0,0,4.383259703,1,-9.413538743,-0.04102576,0.701426596,2.284849542,0.0216847
227.0065689,0.019308955,4.383259703,0,0,98.46852143,8,0,0,11.3174034,1,5.782010366,0.02538911,-3.045244378,2.751306447,0.022069946
228.9434545,0.049433182,11.3174034,0,0,98.50419934,8,0,0,18.02476521,1,6.9341437,0.030124226,1.936885547,3.713786785,0.027453492
230.973413,0.078038268,18.02476521,0,0,98.51884849,8,0,0,0.013610722,1,6.70736181,0.028605087,2.029958473,8.068293147,0.031600304
231.5947686,5.88E-05,0.013610722,0,0,98.54516693,8,0,0,24.27178856,1,-18.01115449,-0.077979499,0.621355633,6.468057675,0.035287384
230.8493335,0.105141255,24.27178856,0,0,98.59181954,8,0,0,12.88195651,1,24.25817784,0.105082485,-0.745435133,11.60216552,0.042609582
230.2092725,0.055957592,12.88195651,0,0,98.6237941,8,0,0,3.657289719,1,-11.38983205,-0.049183663,-0.640060954,13.30190488,0.038917227
231.4055918,0.015804673,3.657289719,0,0,98.64400865,8,0,0,18.33106764,1,-9.224666794,-0.040152919,1.196319282,11.76988215,0.043360815
231.3446916,0.079237036,18.33106764,0,0,98.66926152,8,0,0,22.8372637,1,14.67377792,0.063432363,-0.060900158,11.83114263,0.04355059
229.3070703,0.099592497,22.8372637,0,0,98.70842859,8,0,0,14.23277072,1,4.506196068,0.020355461,-2.037621327,16.39587323,0.03648183
229.0570057,0.062136369,14.23277072,0,0,98.7298043,8,0,0,7.756867938,1,-8.604492981,-0.037456128,-0.250064568,14.38806966,0.031142255
231.7100812,0.03347661,7.756867938,0,0,98.77021695,8,0,0,2.598146945,1,-6.475902784,-0.02865976,2.653075494,13.36305194,0.033837432
231.1213273,0.011241485,2.598146945,0,0,98.80348084,8,0,0,14.69075616,1,-5.158720994,-0.022235125,-0.588753894,13.15122339,0.03529195
231.5899524,0.063434342,14.69075616,0,0,98.84798517,8,0,0,26.11960555,1,12.09260922,0.052192857,0.468625039,12.42316109,0.033479025
230.1915869,0.113468984,26.11960555,0,0,98.87584959,8,0,0,-4.570266472,1,11.42884939,0.050034643,-1.398365497,13.07962946,0.038416833
231.5387522,-0.019738668,-4.570266472,0,0,98.91698717,8,0,0,24.58371291,1,-30.68987203,-0.133207652,1.347165281,9.319022025,0.050952101
229.4844303,0.107125842,24.58371291,0,0,98.94173769,8,0,0,27.53388715,1,29.15397938,0.12686451,-2.054321889,12.68439102,0.058539481
230.7850847,0.119305315,27.53388715,0,0,98.96267814,8,0,0,26.96924791,1,2.95017424,0.012179472,1.300654412,17.67153906,0.058243659
226.7652491,0.118930251,26.96924791,0,0,99.00548499,8,0,0,24.79761762,1,-0.564639237,-0.000375064,-4.019835579,20.12723741,0.060329565
231.0373088,0.107331659,24.79761762,0,0,99.03831452,8,0,0,-10.19743414,1,-2.171630296,-0.011598592,4.272059704,19.86283983,0.059736727
229.5601806,-0.044421616,-10.19743414,0,0,99.05717198,8,0,0,-0.279890301,1,-34.99505176,-0.151753275,-1.477128218,18.73740629,0.070728987
233.4099367,-0.001199136,-0.279890301,0,0,99.08548229,8,0,0,28.54687029,1,9.91754384,0.04322248,3.849756127,13.76468565,0.077264785
229.9856925,0.124124549,28.54687029,0,0,99.10034929,8,0,0,16.24031358,1,28.82676059,0.125323685,-3.424244258,13.96728228,0.078213944
228.6405097,0.071029905,16.24031358,0,0,99.14123246,8,0,0,16.02580577,1,-12.30655671,-0.053094644,-1.34518277,11.82149541,0.072026022
229.306224,0.069888228,16.02580577,0,0,99.15544086,8,0,0,18.83397087,1,-0.214507812,-0.001141676,0.665714265,10.06713304,0.06648691
228.4313154,0.082449163,18.83397087,0,0,99.18985929,8,0,0,9.032264195,1,2.808165097,0.012560935,-0.874908604,15.87341404,0.045144462
227.5329582,0.039696509,9.032264195,0,0,99.22701294,8,0,0,21.7979794,1,-9.801706673,-0.042752654,-0.898357143,17.73584494,0.030525516
227.9203737,0.095638573,21.7979794,0,0,99.25634338,8,0,0,14.52441887,1,12.7657152,0.055942064,0.387415518,16.38606676,0.020715614
228.5973254,0.063537134,14.52441887,0,0,99.28952347,8,0,0,7.605694733,1,-7.27356053,-0.03210144,0.676951634,16.04288782,0.021048208
230.9205535,0.032936413,7.605694733,0,0,99.3248112,8,0,0,5.289318156,1,-6.918724132,-0.030600721,2.32322811,14.35886561,0.026882135
227.5047478,0.023249265,5.289318156,0,0,99.35271171,8,0,0,13.11598024,1,-2.316376577,-0.009687148,-3.415805701,11.64993507,0.029042842
230.122763,0.05699558,13.11598024,0,0,99.3799659,8,0,0,18.94497646,1,7.82666208,0.033746315,2.618015218,12.46667828,0.028380771
226.622169,0.08359719,18.94497646,0,0,99.40044488,8,0,0,3051.903503,1,5.828996228,0.02660161,-3.500593997,11.89607769,0.024220079
158.7579623,19.22362481,3051.903503,0,0,99.41222925,8,0,1,17.82151558,1,3032.958526,19.14002762,-67.8642067,619.3718944,8.575097676
229.765183,0.077564039,17.82151558,0,0,99.45268505,8,0,0,7.912478503,1,-3034.081987,-19.14606077,71.00722076,621.4150586,8.570108795
227.6954946,0.034750264,7.912478503,0,0,99.49656509,8,0,0,12.87894461,1,-9.909037075,-0.042813775,-2.069688477,621.9396907,8.568811947
230.4277487,0.055891466,12.87894461,0,0,99.5264248,8,0,0,3.798566967,1,4.966466104,0.021141202,2.732254097,621.8922835,8.568935604
231.1616905,0.016432511,3.798566967,0,0,99.53762978,8,0,0,31.39469845,1,-9.08037764,-0.039458955,0.733941849,618.8630016,8.576453714
232.8960574,0.134801331,31.39469845,0,0,99.57712884,8,0,0,18.16964533,1,27.59613149,0.11836882,1.734366889,14.76124082,0.045773109
230.199642,0.078929946,18.16964533,0,0,99.61954762,8,0,0,12.62905991,1,-13.22505312,-0.055871385,-2.696415359,14.83086677,0.045879089
226.7177841,0.055703879,12.62905991,0,0,99.65253972,8,0,0,23.04766736,1,-5.540585419,-0.023226068,-3.48185796,15.77418305,0.043411634
231.0410081,0.099755743,23.04766736,0,0,99.69203585,8,0,0,7.344485631,1,10.41860745,0.044051864,4.323224,17.80792761,0.044677763
230.9770296,0.031797472,7.344485631,0,0,99.73395538,8,0,0,2.905540251,1,-15.70318173,-0.067958271,-0.063978466,18.51711134,0.039712121
228.6540951,0.012707143,2.905540251,0,0,99.76308628,8,0,0,21.62888937,1,-4.43894538,-0.019090329,-2.322934551,12.8192797,0.035000801
230.6168643,0.093787111,21.62888937,0,0,99.77540007,8,0,0,25.74527309,1,18.72334912,0.081079968,1.962769278,13.51112851,0.037962917
229.9113464,0.111979132,25.74527309,0,0,99.78869254,8,0,0,17.57352579,1,4.116383719,0.018192022,-0.705517937,16.13437114,0.044596477
228.3683969,0.076952529,17.57352579,0,0,99.82360815,8,0,0,13.66700063,1,-8.171747303,-0.035026603,-1.542949534,15.03954283,0.04187649
228.4852042,0.059815692,13.66700063,0,0,99.85439205,8,0,0,9.450100528,1,-3.906525158,-0.017136837,0.116807296,16.30404583,0.037937806
230.7290138,0.040957573,9.450100528,0,0,99.88311117,8,0,0,1.785945807,1,-4.216900101,-0.018858119,2.243809639,17.61295788,0.027835459
231.7302984,0.007707002,1.785945807,0,0,99.92480994,8,0,0,25.333386,1,-7.664154721,-0.033250572,1.001284615,13.64436917,0.039003476
230.3214893,0.109991413,25.333386,0,0,99.95061065,8,0,0,-1.02076717,1,23.5474402,0.102284411,-1.408809118,13.56199175,0.038339104
228.6789023,-0.004463758,-1.02076717,0,0,99.99684829,8,0,0,20.93870931,1,-26.35415317,-0.11445517,-1.642586999,9.84313316,0.045478004
231.8250938,0.090321151,20.93870931,0,0,100,8,0,0,3.2839309,1,21.95947648,0.094784909,3.146191522,11.2974749,0.050138579
230.6416136,0.014238241,3.2839309,0,0,100,8,0,0,11.28549749,1,-17.65477841,-0.07608291,-1.183480214,10.06424097,0.052562397
229.7500373,0.049120765,11.28549749,0,0,100,9,0,0,18.62181537,1,8.001566589,0.034882523,-0.891576334,11.96415131,0.048615289
230.3933471,0.080826185,18.62181537,0,0,100,9,0,0,18.97416822,1,7.336317884,0.031705421,0.643309806,10.62183718,0.041055957
230.6520765,0.082263158,18.97416822,0,0,100,9,0,0,10.81712607,1,0.352352842,0.001436973,0.258729383,14.62082426,0.031642549
229.3607959,0.047162053,10.81712607,0,0,100,9,0,0,8.204069431,1,-8.157042149,-0.035101105,-1.291280594,12.59650761,0.028139853
230.7494779,0.035554011,8.204069431,0,0,100,9,0,0,8.001396186,1,-2.613056635,-0.011608042,1.388682054,13.58053532,0.021242684
234.1811952,0.034167544,8.001396186,0,0,100,9,0,0,37.37655555,1,-0.202673245,-0.001386467,3.431717251,12.92371505,0.023868896
232.8587498,0.160511708,37.37655555,0,0,100,9,0,0,20.55215477,1,29.37515936,0.126344164,-1.322445359,16.67466309,0.05318872
228.2711805,0.090033944,20.55215477,0,0,100,9,0,0,11.89424818,1,-16.82440078,-0.070477763,-4.587569376,16.9902604,0.053677358
230.9147468,0.051509262,11.89424818,0,0,100,9,0,0,-11.55534272,1,-8.65790659,-0.038524682,2.643566309,17.20568482,0.05317726
230.2151601,-0.050193665,-11.55534272,0,0,100,9,0,0,13.62803805,1,-23.4495909,-0.101702927,-0.699586635,13.25380239,0.077213429
227.9471359,0.059785959,13.62803805,0,0,100,9,0,0,29.35551764,1,25.18338077,0.109979624,-2.268024189,14.37913077,0.076145079
227.8626137,0.1288299,29.35551764,0,0,100,9,0,0,4.983996036,1,15.72747959,0.069043941,-0.084522262,12.77492318,0.066659767
231.394156,0.021538988,4.983996036,0,0,100,9,0,0,1.417940323,1,-24.3715216,-0.107290911,3.531542331,9.661291436,0.064930906
233.9959101,0.00605968,1.417940323,0,0,100,9,0,0,7.537989627,1,-3.566055713,-0.015479308,2.601754074,7.566029865,0.066481145
230.1755617,0.03274887,7.537989627,0,0,100,9,0,0,17.45077428,1,6.120049304,0.02668919,-3.820348362,11.38469633,0.048342749
230.7972502,0.075610841,17.45077428,0,0,100,9,0,0,3.197950341,1,9.912784653,0.042861971,0.621688471,12.14924358,0.049660628
229.9335143,0.013908152,3.197950341,0,0,100,9,0,0,1.646238706,1,-14.25282394,-0.061702689,-0.863735906,6.917730122,0.027347654
230.1718004,0.007152217,1.646238706,0,0,100,9,0,0,-10.46655993,1,-1.551711635,-0.006755935,0.238286162,6.250178656,0.029154096
229.6661079,-0.045572941,-10.46655993,0,0,100,9,0,0,26.55732489,1,-12.11279863,-0.052725158,-0.505692579,3.873278606,0.043888789
235.8321584,0.112611126,26.55732489,0,0,100,9,0,0,-7.043482882,1,37.02388482,0.158184067,6.166050557,7.677145659,0.061966918
228.8183514,-0.030781984,-7.043482882,0,0,100,9,0,0,6.672778686,1,-33.60080777,-0.14339311,-7.013807025,2.778294226,0.061832925
227.2785529,0.029359474,6.672778686,0,0,100,9,0,0,21.00473513,1,13.71626157,0.060141458,-1.539798448,3.473259895,0.062369441
230.6824029,0.091054779,21.00473513,0,0,100,9,0,0,11.14002709,1,14.33195645,0.061695305,3.403849962,7.344959181,0.070621375
229.2414837,0.048595162,11.14002709,0,0,100,9,0,0,-0.514876988,1,-9.864708043,-0.042459616,-1.440919164,11.66627658,0.05603401
228.9936396,-0.002248434,-0.514876988,0,0,100,9,0,0,3.177231971,1,-11.65490408,-0.050843596,-0.247844164,6.251836208,0.046821389
229.7584467,0.013828575,3.177231971,0,0,100,9,0,0,-4.569084197,1,3.69210896,0.016077009,0.764807098,8.295979179,0.03601461
233.3569118,-0.019579811,-4.569084197,0,0,100,9,0,0,-6.501851528,1,-7.746316168,-0.033408386,3.598465121,6.047606602,0.044061768
227.8297408,-0.028538204,-6.501851528,0,0,100,9,0,0,5.235019158,1,-1.932767331,-0.008958393,-5.52717098,0.54628927,0.030522521
231.2667351,0.022636283,5.235019158,0,0,100,9,0,0,3337.893279,1,11.73687069,0.051174486,3.436994251,-0.634712317,0.021609219
169.0441579,19.74568846,3337.893279,0,0,100,9,0,1,14.29527077,1,3332.65826,19.72305218,-62.22257715,667.0469188,8.831869627
227.3328104,0.062882567,14.29527077,0,0,100,9,0,0,0.510515178,1,-3323.598008,-19.6828059,58.28865248,669.2705266,8.82643406
228.5722613,0.002233496,0.510515178,0,0,100,9,0,0,9.801228689,1,-13.78475559,-0.060649072,1.239450868,670.2864465,8.823982455
227.952481,0.042996806,9.801228689,0,0,100,9,0,0,5.509235088,1,9.290713511,0.040763311,-0.619780293,673.5470625,8.815951151
226.7150424,0.024300263,5.509235088,0,0,100,9,0,0,-0.330153071,1,-4.291993602,-0.018696544,-1.237438585,673.6019057,8.815764668
232.3391303,-0.001420996,-0.330153071,0,0,100,9,0,0,2.995481079,1,-5.839388158,-0.025721259,5.624087905,5.95721933,0.027242729
229.9572023,0.013026255,2.995481079,0,0,100,9,0,0,9.621288379,1,3.32563415,0.014447251,-2.381928029,3.697261393,0.018023005
227.3919876,0.042311466,9.621288379,0,0,100,9,0,0,20.40470426,1,6.6258073,0.029285211,-2.565214663,5.519416033,0.0191222
230.3345918,0.088587233,20.40470426,0,0,100,9,0,0,0.283363313,1,10.78341588,0.046275767,2.942604204,7.640111147,0.034768642
229.5856238,0.001234238,0.283363313,0,0,100,9,0,0,-4.18040939,1,-20.12134095,-0.087352995,-0.748968038,6.594936792,0.037679737
230.532535,-0.018133707,-4.18040939,0,0,100,9,0,0,26.78024939,1,-4.463772703,-0.019367945,0.946911197,5.824885528,0.041565915
227.6638556,0.117630659,26.78024939,0,0,100,9,0,0,9.974035778,1,30.96065878,0.135764366,-2.868679332,10.58183919,0.057172554
225.7908882,0.044173774,9.974035778,0,0,100,9,0,0,8.220001793,1,-16.80621362,-0.073456885,-1.8729674,10.65238867,0.057145922
231.0947894,0.035569827,8.220001793,0,0,100,9,0,0,13.28316615,1,-1.754033985,-0.008603947,5.303901205,8.215448177,0.052128762
232.0951792,0.057231547,13.28316615,0,0,100,9,0,0,1.612888325,1,5.063164357,0.021661719,1.000389757,10.81540874,0.048667179
229.800293,0.007018652,1.612888325,0,0,100,9,0,0,-0.899259232,1,-11.67027782,-0.050212895,-2.294886218,11.97406829,0.040892379
227.5607758,-0.003951732,-0.899259232,0,0,100,9,0,0,15.78916971,1,-2.512147558,-0.010970384,-2.239517157,6.438166562,0.025663721
228.6255213,0.069061274,15.78916971,0,0,100,9,0,0,12.56348188,1,16.68842894,0.073013006,1.064745495,7.601193348,0.031363383
231.4577261,0.054279812,12.56348188,0,0,100,9,0,0,29.35389833,1,-3.22568783,-0.014781462,2.832204781,8.469889365,0.032830581
231.692044,0.126693597,29.35389833,0,0,100,9,0,0,6.381530376,1,16.79041646,0.072413784,0.234317885,11.6840358,0.052487661
229.2765561,0.027833331,6.381530376,0,0,100,9,0,0,22.68303647,1,-22.97236796,-0.098860265,-2.415487896,12.63776421,0.048865401
228.4111548,0.099307919,22.68303647,0,0,100,9,0,0,7.621588713,1,16.3015061,0.071474588,-0.865401279,17.35422335,0.038572805
230.1132087,0.03312104,7.621588713,0,0,100,9,0,0,14.01196131,1,-15.06144776,-0.066186879,1.702053917,15.72070715,0.043136311
232.2189856,0.06033943,14.01196131,0,0,100,9,0,0,8.512111413,1,6.390372601,0.027218391,2.105776886,16.01040304,0.042728993
230.1706312,0.036981744,8.512111413,0,0,100,9,0,0,36.68819381,1,-5.499849901,-0.023357686,-2.04835443,11.84204566,0.029463572
233.6538907,0.1570194,36.68819381,0,0,100,9,0,0,6.292975052,1,28.1760824,0.120037656,3.483259542,17.90337834,0.051731325
226.6115712,0.027769875,6.292975052,0,0,100,9,0,0,5.884316098,1,-30.39521876,-0.129249525,-7.042319563,14.62536606,0.053985135
230.7642168,0.025499257,5.884316098,0,0,100,9,0,0,3.569055618,1,-0.408658953,-0.002270618,4.152645628,14.27791154,0.055136694
233.4883225,0.015285799,3.569055618,0,0,100,9,0,0,5.354514904,1,-2.315260481,-0.010213458,2.724105713,12.1893304,0.058929272
229.8369094,0.023297019,5.354514904,0,0,100,9,0,0,22.89693503,1,1.785459286,0.00801122,-3.651413138,11.5578111,0.060136277
227.1628662,0.100795237,22.89693503,0,0,100,9,0,0,22.24040569,1,17.54242013,0.077498218,-2.674043165,8.79955934,0.03512434
231.846881,0.095927129,22.24040569,0,0,100,10,0,0,21.72592143,1,-0.656529342,-0.004868108,4.684014772,11.98904547,0.042380778
231.7597024,0.093743309,21.72592143,0,0,100,10,0,0,11.6489737,1,-0.514484256,-0.00218382,-0.087178534,15.15736653,0.042636037
230.0680034,0.050632741,11.6489737,0,0,100,10,0,0,21.22680765,1,-10.07694773,-0.043110568,-1.69169906,16.77335015,0.034275067
227.6127538,0.093258428,21.22680765,0,0,100,10,0,0,11.69057426,1,9.577833947,0.042625687,-2.455249529,19.9478087,0.020476432
233.1162937,0.050149108,11.69057426,0,0,100,10,0,0,-2.18907601,1,-9.536233391,-0.04310932,5.503539828,17.70653654,0.024076863
229.3416328,-0.009545044,-2.18907601,0,0,100,10,0,0,23.18460456,1,-13.87965027,-0.059694152,-3.774660833,12.82064021,0.042341825
230.2892017,0.100676039,23.18460456,0,0,100,10,0,0,-18.60371014,1,25.37368057,0.110221083,0.947568895,13.11237683,0.043982905
226.9736832,-0.081964173,-18.60371014,0,0,100,10,0,0,-2.113963427,1,-41.7883147,-0.182640211,-3.31551851,7.061840063,0.076650471
228.8233343,-0.009238408,-2.113963427,0,0,100,10,0,0,11.23346054,1,16.48974671,0.072725764,1.849651082,2.393685848,0.068999326
230.8381429,0.048663797,11.23346054,0,0,100,10,0,0,10.42214252,1,13.34742397,0.057902206,2.014808564,2.302263105,0.06878621
231.7960739,0.04496255,10.42214252,0,0,100,10,0,0,20.43992822,1,-0.811318021,-0.003701247,0.957930995,4.82450681,0.069287482
233.0886986,0.087691631,20.43992822,0,0,100,10,0,0,18.59471324,1,10.0177857,0.042729082,1.292624744,4.275571543,0.065686633
231.7151403,0.080248158,18.59471324,0,0,100,10,0,0,12.90250906,1,-1.845214987,-0.007443473,-1.373558277,11.71525622,0.038310824
230.6532543,0.055938986,12.90250906,0,0,100,10,0,0,-8.086736153,1,-5.692204178,-0.024309173,-1.061886011,14.71855071,0.019278581
231.3042061,-0.034961475,-8.086736153,0,0,100,10,0,0,9.357685543,1,-20.98924521,-0.09090046,0.650951817,10.85451138,0.048894626
226.7738699,0.041264391,9.357685543,0,0,100,10,0,0,15.37115571,1,17.4444217,0.076225865,-4.530336228,10.64161998,0.048956848
233.5934586,0.065803023,15.37115571,0,0,100,10,0,0,23.64755004,1,6.013470162,0.024538632,6.819588671,9.627865478,0.04512989
227.9596704,0.103735674,23.64755004,0,0,100,10,0,0,8.204954359,1,8.276394332,0.037932651,-5.633788206,10.63843284,0.05099241
229.3815305,0.0357699,8.204954359,0,0,100,10,0,0,2.769574559,1,-15.44259568,-0.067965774,1.421860097,9.698921898,0.050842359
229.5834808,0.012063475,2.769574559,0,0,100,10,0,0,23.51624252,1,-5.4353798,-0.023706425,0.20195028,11.87018404,0.034786229
228.2947014,0.103008271,23.51624252,0,0,100,10,0,0,-5.363010112,1,20.74666796,0.090944796,-1.288779382,14.70189544,0.040614444
227.2453268,-0.02360009,-5.363010112,0,0,100,10,0,0,-4.589292325,1,-28.87925263,-0.126608361,-1.049374549,10.55506227,0.056310912
228.7521269,-0.020062294,-4.589292325,0,0,100,10,0,0,-9.295788644,1,0.773717787,0.003537796,1.50680011,4.907693801,0.051714839
230.8427613,-0.04026892,-9.295788644,0,0,100,10,0,0,6.534937268,1,-4.706496319,-0.020206626,2.090634387,1.4075452,0.057322185
232.8121421,0.028069572,6.534937268,0,0,100,10,0,0,26.43701694,1,15.83072591,0.068338492,1.969380788,2.160617742,0.058170206
226.3278911,0.11680848,26.43701694,0,0,100,10,0,0,-6.030044688,1,19.90207967,0.088738908,-6.484250994,2.744772626,0.063777477
229.0456237,-0.026326828,-6.030044688,0,0,100,10,0,0,22.65851106,1,-32.46706163,-0.143135308,2.717732626,2.611365711,0.064170459
225.4847754,0.100487986,22.65851106,0,0,100,10,0,0,23.83657555,1,28.68855575,0.126814814,-3.560848358,8.060926388,0.071506786
228.9057042,0.104132729,23.83657555,0,0,100,10,0,0,4.191364647,1,1.178064485,0.003644742,3.420928769,14.68739923,0.06160086
234.0405356,0.017908712,4.191364647,0,0,100,10,0,0,21.54425302,1,-19.6452109,-0.086224016,5.134831423,14.2186847,0.063254087
228.8563455,0.094138762,21.54425302,0,0,100,10,0,0,24.15405267,1,17.35288838,0.07623005,-5.184190071,13.24013192,0.059071503
228.16379,0.105862778,24.15405267,0,0,100,10,0,0,16.97815727,1,2.609799641,0.011724016,-0.692555478,19.27695139,0.03749911
227.6207729,0.074589665,16.97815727,0,0,100,10,0,0,24.67552255,1,-7.175895391,-0.031273113,-0.543017102,18.14088063,0.036515436
230.6239512,0.106994622,24.67552255,0,0,100,10,0,0,29.51404765,1,7.69736527,0.032404957,3.003178293,18.30867003,0.03702042
228.3231718,0.129264355,29.51404765,0,0,100,10,0,0,8.793461702,1,4.838525101,0.022269733,-2.300779421,23.37320663,0.019976194
227.7611997,0.038608252,8.793461702,0,0,100,10,0,0,272.2114921,1,-20.72058594,-0.090656104,-0.561972123,20.82304837,0.035196111
231.0517316,1.178140887,272.2114921,1,0,100,10,1,0,123.2574671,1,263.4180303,1.139532636,3.29053191,70.43453624,0.489008254
226.746599,0.54359125,123.2574671,1,0,100,10,1,0,92.08492004,1,-148.9540249,-0.634549637,-4.305132575,91.69039822,0.478506351
229.5458898,0.401161267,92.08492004,1,0,100,10,1,0,108.4309795,1,-31.17254709,-0.142429983,2.799290796,105.1722777,0.450864682
232.0026888,0.467369495,108.4309795,1,0,100,10,1,0,118.435497,1,16.34605949,0.066208228,2.456798979,120.9556641,0.412967885
232.7178466,0.508923139,118.435497,1,0,100,10,1,0,93.31318138,1,10.00451743,0.041553644,0.715157816,142.8840711,0.316576983
230.606381,0.404642668,93.31318138,1,0,100,10,1,0,102.3051531,1,-25.12231557,-0.10428047,-2.111465598,107.104409,0.062908143
229.5278654,0.445719969,102.3051531,1,0,100,10,1,0,97.054893,1,8.991971697,0.041077301,-1.078515633,102.9139462,0.045100007
231.1918859,0.419802333,97.054893,1,0,100,10,1,0,103.6401128,1,-5.250260074,-0.025917636,1.664020518,103.9079408,0.041105447
229.7925496,0.451015984,103.6401128,1,0,100,10,1,0,95.92581061,1,6.585219767,0.031213651,-1.399336338,102.9497674,0.039941533
229.191677,0.418539678,95.92581061,1,0,100,10,1,0,88.72588461,1,-7.714302159,-0.032476306,-0.600872535,98.44783017,0.019659486
231.5540113,0.383175762,88.72588461,1,0,100,10,1,0,102.0708694,1,-7.199926003,-0.035363916,2.362334249,97.53037081,0.026995669
229.9389928,0.443904134,102.0708694,1,0,100,10,1,0,94.2571352,1,13.34498482,0.060728372,-1.615018467,97.48351409,0.026634349
229.2766644,0.411106536,94.2571352,1,0,100,10,1,0,85.90277511,1,-7.81373423,-0.032797598,-0.662328358,96.92396252,0.02719679
229.9646858,0.373547681,85.90277511,1,0,100,10,1,0,102.2876688,1,-8.354360093,-0.037558854,0.688021319,93.37649499,0.028258306
225.8722276,0.452856334,102.2876688,1,0,100,10,1,0,111.5787927,1,16.38489374,0.079308653,-4.092458202,94.64886664,0.035330989
229.4564015,0.486274482,111.5787927,1,0,100,10,1,0,106.5014898,1,9.291123903,0.033418148,3.584173911,99.21944827,0.042906294
229.8795987,0.463292482,106.5014898,1,0,100,10,1,0,112.3237749,1,-5.077302943,-0.022982,0.423197199,100.1055723,0.044906841
229.0690796,0.490348916,112.3237749,1,0,100,10,1,0,113.2592025,1,5.822285053,0.027056434,-0.810519084,103.7189003,0.047223964
227.6738753,0.497462444,113.2592025,1,0,100,10,1,0,115.5964341,1,0.935427631,0.007113528,-1.395204288,109.1901857,0.019027963
231.1706607,0.500048033,115.5964341,1,0,100,10,1,0,116.3598064,1,2.337231635,0.002585589,3.496785394,111.8519388,0.014597298
231.9796644,0.501594856,116.3598064,1,0,100,10,1,0,105.787342,1,0.763372264,0.001546823,0.809003699,112.8081415,0.015835057
229.9789317,0.459987101,105.787342,1,0,100,10,1,0,101.9422007,1,-10.57246439,-0.041607756,-2.00073264,112.665312,0.017262135
230.2411432,0.442762745,101.9422007,1,0,100,10,1,0,99.57060919,1,-3.845141325,-0.017224355,0.26221144,110.5889971,0.027201284
230.7900413,0.431433734,99.57060919,1,0,100,10,1,0,3379.425451,1,-2.37159148,-0.011329012,0.548898119,107.8512785,0.032366744
228.0311468,14.82001691,3379.425451,1,1,100,11,3,0,1379.73425,1,3279.854842,14.38858318,-2.758894514,760.6170819,6.42252203
228.3207873,6.042963792,1379.73425,1,1,100,11,3,0,1385.494795,1,-1999.691201,-8.777053117,0.289640473,1013.291971,6.288904002
229.5907739,6.034627489,1385.494795,1,1,100,11,3,0,1375.504082,1,5.760544997,-0.008336303,1.269986632,1269.233461,5.888433334
229.4426932,5.9949788,1375.504082,1,1,100,11,3,0,1374.473405,1,-9.99071356,-0.039648689,-0.148080651,1523.945838,5.162239726
229.5614854,5.987386787,1374.473405,1,1,99.9994249,11,3,0,1357.268984,1,-1.030677163,-0.007592012,0.11879215,1778.926397,3.937802073
230.4581669,5.88943756,1357.268984,1,1,100,11,3,0,1383.955346,1,-17.20442067,-0.097949227,0.896681457,1374.495103,0.061116946
229.9472239,6.018578185,1383.955346,1,1,100,11,3,0,1356.357817,1,26.68636175,0.129140625,-0.510942931,1375.339322,0.056630017
229.0646672,5.921287789,1356.357817,1,1,100,11,3,0,1371.71689,1,-27.59752866,-0.097290396,-0.882556701,1369.511927,0.054441289
225.8303479,6.07410343,1371.71689,1,1,100,11,3,0,1364.177978,1,15.35907349,0.15281564,-3.234319357,1368.754488,0.074212574
226.4710421,6.023630948,1364.177978,1,1,100,11,3,0,1366.427048,1,-7.538912183,-0.050472482,0.640694278,1366.695403,0.077054949
231.5598809,5.900966275,1366.427048,1,1,100,11,3,0,1350.895277,1,2.249069587,-0.122664674,5.088838783,1368.527016,0.073558426
226.6173829,5.961128221,1350.895277,1,1,99.99840859,11,3,0,1324.68793,1,-15.53177129,0.060161947,-4.942498037,1361.915002,0.072002424
227.4043885,5.82525227,1324.68793,1,1,100,11,3,0,1356.953783,1,-26.20734636,-0.135875951,0.787005596,1355.581025,0.098319861
229.873775,5.903038669,1356.953783,1,1,100,11,3,0,1366.807237,1,32.26585249,0.077786399,2.469386485,1352.628403,0.074193521
231.8194865,5.895998035,1366.807237,1,1,100,11,3,0,1392.039785,1,9.853454184,-0.007040634,1.945711528,1353.154255,0.0482519
232.8921696,5.977185866,1392.039785,1,1,100,11,3,0,1388.100712,1,25.23254783,0.081187831,1.072683152,1358.276802,0.060255624
232.0791401,5.981152428,1388.100712,1,1,100,11,3,0,1373.755515,1,-3.939072386,0.003966562,-0.81302955,1365.717889,0.064788876
228.9001252,6.001549862,1373.755515,1,1,100,11,3,0,1345.298432,1,-14.34519748,0.020397433,-3.179014878,1375.531406,0.048663594
229.6043571,5.859202539,1345.298432,1,1,100,11,3,0,1345.878554,1,-28.45708269,-0.142347322,0.704231883,1373.200336,0.061813358
228.1232997,5.89978558,1345.878554,1,1,100,11,3,0,1345.878554,1,0.580122025,0.040583041,-1.481057386,1369.0146,0.061112321
