Voltage,Current,Power,Relay_1,Relay_2,Battery_Level,Hour_of_Day,Load_Type,Is_Anomaly,Predicted_Power_Next
232.7791315,0.052888664,12.31137731,0,0,100,0,0,0,-12.10843032
225.8611303,-0.053610067,-12.10843032,0,0,100.0001211,0,0,0,1.737607617
227.6986896,0.007631171,1.737607617,0,0,100.0001037,0,0,0,13.48841071
229.0263965,0.058894568,13.48841071,0,0,99.99996882,0,0,0,32.66594434
232.5558559,0.14046494,32.66594434,0,0,99.99964216,0,0,0,33.3046105
231.5170082,0.143853839,33.3046105,0,0,99.99930912,0,0,0,14.27493259
229.3083702,0.062252122,14.27493259,0,0,99.99916637,0,0,0,8.490964386
232.0757073,0.036587045,8.490964386,0,0,99.99908146,0,0,0,22.91519462
231.2619567,0.09908761,22.91519462,0,0,99.99885231,0,0,0,-5.236166219
229.8497732,-0.02278082,-5.236166219,0,0,99.99890467,0,0,0,-2.723580047
228.661399,-0.011910974,-2.723580047,0,0,99.99893191,0,0,0,16.44845389
228.0562271,0.072124555,16.44845389,0,0,99.99876742,0,0,0,10.59377952
230.9779361,0.045864898,10.59377952,0,0,99.99866148,0,0,0,18.94649594
231.2123475,0.081944136,18.94649594,0,0,99.99847202,0,0,0,14.4080703
229.8699739,0.062679218,14.4080703,0,0,99.99832794,0,0,0,-4.331411341
227.6685783,-0.019025073,-4.331411341,0,0,99.99837125,0,0,0,15.94486653
230.2651864,0.069245667,15.94486653,0,0,99.9982118,0,0,0,20.41153115
228.4100949,0.089363525,20.41153115,0,0,99.99800769,0,0,0,21.75486534
225.4919174,0.096477362,21.75486534,0,0,99.99779014,0,0,0,6.946340501
227.296998,0.030560635,6.946340501,0,0,99.99772068,0,0,0,6.434893234
227.9758464,0.028226206,6.434893234,0,0,99.99765633,0,0,0,13.23207943
228.6104184,0.057880474,13.23207943,0,0,99.99752401,0,0,0,11.57259784
229.5667555,0.0504106,11.57259784,0,0,99.99740828,0,0,0,2.433236861
228.8186921,0.010633908,2.433236861,0,0,99.99738395,0,0,0,3.528786515
229.1675927,0.015398279,3.528786515,0,0,99.99734866,0,0,0,4.431898019
229.840358,0.019282506,4.431898019,0,0,99.99730434,0,0,0,17.19883282
231.9784369,0.074139791,17.19883282,0,0,99.99713235,0,0,0,31.26001662
226.2792615,0.138147952,31.26001662,0,0,99.99681975,0,0,0,1.780673763
231.6600442,0.007686581,1.780673763,0,0,99.99680195,0,0,0,22.19726582
233.5126574,0.095058084,22.19726582,0,0,99.99657997,0,0,0,15.02527841
229.1544341,0.065568351,15.02527841,0,0,99.99642972,0,0,0,3597.237356
157.0000895,22.91232679,3597.237356,0,0,99.99620603,0,0,1,2.999925483
228.2317105,0.01314421,2.999925483,0,0,99.99617604,0,0,0,19.33489899
227.7242318,0.084904882,19.33489899,0,0,99.99598269,0,0,0,16.71744393
228.8753649,0.073041692,16.71744393,0,0,99.99581551,0,0,0,19.29568408
229.9699295,0.083905248,19.29568408,0,0,99.99562256,0,0,0,7.10962805
229.35473,0.030998393,7.10962805,0,0,99.99555146,0,0,0,11.62659853
229.8567697,0.050581928,11.62659853,0,0,99.99543519,0,0,0,23.09675805
228.4876866,0.101085351,23.09675805,0,0,99.99520423,0,0,0,39.35545105
230.9700982,0.170391974,39.35545105,0,0,99.99481067,0,0,0,-0.25361825
231.1059059,-0.001097411,-0.25361825,0,0,99.99481321,0,0,0,31.03242228
229.8448808,0.135014633,31.03242228,0,0,99.99450288,0,0,0,6.888082698
227.960125,0.030216174,6.888082698,0,0,99.994434,0,0,0,32.31787472
234.581378,0.137768287,32.31787472,0,0,99.99411082,0,0,0,0.866004391
228.2801573,0.003793603,0.866004391,0,0,99.99410216,0,0,0,3.561011689
230.0654915,0.015478252,3.561011689,0,0,99.99406655,0,0,0,12.09718609
233.2083287,0.051872873,12.09718609,0,0,99.99394558,0,0,0,5.900440136
228.919574,0.025775167,5.900440136,0,0,99.99388658,0,0,0,11.37609979
230.0344264,0.049453901,11.37609979,0,0,99.99377282,0,0,0,2.872793362
232.6509132,0.012348085,2.872793362,0,0,99.99374409,0,0,0,24.3610071
232.5945259,0.104735943,24.3610071,0,0,99.99350048,0,0,0,27.6418166
228.7303715,0.120848912,27.6418166,0,0,99.99322406,0,0,0,28.35382903
230.1901411,0.123175688,28.35382903,0,0,99.99294052,0,0,0,4.621834608
230.395676,0.020060423,4.621834608,0,0,99.9928943,0,0,0,18.47255915
229.2634801,0.080573492,18.47255915,0,0,99.99270958,0,0,0,0.84690792
236.22717,0.003585142,0.84690792,0,0,99.99270111,0,0,0,14.41422497
234.0657945,0.061581937,14.41422497,0,0,99.99255697,0,0,0,15.88333153
230.4033967,0.068937055,15.88333153,0,0,99.99239813,0,0,0,1.144416538
232.0471963,0.004931827,1.144416538,0,0,99.99238669,0,0,0,32.22887102
230.0810192,0.140076183,32.22887102,0,0,99.9920644,0,0,0,11.76160795
231.3653627,0.050835647,11.76160795,0,0,99.99194678,1,0,0,20.63341653
228.2244055,0.090408458,20.63341653,0,0,99.99174045,1,0,0,8.741714816
229.0913566,0.038158204,8.741714816,0,0,99.99165303,1,0,0,-11.68102977
228.660015,-0.051084707,-11.68102977,0,0,99.99176984,1,0,0,17.45993663
234.7695813,0.074370523,17.45993663,0,0,99.99159524,1,0,0,-4.349610374
230.5248132,-0.018868296,-4.349610374,0,0,99.99163874,1,0,0,8.472199626
232.3109586,0.036469221,8.472199626,0,0,99.99155402,1,0,0,18.36151565
232.9638129,0.078817029,18.36151565,0,0,99.9913704,1,0,0,5.541102477
231.3878789,0.023947246,5.541102477,0,0,99.99131499,1,0,0,7.705606501
230.2543092,0.033465634,7.705606501,0,0,99.99123794,1,0,0,-5.051961787
230.7551377,-0.021893171,-5.051961787,0,0,99.99128845,1,0,0,8.719893023
231.8804596,0.037605122,8.719893023,0,0,99.99120126,1,0,0,20.76939763
231.700629,0.089638935,20.76939763,0,0,99.99099356,1,0,0,25.89448809
227.2947888,0.113924689,25.89448809,0,0,99.99073462,1,0,0,5.296624581
231.5180726,0.022877802,5.296624581,0,0,99.99068165,1,0,0,20.87898668
229.0076289,0.091171577,20.87898668,0,0,99.99047286,1,0,0,16.90856832
228.3706533,0.074040023,16.90856832,0,0,99.99030378,1,0,0,20.93304321
229.6534902,0.091150556,20.93304321,0,0,99.99009444,1,0,0,28.90233171
232.7252585,0.124190781,28.90233171,0,0,99.98980542,1,0,0,6.257530443
229.8172267,0.027228292,6.257530443,0,0,99.98974285,1,0,0,26.80143179
226.9444484,0.118096882,26.80143179,0,0,99.98947483,1,0,0,15.73548872
228.1267033,0.06897697,15.73548872,0,0,99.98931748,1,0,0,3202.667576
230.8094186,13.87580973,3202.667576,0,1,99.9572908,1,2,0,1275.49296
229.7689512,5.551198077,1275.49296,0,1,99.94453587,1,2,0,1246.935486
227.115987,5.490302565,1246.935486,0,1,99.93206652,1,2,0,1275.170822
227.2115895,5.612261349,1275.170822,0,1,99.91931481,1,2,0,1272.171821
228.7283563,5.561933122,1272.171821,0,1,99.90659309,1,2,0,1274.198241
230.3920741,5.530564567,1274.198241,0,1,99.89385111,1,2,0,1266.757598
230.467461,5.496470492,1266.757598,0,1,99.88118353,1,2,0,1274.215722
228.9375822,5.565777839,1274.215722,0,1,99.86844137,1,2,0,1297.306861
232.2614589,5.585545132,1297.306861,0,1,99.85546831,1,2,0,1302.406971
232.7121556,5.596643493,1302.406971,0,1,99.84244424,1,2,0,1291.300506
229.653037,5.622832264,1291.300506,0,1,99.82953123,1,2,0,1253.357133
229.4174609,5.463215956,1253.357133,0,1,99.81699766,1,2,0,1275.669287
229.4933878,5.558631991,1275.669287,0,1,99.80424097,1,2,0,1244.478201
227.2534297,5.476169063,1244.478201,0,1,99.79179619,1,2,0,1524.686798
229.8076549,6.634621454,1524.686798,1,1,99.77654932,1,3,0,1369.579654
229.5656272,5.965961326,1369.579654,1,1,99.76285352,1,3,0,1370.92934
229.8297584,5.964977511,1370.92934,1,1,99.74914423,1,3,0,1355.995949
228.9142111,5.923598815,1355.995949,1,1,99.73558427,1,3,0,1367.643597
227.9493433,5.999769848,1367.643597,1,1,99.72190783,1,3,0,1369.69502
226.0876654,6.05824744,1369.69502,1,1,99.70821088,1,3,0,1374.660381
233.5707133,5.885414149,1374.660381,1,1,99.69446428,1,3,0,1343.352585
227.7892153,5.897349367,1343.352585,1,1,99.68103075,1,3,0,1373.806176
230.1352363,5.969560326,1373.806176,1,1,99.66729269,1,3,0,1348.056309
227.0093104,5.938330488,1348.056309,1,1,99.65381213,1,3,0,1387.345953
232.7735686,5.960066522,1387.345953,1,1,99.63993867,1,3,0,1378.886492
232.2231374,5.937765319,1378.886492,1,1,99.6261498,1,3,0,1363.062584
227.9924198,5.978543432,1363.062584,1,1,99.61251918,1,3,0,1393.284549
233.1847322,5.975024764,1393.284549,1,1,99.59858633,1,3,0,1385.576105
231.4979687,5.985262474,1385.576105,1,1,99.58473057,1,3,0,1398.702958
232.7440555,6.009618401,1398.702958,1,1,99.57074354,1,3,0,1374.451536
230.2177505,5.970223983,1374.451536,1,1,99.55699903,1,3,0,1366.993155
231.7489003,5.89859608,1366.993155,1,1,99.54332909,1,3,0,1366.671279
229.7203393,5.949282868,1366.671279,1,1,99.52966238,1,3,0,1368.252749
227.802323,6.006316053,1368.252749,1,1,99.51597985,1,3,0,1339.372473
226.166698,5.922058751,1339.372473,1,1,99.50258613,1,3,0,1390.004967
230.401187,6.032976588,1390.004967,1,1,99.48868608,1,3,0,1368.753558
229.3231647,5.968666791,1368.753558,1,1,99.47499854,1,3,0,1265.597978
229.0346018,5.525793779,1265.597978,0,1,99.46234256,1,2,0,1267.939359
229.1139709,5.534098833,1267.939359,0,1,99.44966317,2,2,0,1279.764437
227.5293905,5.624611545,1279.764437,0,1,99.43686553,2,2,0,1296.14389
231.2378396,5.605241305,1296.14389,0,1,99.42390409,2,2,0,1274.638601
228.4756824,5.578880815,1274.638601,0,1,99.4111577,2,2,0,1298.793186
231.5065074,5.610180034,1298.793186,0,1,99.39816977,2,2,0,1262.946064
227.5693369,5.54971984,1262.946064,0,1,99.38554031,2,2,0,1306.354036
232.6755865,5.614486915,1306.354036,0,1,99.37247677,2,2,0,1296.236301
231.1703051,5.607278581,1296.236301,0,1,99.3595144,2,2,0,1271.672083
230.8983915,5.5074965,1271.672083,0,1,99.34679768,2,2,0,1256.858199
226.4256034,5.55086607,1256.858199,0,1,99.3342291,2,2,0,1265.868308
227.4419434,5.565676626,1265.868308,0,1,99.32157042,2,2,0,1283.22085
227.2098751,5.647733621,1283.22085,0,1,99.30873821,2,2,0,253.4166262
227.7064972,1.112909071,253.4166262,1,0,99.30620404,2,1,0,79.80654177
232.3694042,0.343446858,79.80654177,1,0,99.30540598,2,1,0,118.3277094
233.6879653,0.506349179,118.3277094,1,0,99.3042227,2,1,0,109.6126677
228.4956203,0.479714524,109.6126677,1,0,99.30312658,2,1,0,109.759461
234.6264616,0.467805124,109.759461,1,0,99.30202898,2,1,0,98.72446448
226.0378594,0.436760748,98.72446448,1,0,99.30104174,2,1,0,121.8518741
231.6269254,0.526069557,121.8518741,1,0,99.29982322,2,1,0,121.2587792
231.1368402,0.524619006,121.2587792,1,0,99.29861063,2,1,0,101.497657
230.1343993,0.441036444,101.497657,1,0,99.29759565,2,1,0,77.05207955
229.1319655,0.336278176,77.05207955,1,0,99.29682513,2,1,0,108.6018323
232.4383154,0.467228616,108.6018323,1,0,99.29573911,2,1,0,104.5937128
232.071681,0.450695717,104.5937128,1,0,99.29469318,2,1,0,124.2860535
226.2861306,0.549242913,124.2860535,1,0,99.29345032,2,1,0,114.2111245
227.24041,0.502600415,114.2111245,1,0,99.2923082,2,1,0,106.8766658
226.3578814,0.472157917,106.8766658,1,0,99.29123944,2,1,0,105.9469644
229.8234973,0.460992743,105.9469644,1,0,99.29017997,2,1,0,109.8782169
232.0462867,0.473518531,109.8782169,1,0,99.28908119,2,1,0,98.64373909
233.7540479,0.421997993,98.64373909,1,0,99.28809475,2,1,0,118.4453228
227.6264067,0.520349658,118.4453228,1,0,99.2869103,2,1,0,97.49340855
229.1257788,0.425501701,97.49340855,1,0,99.28593536,2,1,0,115.2304628
227.3256033,0.506896105,115.2304628,1,0,99.28478306,2,1,0,105.1945234
229.0070852,0.459350519,105.1945234,1,0,99.28373111,2,1,0,89.68133364
231.1158364,0.388036298,89.68133364,1,0,99.2828343,2,1,0,84.49381177
228.5738921,0.369656442,84.49381177,1,0,99.28198936,2,1,0,83.1455455
233.6250481,0.355893112,83.1455455,1,0,99.2811579,2,1,0,108.8291732
224.4670948,0.484833527,108.8291732,1,0,99.28006961,2,1,0,65.8375619
227.7675945,0.289055877,65.8375619,1,0,99.27941124,2,1,0,103.0396905
228.5137735,0.450912385,103.0396905,1,0,99.27838084,2,1,0,87.09082945
233.141713,0.373553185,87.09082945,1,0,99.27750993,2,1,0,110.4960892
228.2623074,0.484075056,110.4960892,1,0,99.27640497,2,1,0,92.21141647
232.5677565,0.396492695,92.21141647,1,0,99.27548286,2,1,0,104.7444569
232.7938072,0.449945203,104.7444569,1,0,99.27443541,2,1,0,86.08589286
229.6341112,0.374882862,86.08589286,1,0,99.27357455,2,1,0,88.02486026
228.7638243,0.384784878,88.02486026,1,0,99.27269431,2,1,0,112.9609456
232.6716491,0.4854951,112.9609456,1,0,99.2715647,2,1,0,98.74231934
226.8977812,0.435184156,98.74231934,1,0,99.27057727,2,1,0,93.41133185
229.9164031,0.406283895,93.41133185,1,0,99.26964316,2,1,0,106.203313
231.234082,0.459289185,106.203313,1,0,99.26858113,2,1,0,-1148.454882
229.6909764,-5,-1148.454882,1,0,99.26739447,2,1,1,78.82632105
232.0280388,0.339727567,78.82632105,1,0,99.26660621,2,1,0,107.729327
228.2727548,0.471932479,107.729327,1,0,99.26552892,2,1,0,93.2500055
226.2440827,0.4121655,93.2500055,1,0,99.26459642,2,1,0,115.4875126
228.5298313,0.505349835,115.4875126,1,0,99.26344154,2,1,0,-1.034055212
229.7569339,-0.004500649,-1.034055212,0,0,99.26345188,2,0,0,5.773926302
227.218453,0.025411344,5.773926302,0,0,99.26339414,2,0,0,20.43979561
228.1656374,0.089583146,20.43979561,0,0,99.26318974,2,0,0,8.678051057
226.4117902,0.038328618,8.678051057,0,0,99.26310296,2,0,0,20.97045043
230.7314019,0.09088685,20.97045043,0,0,99.26289326,2,0,0,13.72488107
228.2064651,0.060142385,13.72488107,0,0,99.26275601,3,0,0,14.08922001
232.1304802,0.060695261,14.08922001,0,0,99.26261512,3,0,0,15.86160228
233.4887203,0.067933056,15.86160228,0,0,99.2624565,3,0,0,15.98424796
228.0171714,0.070101071,15.98424796,0,0,99.26229666,3,0,0,-4.188040252
229.7404904,-0.018229439,-4.188040252,0,0,99.26233854,3,0,0,27.36067999
230.695763,0.118600704,27.36067999,0,0,99.26206493,3,0,0,33.80814543
227.7743863,0.148428214,33.80814543,0,0,99.26172685,3,0,0,20.80484797
230.6986931,0.090181907,20.80484797,0,0,99.2615188,3,0,0,3200.725584
230.3164835,13.8970756,3200.725584,0,1,99.22951155,3,2,0,1266.392894
227.9206883,5.556287597,1266.392894,0,1,99.21684762,3,2,0,1284.149304
230.23574,5.577541108,1284.149304,0,1,99.20400613,3,2,0,1270.571999
228.2231037,5.567236526,1270.571999,0,1,99.19130041,3,2,0,1262.111807
229.4411578,5.500808219,1262.111807,0,1,99.17867929,3,2,0,1277.619811
229.9910708,5.555084405,1277.619811,0,1,99.16590309,3,2,0,1264.016363
229.1975664,5.514964153,1264.016363,0,1,99.15326293,3,2,0,1269.242421
229.4557816,5.531533841,1269.242421,0,1,99.1405705,3,2,0,1246.296495
225.6308288,5.523609081,1246.296495,0,1,99.12810754,3,2,0,1245.277718
223.6967505,5.566811837,1245.277718,0,1,99.11565476,3,2,0,1274.490779
228.7973819,5.570390574,1274.490779,0,1,99.10290985,3,2,0,1272.011079
227.3630446,5.594625464,1272.011079,0,1,99.09018974,3,2,0,1266.493944
228.3561151,5.546135446,1266.493944,0,1,99.0775248,3,2,0,1264.831138
230.0505145,5.498058287,1264.831138,0,1,99.06487649,3,2,0,1289.476839
230.8497128,5.585784896,1289.476839,0,1,99.05198172,3,2,0,1277.672032
226.9983057,5.628553166,1277.672032,0,1,99.039205,3,2,0,1285.295401
230.9807243,5.564513684,1285.295401,0,1,99.02635205,3,2,0,1263.839639
228.9166176,5.520960653,1263.839639,0,1,99.01371365,3,2,0,1267.461082
228.6152596,5.544079098,1267.461082,0,1,99.00103904,3,2,0,1274.235804
232.153647,5.488760654,1274.235804,0,1,98.98829668,3,2,0,1270.760401
229.479867,5.537568143,1270.760401,0,1,98.97558908,3,2,0,-1162.625578
232.5251156,-5,-1162.625578,0,1,98.96263222,3,2,1,1283.018891
232.923942,5.508316922,1283.018891,0,1,98.94980203,3,2,0,1290.475561
233.1753159,5.53435751,1290.475561,0,1,98.93689727,3,2,0,1285.174978
228.8279594,5.616337189,1285.174978,0,1,98.92404552,3,2,0,1270.026831
228.7583343,5.551827589,1270.026831,0,1,98.91134525,3,2,0,1268.731986
230.2290198,5.510738773,1268.731986,0,1,98.89865793,3,2,0,1265.050726
228.9898893,5.524482891,1265.050726,0,1,98.88600743,3,2,0,1244.253421
228.5239937,5.44473865,1244.253421,0,1,98.87356489,3,2,0,1276.534717
229.7708467,5.555686177,1276.534717,0,1,98.86079955,3,2,0,1289.071421
229.950105,5.605874461,1289.071421,0,1,98.84790883,3,2,0,1303.940992
229.7408779,5.675703009,1303.940992,0,1,98.83486942,3,2,0,1281.44373
230.1850021,5.567016609,1281.44373,0,1,98.82205498,3,2,0,1286.510291
233.1595178,5.517725818,1286.510291,0,1,98.80918988,3,2,0,1276.846906
228.4536953,5.589084056,1276.846906,0,1,98.79642141,3,2,0,1260.647025
225.8792728,5.581065537,1260.647025,0,1,98.78381494,3,2,0,1279.473966
230.2470983,5.556960219,1279.473966,0,1,98.7710202,3,2,0,1260.872248
229.931102,5.483695929,1260.872248,0,1,98.75841148,3,2,0,1269.867622
229.8083719,5.525767454,1269.867622,0,1,98.7457128,3,2,0,1281.001232
229.3693913,5.584883078,1281.001232,0,1,98.73290279,3,2,0,1522.273842
229.7848779,6.624778165,1522.273842,1,1,98.71768005,3,3,0,1368.547423
232.4503593,5.887482502,1368.547423,1,1,98.70399458,3,3,0,1348.111936
227.2849526,5.931373462,1348.111936,1,1,98.69051346,3,3,0,1349.889201
229.3674091,5.885270303,1349.889201,1,1,98.67701457,3,3,0,1395.655924
232.2978317,6.008045419,1395.655924,1,1,98.66305801,3,3,0,1374.616402
229.9022561,5.979134028,1374.616402,1,1,98.64931184,3,3,0,1386.197511
230.6068558,6.011085432,1386.197511,1,1,98.63544987,3,3,0,1390.976983
232.0242831,5.994962962,1390.976983,1,1,98.6215401,3,3,0,1391.281643
231.9842531,5.997310702,1391.281643,1,1,98.60762728,3,3,0,1385.544035
231.6692037,5.98070012,1385.544035,1,1,98.59377184,3,3,0,1377.428038
231.6569339,5.945982342,1377.428038,1,1,98.57999756,3,3,0,1360.616054
228.9914619,5.941776357,1360.616054,1,1,98.5663914,3,3,0,1383.307595
234.3097835,5.903755166,1383.307595,1,1,98.55255832,4,3,0,1367.43241
228.6870519,5.979492057,1367.43241,1,1,98.538884,4,3,0,1385.269722
236.0526853,5.868476861,1385.269722,1,1,98.5250313,4,3,0,1378.944828
229.7187068,6.002753747,1378.944828,1,1,98.51124186,4,3,0,1370.842939
231.2716992,5.92741327,1370.842939,1,1,98.49753343,4,3,0,1379.389352
230.0367157,5.996387783,1379.389352,1,1,98.48373953,4,3,0,1274.112132
229.7144618,5.546503784,1274.112132,0,1,98.47099841,4,2,0,1277.340688
228.3564866,5.593625595,1277.340688,0,1,98.458225,4,2,0,1285.294795
231.5016829,5.551988991,1285.294795,0,1,98.44537206,4,2,0,1264.226973
229.8030381,5.501350128,1264.226973,0,1,98.43272979,4,2,0,1257.793256
228.022378,5.516095688,1257.793256,0,1,98.42015185,4,2,0,1265.993714
229.4194844,5.51824845,1265.993714,0,1,98.40749192,4,2,0,1271.368137
228.5544175,5.562649592,1271.368137,0,1,98.39477824,4,2,0,1301.603577
231.7989979,5.615225211,1301.603577,0,1,98.3817622,4,2,0,1291.718929
231.9372409,5.569260561,1291.718929,0,1,98.36884501,4,2,0,1253.46169
227.5670145,5.508099195,1253.46169,0,1,98.35631039,4,2,0,1267.623022
228.107672,5.557125767,1267.623022,0,1,98.34363416,4,2,0,1291.875588
230.2834563,5.609936591,1291.875588,0,1,98.33071541,4,2,0,1266.143368
229.338288,5.520854713,1266.143368,0,1,98.31805397,4,2,0,1271.205066
230.0464736,5.525861996,1271.205066,0,1,98.30534192,4,2,0,1301.234102
232.5753376,5.594892887,1301.234102,0,1,98.29232958,4,2,0,1281.89802
227.9253142,5.624202054,1281.89802,0,1,98.2795106,4,2,0,1265.102045
230.5062538,5.488363217,1265.102045,0,1,98.26685958,4,2,0,1259.76883
228.1230583,5.522321325,1259.76883,0,1,98.25426189,4,2,0,1280.545093
229.9135413,5.569681048,1280.545093,0,1,98.24145644,4,2,0,1281.574755
230.4344386,5.561559127,1281.574755,0,1,98.22864069,4,2,0,1300.320278
232.2049681,5.599881382,1300.320278,0,1,98.21563749,4,2,0,1292.159854
232.1772738,5.565401955,1292.159854,0,1,98.20271589,4,2,0,1273.730575
228.3573952,5.577794291,1273.730575,0,1,98.18997859,4,2,0,1269.201457
228.0830698,5.564645625,1269.201457,0,1,98.17728657,4,2,0,1247.081048
228.6560183,5.453961181,1247.081048,0,1,98.16481576,4,2,0,1284.605834
229.0613608,5.608129757,1284.605834,0,1,98.1519697,4,2,0,1285.587797
231.5673863,5.551679006,1285.587797,0,1,98.13911383,4,2,0,1292.898517
231.0208627,5.596457835,1292.898517,0,1,98.12618484,4,2,0,1289.825385
231.5971519,5.569262725,1289.825385,0,1,98.11328659,4,2,0,1268.673721
229.9105697,5.518118295,1268.673721,0,1,98.10059985,4,2,0,1281.512133
229.0870872,5.593995491,1281.512133,0,1,98.08778473,4,2,0,1252.243799
226.61752,5.525803121,1252.243799,0,1,98.07526229,4,2,0,1263.722676
227.734496,5.549105201,1263.722676,0,1,98.06262506,4,2,0,1249.872214
226.5897216,5.516014609,1249.872214,0,1,98.05012634,4,2,0,1252.84964
230.079611,5.445287544,1252.84964,0,1,98.03759785,4,2,0,1283.512659
228.203513,5.624421124,1283.512659,0,1,98.02476272,4,2,0,1284.926383
229.1623222,5.607057784,1284.926383,0,1,98.01191345,4,2,0,1268.949023
228.1358688,5.562251258,1268.949023,0,1,97.99922396,4,2,0,1261.535153
229.5504426,5.495677282,1261.535153,0,1,97.98660861,4,2,0,1253.247049
228.4652765,5.48550339,1253.247049,0,1,97.97407614,4,2,0,1292.610793
231.1078046,5.593107489,1292.610793,0,1,97.96115003,4,2,0,1276.79693
230.2251224,5.545862747,1276.79693,0,1,97.94838207,4,2,0,1272.641314
227.7509309,5.587864379,1272.641314,0,1,97.93565565,4,2,0,1254.334054
228.7884754,5.482505409,1254.334054,0,1,97.92311231,4,2,0,1257.786405
226.9744898,5.541532029,1257.786405,0,1,97.91053445,4,2,0,1245.78952
225.877672,5.515328314,1245.78952,0,1,97.89807655,4,2,0,1284.361631
229.6622242,5.592393943,1284.361631,0,1,97.88523294,4,2,0,1284.287058
231.8127264,5.540192197,1284.287058,0,1,97.87239007,4,2,0,1258.152811
227.9483696,5.519463962,1258.152811,0,1,97.85980854,4,2,0,1264.50009
229.8137369,5.502282444,1264.50009,0,1,97.84716354,4,2,0,1281.485476
233.2675585,5.493629223,1281.485476,0,1,97.83434868,4,2,0,1280.067802
230.2095776,5.560445468,1280.067802,0,1,97.821548,4,2,0,1230.750712
223.8847053,5.497252305,1230.750712,0,1,97.8092405,4,2,0,1275.912051
230.2086384,5.542416043,1275.912051,0,1,97.79648138,4,2,0,1283.675036
230.8150528,5.561487521,1283.675036,0,1,97.78364463,5,2,0,1285.863248
229.6455154,5.599339685,1285.863248,0,1,97.77078599,5,2,0,1272.658472
227.5503963,5.592864233,1272.658472,0,1,97.75805941,5,2,0,1282.971897
227.733032,5.633666254,1282.971897,0,1,97.74522969,5,2,0,1284.827455
233.0046896,5.514169936,1284.827455,0,1,97.73238142,5,2,0,1249.538286
226.0133051,5.528604988,1249.538286,0,1,97.71988603,5,2,0,1286.971822
232.7941406,5.528368619,1286.971822,0,1,97.70701631,5,2,0,1257.599932
227.1306959,5.536899919,1257.599932,0,1,97.69444031,5,2,0,1251.85599
227.0146512,5.514428179,1251.85599,0,1,97.68192175,5,2,0,1278.571053
229.3252768,5.575360338,1278.571053,0,1,97.66913604,5,2,0,1294.419048
232.4974589,5.567454603,1294.419048,0,1,97.65619185,5,2,0,23.82885388
233.9034977,0.101874722,23.82885388,0,0,97.65595357,5,0,0,4.465419742
227.6047951,0.019619181,4.465419742,0,0,97.65590891,5,0,0,-1147.589045
229.5178089,-5,-1147.589045,0,0,97.65590922,5,0,1,15.79731079
230.8083981,0.068443397,15.79731079,0,0,97.65575125,5,0,0,-6.984043775
228.8309545,-0.030520538,-6.984043775,0,0,97.65582109,5,0,0,3.398256649
229.8045407,0.014787596,3.398256649,0,0,97.65578711,5,0,0,-1.004715233
231.8850564,-0.004332816,-1.004715233,0,0,97.65579715,5,0,0,10.20250319
233.0451641,0.043779081,10.20250319,0,0,97.65569513,5,0,0,-7.354868105
228.8516499,-0.032138148,-7.354868105,0,0,97.65576868,5,0,0,19.86435273
228.7467185,0.086839946,19.86435273,0,0,97.65557004,5,0,0,4.658838174
228.0531586,0.020428738,4.658838174,0,0,97.65552345,5,0,0,22.76195962
227.8044995,0.099918832,22.76195962,0,0,97.65529583,5,0,0,-3.669756194
229.1871717,-0.016012049,-3.669756194,0,0,97.65533252,5,0,0,-4.826341077
228.5575095,-0.021116528,-4.826341077,0,0,97.65538079,5,0,0,27.35669351
229.5964853,0.119151186,27.35669351,0,0,97.65510722,5,0,0,6.150447828
229.3636733,0.026815266,6.150447828,0,0,97.65504572,5,0,0,10.35676339
228.7020528,0.04528496,10.35676339,0,0,97.65494215,5,0,0,-5.182142992
232.1660688,-0.022320846,-5.182142992,0,0,97.65499397,5,0,0,11.00138612
229.6707488,0.047900685,11.00138612,0,0,97.65488396,5,0,0,10.91518923
228.6597004,0.047735518,10.91518923,0,0,97.6547748,5,0,0,24.49043845
230.7483505,0.106134836,24.49043845,0,0,97.6545299,5,0,0,-0.059390693
230.3015498,-0.000257882,-0.059390693,0,0,97.65453049,5,0,0,-6.407047002
230.9095135,-0.027747003,-6.407047002,0,0,97.65459456,5,0,0,11.0201479
229.6773222,0.047981001,11.0201479,0,0,97.65448436,5,0,0,4.591114768
229.2738396,0.020024591,4.591114768,0,0,97.65443845,5,0,0,2.561621504
231.1744325,0.011080903,2.561621504,0,0,97.65441284,5,0,0,33.95705224
232.3646233,0.146136928,33.95705224,0,0,97.65407327,5,0,0,8.860146556
231.2134813,0.038320199,8.860146556,0,0,97.65398466,5,0,0,23.86703335
232.0257639,0.102863721,23.86703335,0,0,97.65374599,5,0,0,23.2933871
228.8495522,0.101784718,23.2933871,0,0,97.65351306,5,0,0,40.00029051
230.2792274,0.173703425,40.00029051,0,0,97.65311306,5,0,0,19.93267322
231.6957602,0.086029512,19.93267322,0,0,97.65291373,5,0,0,17.73410026
227.380109,0.077993191,17.73410026,0,0,97.65273639,5,0,0,0.937078463
230.5365087,0.004064773,0.937078463,0,0,97.65272702,5,0,0,19.14783728
228.1981646,0.083908814,19.14783728,0,0,97.65253554,5,0,0,1.191403059
226.6295773,0.00525705,1.191403059,0,0,97.65252363,5,0,0,2.096612149
227.3514004,0.009221901,2.096612149,0,0,97.65250266,5,0,0,21.11745607
233.1990795,0.090555486,21.11745607,0,0,97.65229149,5,0,0,30.26790218
231.1870469,0.130923867,30.26790218,0,0,97.65198881,5,0,0,11.26358764
227.7521908,0.049455452,11.26358764,0,0,97.65187617,5,0,0,25.43405188
229.3644278,0.110889261,25.43405188,0,0,97.65162183,5,0,0,15.34010502
232.571839,0.065958566,15.34010502,0,0,97.65146843,5,0,0,8.052247868
227.6405512,0.035372643,8.052247868,0,0,97.65138791,5,0,0,14.9503923
232.0481313,0.06442798,14.9503923,0,0,97.6512384,5,0,0,6.101743322
229.2263268,0.026618859,6.101743322,0,0,97.65117738,5,0,0,3.180965696
228.4136501,0.013926338,3.180965696,0,0,97.65114558,5,0,0,21.15910475
225.6869431,0.093754226,21.15910475,0,0,97.65093398,5,0,0,13.42318884
227.623071,0.058971126,13.42318884,0,0,97.65079975,5,0,0,8.887214467
226.9878784,0.039152815,8.887214467,0,0,97.65071088,5,0,0,-5.49112389
230.9178542,-0.023779555,-5.49112389,0,0,97.65076579,6,0,0,-2.085095816
230.9561668,-0.009028102,-2.085095816,0,0,97.65078664,6,0,0,1.871633497
232.5924349,0.008046837,1.871633497,0,0,97.65076793,6,0,0,20.24595256
231.5435802,0.087439058,20.24595256,0,0,97.65056547,6,0,0,5.705537187
231.8873655,0.024604778,5.705537187,0,0,97.65050841,6,0,0,28.78562928
229.175431,0.125605215,28.78562928,0,0,97.65022055,6,0,0,21.69285323
228.4988661,0.094936371,21.69285323,0,0,97.65000363,6,0,0,23.89814232
230.3684699,0.103738773,23.89814232,0,0,97.64976464,6,0,0,5.002968515
229.3557616,0.021813136,5.002968515,0,0,97.64971462,6,0,0,14.07414837
229.0841101,0.061436598,14.07414837,0,0,97.64957387,6,0,0,24.63283232
228.5864773,0.107761547,24.63283232,0,0,97.64932755,6,0,0,9.072018963
227.9970278,0.039790076,9.072018963,0,0,97.64923683,6,0,0,36.89668039
229.2098749,0.160973346,36.89668039,0,0,97.64886786,6,0,0,-3.198053628
232.1324829,-0.013776847,-3.198053628,0,0,97.64889984,6,0,0,22.30065399
225.5843473,0.098857276,22.30065399,0,0,97.64867683,6,0,0,5.585906852
230.2051583,0.024264907,5.585906852,0,0,97.64862097,6,0,0,234.0605052
226.9474213,1.031342431,234.0605052,1,0,97.64628037,6,1,0,92.1256894
228.2197674,0.403670946,92.1256894,1,0,97.64535911,6,1,0,91.47495191
225.0264723,0.406507514,91.47495191,1,0,97.64444436,6,1,0,110.5188154
227.288222,0.486249637,110.5188154,1,0,97.64333917,6,1,0,91.20172324
229.2873798,0.397761636,91.20172324,1,0,97.64242716,6,1,0,96.68064466
228.1237301,0.423807925,96.68064466,1,0,97.64146035,6,1,0,95.6632611
228.4170397,0.418809653,95.6632611,1,0,97.64050372,6,1,0,117.6633028
228.8463161,0.514158606,117.6633028,1,0,97.63932708,6,1,0,115.8088575
231.3191784,0.500645291,115.8088575,1,0,97.638169,6,1,0,108.0173535
232.5803411,0.464430282,108.0173535,1,0,97.63708882,6,1,0,114.2703622
231.001178,0.49467437,114.2703622,1,0,97.63594612,6,1,0,102.4866234
230.6679945,0.444303613,102.4866234,1,0,97.63492125,6,1,0,99.37265246
227.3697604,0.437053073,99.37265246,1,0,97.63392753,6,1,0,108.827557
231.4525779,0.470193756,108.827557,1,0,97.63283925,6,1,0,77.91244024
228.5357551,0.340920134,77.91244024,1,0,97.63206013,6,1,0,99.75234929
230.6042923,0.432569352,99.75234929,1,0,97.6310626,6,1,0,102.0420227
228.7767064,0.446033271,102.0420227,1,0,97.63004218,6,1,0,110.4330303
233.1261031,0.473705127,110.4330303,1,0,97.62893785,6,1,0,114.1220671
227.5023339,0.501630314,114.1220671,1,0,97.62779663,6,1,0,98.76764053
230.984889,0.427593515,98.76764053,1,0,97.62680895,6,1,0,108.8364885
231.8022177,0.469523068,108.8364885,1,0,97.62572059,6,1,0,95.33121972
230.7298311,0.413172494,95.33121972,1,0,97.62476728,6,1,0,95.54406873
228.1072991,0.418855815,95.54406873,1,0,97.62381184,6,1,0,93.59567175
229.4062141,0.407991005,93.59567175,1,0,97.62287588,6,1,0,81.25400764
229.810382,0.353569786,81.25400764,1,0,97.62206334,6,1,0,111.1377304
229.9013258,0.483414917,111.1377304,1,0,97.62095196,6,1,0,97.38931865
230.7105658,0.422127692,97.38931865,1,0,97.61997807,6,1,0,94.25223208
228.1502019,0.413114831,94.25223208,1,0,97.61903555,6,1,0,86.9462849
231.872348,0.37497479,86.9462849,1,0,97.61816608,6,1,0,106.1869333
229.0790249,0.463538438,106.1869333,1,0,97.61710422,6,1,0,123.3365993
232.394732,0.530720289,123.3365993,1,0,97.61587085,6,1,0,111.5856439
231.6041893,0.481794584,111.5856439,1,0,97.61475499,6,1,0,123.0109878
228.0408509,0.539425227,123.0109878,1,0,97.61352488,6,1,0,103.5050911
230.0312601,0.449960979,103.5050911,1,0,97.61248983,6,1,0,97.1356196
228.8661407,0.424421102,97.1356196,1,0,97.61151848,6,1,0,13.64399777
234.1188144,0.058278092,13.64399777,0,0,97.61138204,6,0,0,14.40140091
232.5626076,0.061924834,14.40140091,0,0,97.61123802,6,0,0,4.865920141
229.0501775,0.021243905,4.865920141,0,0,97.61118936,6,0,0,10.47673659
231.3410807,0.04528697,10.47673659,0,0,97.6110846,6,0,0,2.97122399
230.8540357,0.012870574,2.97122399,0,0,97.61105488,6,0,0,19.70412578
229.7376078,0.085767959,19.70412578,0,0,97.61085784,6,0,0,28.57839714
228.2545171,0.125204081,28.57839714,0,0,97.61057206,6,0,0,16.67566307
226.738007,0.073545954,16.67566307,0,0,97.6104053,6,0,0,5.192086929
232.8555664,0.022297457,5.192086929,0,0,97.61035338,6,0,0,-6.806495132
230.1062827,-0.029579788,-6.806495132,0,0,97.61042145,7,0,0,3.130327494
227.9934476,0.013729901,3.130327494,0,0,97.61039014,7,0,0,5.543346684
229.9472513,0.024107036,5.543346684,0,0,97.61033471,7,0,0,11.20693672
231.0622224,0.048501813,11.20693672,0,0,97.61022264,7,0,0,16.54170899
230.1701703,0.071867301,16.54170899,0,0,97.61005722,7,0,0,-1.601080899
230.4439013,-0.006947812,-1.601080899,0,0,97.61007323,7,0,0,15.09225506
230.641079,0.06543611,15.09225506,0,0,97.60992231,7,0,0,35.45970663
230.5321711,0.153816738,35.45970663,0,0,97.60956771,7,0,0,14.5518941
224.7007891,0.064761206,14.5518941,0,0,97.60942219,7,0,0,7.058104083
232.2530482,0.030389716,7.058104083,0,0,97.60935161,7,0,0,26.67392744
230.7475651,0.115597872,26.67392744,0,0,97.60908487,7,0,0,19.77673798
231.4027436,0.085464579,19.77673798,0,0,97.60888711,7,0,0,9.40784031
230.5099926,0.040813156,9.40784031,0,0,97.60879303,7,0,0,43.38771994
232.4242984,0.18667463,43.38771994,0,0,97.60835915,7,0,0,-12.05761063
228.4297795,-0.052784758,-12.05761063,0,0,97.60847973,7,0,0,14.14744645
229.4148885,0.061667517,14.14744645,0,0,97.60833825,7,0,0,-9.450519773
229.8658039,-0.041113204,-9.450519773,0,0,97.60843276,7,0,0,2.691162084
232.3960317,0.011580069,2.691162084,0,0,97.60840585,7,0,0,-6.670930848
229.5962755,-0.029055048,-6.670930848,0,0,97.60847256,7,0,0,8.198074471
230.4024849,0.035581537,8.198074471,0,0,97.60839057,7,0,0,24.60701637
230.9103487,0.106565238,24.60701637,0,0,97.6081445,7,0,0,4.016646205
229.89665,0.01747153,4.016646205,0,0,97.60810434,7,0,0,5.485282423
228.2263773,0.024034393,5.485282423,0,0,97.60804949,7,0,0,22.46589121
230.4164617,0.097501242,22.46589121,0,0,97.60782483,7,0,0,-3.519650475
232.1623064,-0.015160301,-3.519650475,0,0,97.60786002,7,0,0,-2.104261511
230.372933,-0.009134153,-2.104261511,0,0,97.60788107,7,0,0,3.058957845
227.7124745,0.013433422,3.058957845,0,0,97.60785048,7,0,0,11.25832798
226.7809715,0.049644059,11.25832798,0,0,97.60773789,7,0,0,23.48702332
229.6137764,0.10228926,23.48702332,0,0,97.60750302,7,0,0,21.09517698
228.5979466,0.092280693,21.09517698,0,0,97.60729207,7,0,0,-4.671107741
228.3344693,-0.020457304,-4.671107741,0,0,97.60733878,7,0,0,11.78506367
230.3466959,0.051162287,11.78506367,0,0,97.60722093,7,0,0,17.25786936
225.972509,0.076371544,17.25786936,0,0,97.60704835,7,0,0,37.13303125
230.9632035,0.160774663,37.13303125,0,0,97.60667702,7,0,0,1.000701458
229.3911731,0.004362424,1.000701458,0,0,97.60666702,7,0,0,0.444379193
227.7665779,0.001951029,0.444379193,0,0,97.60666257,7,0,0,7.421298898
229.4807559,0.032339526,7.421298898,0,0,97.60658836,7,0,0,4.983534122
229.1595682,0.021747004,4.983534122,0,0,97.60653852,7,0,0,16.10223264
231.5548208,0.069539613,16.10223264,0,0,97.6063775,7,0,0,-5.585872758
231.0924087,-0.024171598,-5.585872758,0,0,97.60643336,7,0,0,22.47057544
230.0850149,0.097662055,22.47057544,0,0,97.60620865,7,0,0,17.44762107
230.1626257,0.075805622,17.44762107,0,0,97.60603418,7,0,0,14.51757893
229.770708,0.063182897,14.51757893,0,0,97.605889,7,0,0,-9.915355133
231.6158149,-0.042809491,-9.915355133,0,0,97.60598816,7,0,0,-6.025375934
229.3018174,-0.026277053,-6.025375934,0,0,97.60604841,7,0,0,33.51960565
234.1044972,0.143182237,33.51960565,0,0,97.60571321,7,0,0,3.952362773
225.729234,0.017509308,3.952362773,0,0,97.60567369,7,0,0,13.98332573
229.5355782,0.06092008,13.98332573,0,0,97.60553386,7,0,0,16.85895924
229.0223377,0.073612729,16.85895924,0,0,97.60536527,7,0,0,3.80245968
228.0136807,0.016676454,3.80245968,0,0,97.60532724,7,0,0,23.5806742
228.4924997,0.103201086,23.5806742,0,0,97.60509144,7,0,0,8.266010707
230.4728104,0.035865448,8.266010707,0,0,97.60500877,7,0,0,5.705819421
231.4710901,0.024650246,5.705819421,0,0,97.60495172,7,0,0,24.2324075
228.7909111,0.105915079,24.2324075,0,0,97.60470939,7,0,0,11.62008233
231.8334149,0.050122552,11.62008233,0,0,97.60459319,7,0,0,10.26816298
229.9504937,0.044653798,10.26816298,0,0,97.60449051,7,0,0,8.153728299
230.7525651,0.035335374,8.153728299,0,0,97.60440897,7,0,0,16.06070084
229.893883,0.069861367,16.06070084,0,0,97.60424837,7,0,0,14.76285905
233.2488518,0.063292312,14.76285905,0,0,97.60410074,7,0,0,19.54318242
234.19011,0.083450076,19.54318242,0,0,97.60390531,7,0,0,16.66767753
231.7378352,0.071924714,16.66767753,0,0,97.63462178,8,0,0,6.36535629
229.4698068,0.027739407,6.36535629,0,0,97.66907637,8,0,0,27.44463038
231.7348239,0.118431188,27.44463038,0,0,97.68376344,8,0,0,24.4309829
228.8463301,0.106757154,24.4309829,0,0,97.69460641,8,0,0,3.599667257
230.9531696,0.015586135,3.599667257,0,0,97.73648638,8,0,0,7.412955742
230.6741379,0.03213605,7.412955742,0,0,97.78602837,8,0,0,5.376143079
231.2087104,0.023252338,5.376143079,0,0,97.79913264,8,0,0,6.977210241
229.2125469,0.030439914,6.977210241,0,0,97.82054761,8,0,0,10.96870887
231.2291665,0.047436528,10.96870887,0,0,97.85565155,8,0,0,9.818128762
232.7712556,0.042179301,9.818128762,0,0,97.87681357,8,0,0,17.6386254
229.3347223,0.076912145,17.6386254,0,0,97.91570165,8,0,0,-12.2706363
230.100012,-0.053327404,-12.2706363,0,0,97.95124816,8,0,0,12.28713964
230.8874241,0.053217016,12.28713964,0,0,97.98409045,8,0,0,9.7708339
228.6852998,0.042726113,9.7708339,0,0,98.0039095,8,0,0,7.552794236
229.8464587,0.032860172,7.552794236,0,0,98.03261598,8,0,0,19.70330122
232.6164687,0.08470295,19.70330122,0,0,98.04734553,8,0,0,17.19865067
229.98932,0.074780214,17.19865067,0,0,98.08360482,8,0,0,9.316660225
231.2303426,0.040291685,9.316660225,0,0,98.11756536,8,0,0,17.41326935
230.8240229,0.075439589,17.41326935,0,0,98.16614175,8,0,0,-9.585458319
225.0099157,-0.04260016,-9.585458319,0,0,98.19976281,8,0,0,10.65705308
233.5934477,0.045622226,10.65705308,0,0,98.24357116,8,0,0,11.45203508
230.270872,0.049732886,11.45203508,0,0,98.26739995,8,0,0,14.41584936
232.5998953,0.061977024,14.41584936,0,0,98.30011348,8,0,0,10.28844185
228.0231011,0.045120173,10.28844185,0,0,98.34607493,8,0,0,0.944573518
233.9106884,0.00403818,0.944573518,0,0,98.36313081,8,0,0,-1.497427381
227.7056308,-0.006576154,-1.497427381,0,0,98.40148314,8,0,0,9.953595964
233.0505576,0.042710029,9.953595964,0,0,98.44123173,8,0,0,9.844305704
234.3795773,0.042001551,9.844305704,0,0,98.47035786,8,0,0,12.85203135
228.7849586,0.056175159,12.85203135,0,0,98.49529954,8,0,0,12.68428686
229.1273516,0.055359113,12.68428686,0,0,98.52549924,8,0,0,28.93715726
228.7585761,0.126496491,28.93715726,0,0,98.57501054,8,0,0,2.611695152
231.1542654,0.011298494,2.611695152,0,0,98.61761013,8,0,0,5.25244587
229.1908333,0.022917347,5.25244587,0,0,98.62869455,8,0,0,8.124365364
228.2693166,0.035591141,8.124365364,0,0,98.64312277,8,0,0,-3.385271342
230.5990988,-0.014680332,-3.385271342,0,0,98.68899131,8,0,0,19.72727076
228.2870561,0.08641432,19.72727076,0,0,98.72818673,8,0,0,15.98519485
231.6362217,0.06900991,15.98519485,0,0,98.7574235,8,0,0,10.13313448
233.8273191,0.043335973,10.13313448,0,0,98.79878927,8,0,0,-2.896062789
224.8967309,-0.012877301,-2.896062789,0,0,98.82118765,8,0,0,9.3150297
228.9340044,0.040688712,9.3150297,0,0,98.86777818,8,0,0,23.50394009
233.598202,0.100616956,23.50394009,0,0,98.91214941,8,0,0,9.511230169
231.7740895,0.041036641,9.511230169,0,0,98.95950409,8,0,0,33.30822593
228.0239867,0.146073343,33.30822593,0,0,99.00588365,8,0,0,-5.045251764
232.4809034,-0.02170179,-5.045251764,0,0,99.03714987,8,0,0,11.06484456
230.380522,0.048028559,11.06484456,0,0,99.05447949,8,0,0,5.813755565
229.9649222,0.025281054,5.813755565,0,0,99.09520832,8,0,0,42.92130395
229.7615451,0.18680804,42.92130395,0,0,99.11654799,8,0,0,9.338842576
228.7579766,0.040824118,9.338842576,0,0,99.12859564,8,0,0,10.26716612
231.2888606,0.044391096,10.26716612,0,0,99.17146765,8,0,0,7.749804016
228.2901305,0.033947171,7.749804016,0,0,99.22091653,8,0,0,-0.675530378
231.7949466,-0.002914345,-0.675530378,0,0,99.2514341,8,0,0,14.12264585
229.2385368,0.06160677,14.12264585,0,0,99.29524212,8,0,0,-1.006194624
228.4985035,-0.004403506,-1.006194624,0,0,99.31791781,8,0,0,13.03674458
227.6690202,0.057261829,13.03674458,0,0,99.34414661,8,0,0,17.27990801
231.1870065,0.074744287,17.27990801,0,0,99.35915956,8,0,0,5.140424411
230.8515031,0.022267234,5.140424411,0,0,99.37926042,8,0,0,21.75029376
230.014218,0.094560649,21.75029376,0,0,99.39362973,8,0,0,33.16657565
226.2906302,0.146566279,33.16657565,0,0,99.43087863,8,0,0,4.785573684
229.605359,0.020842604,4.785573684,0,0,99.46429469,8,0,0,23.31645958
228.3887485,0.102091104,23.31645958,0,0,99.47677158,8,0,0,4.125526559
227.5910516,0.018126928,4.125526559,0,0,99.51371189,9,0,0,22.30928983
227.2486775,0.098171264,22.30928983,0,0,99.52694267,9,0,0,21.21025155
232.3039534,0.091303877,21.21025155,0,0,99.56249502,9,0,0,28.70898181
229.0236771,0.125353772,28.70898181,0,0,99.58134497,9,0,0,10.67895556
231.0233807,0.046224566,10.67895556,0,0,99.62751391,9,0,0,12.31516943
231.2005615,0.053266174,12.31516943,0,0,99.64083408,9,0,0,3.092297888
227.9142135,0.013567815,3.092297888,0,0,99.68960687,9,0,0,25.3287221
232.7394339,0.108828666,25.3287221,0,0,99.71879374,9,0,0,10.24666567
229.2666701,0.04469322,10.24666567,0,0,99.74901659,9,0,0,8.560006784
225.0531936,0.038035482,8.560006784,0,0,99.79691609,9,0,0,7.093123514
232.6951082,0.030482478,7.093123514,0,0,99.81361919,9,0,0,18.14426477
231.6490504,0.078326523,18.14426477,0,0,99.83548183,9,0,0,-9.494577348
229.3565628,-0.04139658,-9.494577348,0,0,99.8551177,9,0,0,-2.77453094
231.1831026,-0.012001443,-2.77453094,0,0,99.87085544,9,0,0,-4.840443551
233.5102837,-0.020729038,-4.840443551,0,0,99.9149126,9,0,0,21.39454061
230.4862366,0.092823506,21.39454061,0,0,99.94815538,9,0,0,-3.815502377
228.6187267,-0.016689369,-3.815502377,0,0,99.98645059,9,0,0,3135.402753
227.5111678,13.78131361,3135.402753,0,1,100,9,2,0,1264.387669
227.6337336,5.554482849,1264.387669,0,1,100,9,2,0,1265.020092
229.8271862,5.504223031,1265.020092,0,1,100,9,2,0,1273.605743
233.2701105,5.459789683,1273.605743,0,1,100,9,2,0,1266.01511
230.5401351,5.491517168,1266.01511,0,1,100,9,2,0,1261.959704
229.7585363,5.492547629,1261.959704,0,1,100,9,2,0,1251.00066
227.2120629,5.505872551,1251.00066,0,1,100,9,2,0,1261.93579
227.6315793,5.543764157,1261.93579,0,1,100,9,2,0,1292.658632
231.7823733,5.577035962,1292.658632,0,1,100,9,2,0,1259.138902
228.5113964,5.510179896,1259.138902,0,1,100,9,2,0,1261.888762
229.0245467,5.509840672,1261.888762,0,1,100,9,2,0,1276.06687
228.8821681,5.575213136,1276.06687,0,1,100,9,2,0,1283.152078
229.5319662,5.590297939,1283.152078,0,1,100,9,2,0,1264.564975
228.4071044,5.536452022,1264.564975,0,1,100,9,2,0,1249.05383
223.9142636,5.578268262,1249.05383,0,1,100,9,2,0,1270.186594
225.5707741,5.630989204,1270.186594,0,1,100,9,2,0,1285.407814
233.7368154,5.499381051,1285.407814,0,1,100,9,2,0,1276.418542
230.7690642,5.531151006,1276.418542,0,1,100,9,2,0,1282.477304
232.8861249,5.506885841,1282.477304,0,1,100,9,2,0,1307.367978
231.2101912,5.65445654,1307.367978,0,1,100,9,2,0,1250.96076
227.3188782,5.503109859,1250.96076,0,1,100,9,2,0,1251.373908
227.8571754,5.491922322,1251.373908,0,1,100,9,2,0,1287.078685
228.2691914,5.638424864,1287.078685,0,1,100,9,2,0,1243.706058
228.3225097,5.447146053,1243.706058,0,1,100,9,2,0,1295.178087
231.5186145,5.594271932,1295.178087,0,1,100,9,2,0,1270.079105
230.4297442,5.511784554,1270.079105,0,1,100,9,2,0,1274.759644
229.9958421,5.54253343,1274.759644,0,1,100,9,2,0,1261.950711
224.9607711,5.60964787,1261.950711,0,1,100,9,2,0,1271.297201
231.1178867,5.500643931,1271.297201,0,1,100,9,2,0,1282.23434
229.3306434,5.591203689,1282.23434,0,1,100,9,2,0,1280.023186
231.112647,5.538525056,1280.023186,0,1,100,9,2,0,1246.059926
226.4948338,5.501493808,1246.059926,0,1,100,9,2,0,1265.370545
227.5596962,5.560609218,1265.370545,0,1,100,9,2,0,1278.561349
226.1448063,5.653728557,1278.561349,0,1,100,9,2,0,1273.755406
229.2362662,5.556517857,1273.755406,0,1,100,9,2,0,1302.021351
232.0086947,5.611950678,1302.021351,0,1,100,9,2,0,1289.435614
232.4457426,5.547254165,1289.435614,0,1,100,9,2,0,1228.162135
225.0419827,5.457480065,1228.162135,0,1,100,9,2,0,1288.81918
229.674256,5.61150911,1288.81918,0,1,100,9,2,0,1264.636391
228.7962524,5.527347488,1264.636391,0,1,100,9,2,0,1312.740602
232.457894,5.647218858,1312.740602,0,1,100,9,2,0,1281.430587
228.6408323,5.604557043,1281.430587,0,1,100,9,2,0,1238.513566
227.1464331,5.452489607,1238.513566,0,1,100,9,2,0,1273.898925
231.4021995,5.505128853,1273.898925,0,1,99.99825958,10,2,0,1287.631849
230.5567021,5.584881451,1287.631849,0,1,100,10,2,0,1267.430648
227.4158398,5.573185442,1267.430648,0,1,100,10,2,0,1294.68918
231.2459711,5.598753456,1294.68918,0,1,100,10,2,0,1275.355162
229.3365154,5.561064534,1275.355162,0,1,100,10,2,0,1284.954126
232.8741465,5.517804984,1284.954126,0,1,100,10,2,0,1259.211898
228.1627692,5.518919248,1259.211898,0,1,100,10,2,0,2327.67811
151.0574192,15.40922731,2327.67811,0,1,100,10,2,1,1256.276034
227.6550582,5.518331304,1256.276034,0,1,100,10,2,0,1282.205269
230.203945,5.569866619,1282.205269,0,1,99.99732654,10,2,0,1282.383865
229.2176099,5.594613195,1282.383865,0,1,100,10,2,0,1269.535559
227.5522495,5.579094742,1269.535559,0,1,100,10,2,0,1292.221357
234.1987088,5.517628017,1292.221357,0,1,100,10,2,0,1292.04211
231.2416855,5.587410016,1292.04211,0,1,100,10,2,0,1248.370472
226.7481947,5.505536545,1248.370472,0,1,100,10,2,0,1273.642853
230.9174603,5.515576223,1273.642853,0,1,100,10,2,0,1272.071669
230.1557281,5.527004168,1272.071669,0,1,100,10,2,0,1273.041209
230.6682428,5.518927068,1273.041209,0,1,100,10,2,0,1290.599342
231.9439811,5.564271754,1290.599342,0,1,100,10,2,0,1303.978099
232.4370846,5.610026048,1303.978099,0,1,100,10,2,0,1244.049031
225.6782251,5.512490318,1244.049031,0,1,100,10,2,0,1264.222295
227.4143961,5.559112866,1264.222295,0,1,100,10,2,0,1261.441404
228.3093782,5.525140551,1261.441404,0,1,100,10,2,0,1260.908696
229.1054387,5.503617474,1260.908696,0,1,100,10,2,0,1277.673028
229.1388682,5.575976865,1277.673028,0,1,100,10,2,0,1236.984883
227.7308328,5.431784832,1236.984883,0,1,100,10,2,0,1275.179723
230.8050916,5.524920244,1275.179723,0,1,100,10,2,0,1277.816953
232.0371518,5.506949829,1277.816953,0,1,100,10,2,0,1264.897505
228.6021307,5.533183357,1264.897505,0,1,100,10,2,0,1255.663796
228.9397455,5.484691147,1255.663796,0,1,100,10,2,0,1298.116651
230.8122645,5.62412337,1298.116651,0,1,100,10,2,0,1286.844747
231.6894552,5.554179175,1286.844747,0,1,100,10,2,0,1261.043472
229.4564408,5.495785901,1261.043472,0,1,100,10,2,0,1251.701011
229.1658679,5.461987087,1251.701011,0,1,100,10,2,0,1283.20464
229.293043,5.596352261,1283.20464,0,1,100,10,2,0,1277.498188
233.4349601,5.472608678,1277.498188,0,1,100,10,2,0,1271.975431
229.4708671,5.543080248,1271.975431,0,1,100,10,2,0,1266.696899
227.2298975,5.574516879,1266.696899,0,1,100,10,2,0,1250.349276
228.340666,5.475806381,1250.349276,0,1,100,10,2,0,1278.872459
230.1380676,5.556979217,1278.872459,0,1,100,10,2,0,1260.671828
228.9663218,5.505926892,1260.671828,0,1,100,10,2,0,1255.965097
227.9715507,5.509306287,1255.965097,0,1,100,10,2,0,1322.462505
234.9396003,5.628946775,1322.462505,0,1,100,10,2,0,1278.288704
232.4432288,5.49935875,1278.288704,0,1,100,10,2,0,1271.621471
230.7310081,5.511272548,1271.621471,0,1,100,10,2,0,1312.174991
235.106264,5.581199617,1312.174991,0,1,100,10,2,0,1289.867174
230.7196543,5.590625463,1289.867174,0,1,100,10,2,0,1493.580265
229.4655328,6.508952549,1493.580265,1,1,100,10,3,0,1339.047338
227.9426968,5.874491076,1339.047338,1,1,100,10,3,0,3622.551612
155.7152197,23.26395339,3622.551612,1,1,99.99831193,10,3,1,1351.950815
229.9272559,5.879906709,1351.950815,1,1,100,10,3,0,1358.328121
228.8207511,5.936210393,1358.328121,1,1,100,10,3,0,1361.203544
227.5869613,5.981026049,1361.203544,1,1,100,10,3,0,1367.120174
228.2901095,5.988521257,1367.120174,1,1,99.99687008,10,3,0,1366.948664
229.7567566,5.949547185,1366.948664,1,1,100,10,3,0,1363.048321
230.3066666,5.91840584,1363.048321,1,1,99.99979086,10,3,0,1371.12617
230.1580108,5.957325424,1371.12617,1,1,100,10,3,0,1344.881583
228.2172981,5.892987052,1344.881583,1,1,100,10,3,0,1370.469036
230.8056882,5.937761093,1370.469036,1,1,100,10,3,0,1354.645483
228.6047152,5.925711031,1354.645483,1,1,100,10,3,0,1356.845259
230.1845478,5.894597497,1356.845259,1,1,100,11,3,0,1373.708908
229.1684006,5.994320789,1373.708908,1,1,100,11,3,0,1351.690176
231.2206466,5.845888746,1351.690176,1,1,100,11,3,0,1365.043562
229.625188,5.94465953,1365.043562,1,1,99.99967334,11,3,0,1367.782102
227.5795125,6.010128449,1367.782102,1,1,100,11,3,0,1368.460814
229.2920411,5.968200237,1368.460814,1,1,100,11,3,0,1375.255866
228.5092137,6.018382558,1375.255866,1,1,100,11,3,0,1394.840436
232.0237163,6.011628718,1394.840436,1,1,100,11,3,0,1359.926297
230.7440534,5.893656961,1359.926297,1,1,100,11,3,0,1358.424681
229.5058617,5.918910615,1358.424681,1,1,100,11,3,0,1392.619388
232.4234893,5.99173256,1392.619388,1,1,100,11,3,0,1351.201824
229.0093221,5.900204461,1351.201824,1,1,100,11,3,0,1347.563617
227.2953696,5.928689263,1347.563617,1,1,100,11,3,0,1383.59473
232.8310982,5.942482516,1383.59473,1,1,100,11,3,0,1351.714009
229.45341,5.891017305,1351.714009,1,1,100,11,3,0,1356.309408
229.7087671,5.904473846,1356.309408,1,1,100,11,3,0,1382.455349
230.2630825,6.003808054,1382.455349,1,1,100,11,3,0,1364.04955
230.8719506,5.908251509,1364.04955,1,1,100,11,3,0,1384.202981
229.4657674,6.032285324,1384.202981,1,1,100,11,3,0,1354.896599
226.7708152,5.974739731,1354.896599,1,1,100,11,3,0,1361.808084
229.3902892,5.936642256,1361.808084,1,1,100,11,3,0,1369.621997
229.7703631,5.960829666,1369.621997,1,1,100,11,3,0,1344.461013
227.9539084,5.897951137,1344.461013,1,1,100,11,3,0,1345.239172
226.3786643,5.942429145,1345.239172,1,1,100,11,3,0,1359.115999
228.4624513,5.94896882,1359.115999,1,1,100,11,3,0,1389.609856
229.7229509,6.049068456,1389.609856,1,1,100,11,3,0,1376.269737
227.6811324,6.044724579,1376.269737,1,1,100,11,3,0,1336.765645
228.1481848,5.859199126,1336.765645,1,1,100,11,3,0,1359.162794
230.1578099,5.905351616,1359.162794,1,1,100,11,3,0,1350.673015
228.3797209,5.914154766,1350.673015,1,1,100,11,3,0,1392.083403
232.8923322,5.977368985,1392.083403,1,1,99.99947656,11,3,0,1361.330264
229.4491142,5.933037784,1361.330264,1,1,100,11,3,0,1359.35367
230.4145024,5.899601181,1359.35367,1,1,100,11,3,0,1381.976548
230.4634404,5.996510966,1381.976548,1,1,100,11,3,0,1364.675479
227.9352714,5.987118492,1364.675479,1,1,100,11,3,0,1355.006972
228.9183369,5.919171835,1355.006972,1,1,100,11,3,0,1399.502457
231.2675779,6.051442532,1399.502457,1,1,100,11,3,0,1355.699919
226.8694966,5.975681788,1355.699919,1,1,100,11,3,0,1339.377535
228.1948281,5.869447375,1339.377535,1,1,99.99718119,11,3,0,1331.889053
226.7559067,5.873668616,1331.889053,1,1,100,11,3,0,1380.301135
231.5267675,5.961734575,1380.301135,1,1,100,11,3,0,1364.475722
229.6148899,5.942453135,1364.475722,1,1,100,11,3,0,1372.126016
230.0520826,5.964414669,1372.126016,1,1,100,11,3,0,1367.102639
231.3739801,5.908627401,1367.102639,1,1,100,11,3,0,1371.893242
230.7835499,5.94450186,1371.893242,1,1,100,11,3,0,1391.864096
232.4000661,5.989086491,1391.864096,1,1,99.9984368,11,3,0,1362.528212
227.4914101,5.989361142,1362.528212,1,1,100,11,3,0,1380.634102
231.9546174,5.952173391,1380.634102,1,1,100,11,3,0,1372.675788
229.1093402,5.991356732,1372.675788,1,1,100,11,3,0,1359.810644
228.3532884,5.954854663,1359.810644,1,1,100,11,3,0,1369.305197
229.5825659,5.964325693,1369.305197,1,1,100,11,3,0,1374.284601
228.039417,6.026522166,1374.284601,1,1,100,11,3,0,1346.443244
229.1961592,5.874632667,1346.443244,1,1,100,11,3,0,1366.755057
228.9769051,5.968964673,1366.755057,1,1,100,11,3,0,1289.779469
233.1734655,5.531416134,1289.779469,0,1,100,11,2,0,1261.503551
229.4202662,5.498657864,1261.503551,0,1,100,11,2,0,1265.261083
231.8608668,5.456984182,1265.261083,0,1,100,11,2,0,1292.42164
229.5743552,5.629642908,1292.42164,0,1,100,11,2,0,1305.213974
230.638301,5.659138005,1305.213974,0,1,100,11,2,0,1245.72915
227.5101314,5.475488684,1245.72915,0,1,100,11,2,0,1515.429125
227.2770611,6.667761004,1515.429125,1,1,100,12,3,0,1367.307021
230.8027134,5.924137549,1367.307021,1,1,100,12,3,0,1391.02705
231.7203509,6.003042221,1391.02705,1,1,100,12,3,0,1373.725229
230.278356,5.96549868,1373.725229,1,1,100,12,3,0,1345.89504
226.1082406,5.952436922,1345.89504,1,1,100,12,3,0,1346.989259
225.3609136,5.977031408,1346.989259,1,1,99.99945353,12,3,0,1363.150665
230.4204482,5.915927497,1363.150665,1,1,100,12,3,0,1391.925784
232.8277255,5.978350651,1391.925784,1,1,100,12,3,0,1367.869231
231.7109798,5.903342314,1367.869231,1,1,100,12,3,0,1347.966408
228.4612751,5.900196466,1347.966408,1,1,100,12,3,0,1372.014591
228.9518592,5.992589866,1372.014591,1,1,99.9967249,12,3,0,1370.387957
231.9388196,5.908402737,1370.387957,1,1,100,12,3,0,1361.240115
228.8666788,5.947742684,1361.240115,1,1,100,12,3,0,1341.441921
231.1631598,5.803009104,1341.441921,1,1,100,12,3,0,1366.896402
230.2473096,5.936644405,1366.896402,1,1,100,12,3,0,1340.960307
228.3751406,5.871743759,1340.960307,1,1,100,12,3,0,-1140.910287
228.1820574,-5,-1140.910287,1,1,100,12,3,1,1374.480251
228.1988266,6.02316967,1374.480251,1,1,100,12,3,0,1369.633211
229.0602392,5.97935816,1369.633211,1,1,100,12,3,0,1333.799802
227.0642578,5.874107248,1333.799802,1,1,100,12,3,0,1363.772026
227.1175087,6.004697893,1363.772026,1,1,100,12,3,0,1357.048804
227.1711602,5.973684345,1357.048804,1,1,99.99749213,12,3,0,1366.526032
229.4307581,5.956158816,1366.526032,1,1,100,12,3,0,1357.463635
227.5706276,5.965021276,1357.463635,1,1,100,12,3,0,1382.210285
230.7360277,5.990439806,1382.210285,1,1,100,12,3,0,1355.500397
228.6968781,5.927061218,1355.500397,1,1,100,12,3,0,1390.91969
232.7920918,5.974943908,1390.91969,1,1,100,12,3,0,1364.322484
228.7297121,5.964780315,1364.322484,1,1,100,12,3,0,1378.554511
230.6198461,5.977605717,1378.554511,1,1,100,12,3,0,1363.329964
231.4554735,5.890247242,1363.329964,1,1,100,12,3,0,1371.558286
232.127831,5.908633532,1371.558286,1,1,100,12,3,0,1369.588185
231.5865718,5.91393609,1369.588185,1,1,100,12,3,0,1384.174445
231.7774533,5.971997818,1384.174445,1,1,100,12,3,0,1375.174709
229.0679726,6.003347799,1375.174709,1,1,100,12,3,0,1358.388455
228.4495918,5.946118987,1358.388455,1,1,100,12,3,0,1383.400613
229.9551343,6.015958795,1383.400613,1,1,100,12,3,0,1360.813665
227.995743,5.968592426,1360.813665,1,1,100,12,3,0,1387.00506
233.5565266,5.938626851,1387.00506,1,1,100,12,3,0,1366.620575
230.3956984,5.931623655,1366.620575,1,1,100,12,3,0,1379.125873
228.3915923,6.038426631,1379.125873,1,1,100,12,3,0,1339.48918
224.6049642,5.963755897,1339.48918,1,1,100,12,3,0,1369.939618
227.4065683,6.024186671,1369.939618,1,1,100,12,3,0,1361.826855
229.4761598,5.934502547,1361.826855,1,1,100,12,3,0,107.7133667
230.9384532,0.466415901,107.7133667,1,0,100,12,1,0,92.42086663
230.5935322,0.400795572,92.42086663,1,0,100,12,1,0,103.9276421
230.5681303,0.450745912,103.9276421,1,0,100,12,1,0,106.5820985
229.2924797,0.464830328,106.5820985,1,0,100,12,1,0,89.87979862
230.5544861,0.389841899,89.87979862,1,0,100,12,1,0,94.16692565
230.4523109,0.408617841,94.16692565,1,0,100,12,1,0,102.3924534
229.6491116,0.445864792,102.3924534,1,0,100,12,1,0,91.12269883
228.6679129,0.398493596,91.12269883,1,0,100,12,1,0,108.092637
227.241463,0.475673038,108.092637,1,0,100,12,1,0,103.636076
231.1478458,0.448354064,103.636076,1,0,100,12,1,0,90.70284115
232.4405167,0.390219581,90.70284115,1,0,100,12,1,0,109.8048101
229.8381169,0.477748476,109.8048101,1,0,100,12,1,0,93.97012556
230.5950484,0.407511463,93.97012556,1,0,100,12,1,0,125.3401752
232.4766,0.539151791,125.3401752,1,0,100,12,1,0,119.9990729
229.6614153,0.522504282,119.9990729,1,0,100,12,1,0,96.77074325
230.6871392,0.419489112,96.77074325,1,0,100,12,1,0,114.1773695
232.9945543,0.490043082,114.1773695,1,0,100,12,1,0,92.97558473
229.9776721,0.404280919,92.97558473,1,0,100,13,1,0,99.12937176
228.6918054,0.433462719,99.12937176,1,0,100,13,1,0,99.79867019
228.4501625,0.436850949,99.79867019,1,0,100,13,1,0,98.92433337
227.3381454,0.435141816,98.92433337,1,0,100,13,1,0,111.3445638
235.7191054,0.472361218,111.3445638,1,0,100,13,1,0,98.89605573
229.2720268,0.431348111,98.89605573,1,0,100,13,1,0,123.1837537
230.9799056,0.533309395,123.1837537,1,0,100,13,1,0,115.6439997
230.2212107,0.502316878,115.6439997,1,0,100,13,1,0,102.5981943
229.5171919,0.447017469,102.5981943,1,0,100,13,1,0,99.19223758
226.2743808,0.438371491,99.19223758,1,0,100,13,1,0,98.78819948
228.8083824,0.431750788,98.78819948,1,0,100,13,1,0,110.5790853
228.4559738,0.484027988,110.5790853,1,0,100,13,1,0,98.62830674
231.2342334,0.426529867,98.62830674,1,0,100,13,1,0,109.8161814
235.576878,0.466158573,109.8161814,1,0,100,13,1,0,110.0709176
228.521051,0.481666425,110.0709176,1,0,100,13,1,0,103.1936517
226.6466553,0.455306307,103.1936517,1,0,100,13,1,0,104.5573131
229.7801355,0.455031993,104.5573131,1,0,100,13,1,0,101.8419335
230.3530841,0.442112307,101.8419335,1,0,100,13,1,0,96.15158592
229.4067418,0.419131474,96.15158592,1,0,100,13,1,0,105.0348033
230.4839287,0.455714218,105.0348033,1,0,100,13,1,0,91.23652368
228.2121462,0.399788202,91.23652368,1,0,100,13,1,0,101.9775065
230.9772823,0.441504487,101.9775065,1,0,100,13,1,0,125.4036283
231.1237899,0.542582087,125.4036283,1,0,100,13,1,0,115.0311259
231.7414948,0.496376905,115.0311259,1,0,100,13,1,0,97.08498579
230.2072626,0.421728597,97.08498579,1,0,100,13,1,0,107.9443275
230.0834074,0.469153029,107.9443275,1,0,100,13,1,0,105.7015457
231.7799895,0.456042586,105.7015457,1,0,100,13,1,0,94.64814707
231.887601,0.408163898,94.64814707,1,0,100,13,1,0,110.1448793
232.5060624,0.473729064,110.1448793,1,0,100,13,1,0,97.39775154
230.8760345,0.421861679,97.39775154,1,0,100,13,1,0,104.7018672
229.354448,0.456506809,104.7018672,1,0,100,13,1,0,95.61220229
229.2480541,0.417068763,95.61220229,1,0,100,13,1,0,98.69129696
229.3286989,0.430348654,98.69129696,1,0,100,13,1,0,-1159.425834
231.8851669,-5,-1159.425834,1,0,100,13,1,1,95.13219082
229.7778957,0.414018026,95.13219082,1,0,100,13,1,0,102.370672
233.4410216,0.438529061,102.370672,1,0,100,13,1,0,81.12167728
231.2100138,0.35085711,81.12167728,1,0,100,13,1,0,96.82566152
230.4884581,0.420088981,96.82566152,1,0,100,13,1,0,95.96596927
229.7263245,0.417740411,95.96596927,1,0,100,13,1,0,108.0654398
230.9289469,0.467959696,108.0654398,1,0,100,13,1,0,106.407178
227.7384299,0.467234178,106.407178,1,0,100,13,1,0,117.5310107
232.1639882,0.50624135,117.5310107,1,0,100,13,1,0,89.42041253
233.0332383,0.383723855,89.42041253,1,0,100,13,1,0,-1133.52551
226.7051019,-5,-1133.52551,1,0,100,13,1,1,106.0322556
231.1911593,0.45863456,106.0322556,1,0,100,13,1,0,100.2566885
230.1249866,0.435661898,100.2566885,1,0,100,13,1,0,92.47974291
228.5140125,0.404700534,92.47974291,1,0,100,13,1,0,99.71020976
225.2608885,0.442643241,99.71020976,1,0,100,13,1,0,109.1274527
231.5724715,0.47124536,109.1274527,1,0,100,13,1,0,104.936264
230.3925285,0.455467305,104.936264,1,0,100,13,1,0,102.2206969
226.6461745,0.451014437,102.2206969,1,0,100,13,1,0,103.7557513
228.4921706,0.454088869,103.7557513,1,0,100,13,1,0,109.1154048
230.1577239,0.474089693,109.1154048,1,0,100,13,1,0,99.41701221
230.2321604,0.431812011,99.41701221,1,0,100,13,1,0,107.399062
230.6377953,0.465661154,107.399062,1,0,100,13,1,0,118.8893121
232.6557481,0.511009563,118.8893121,1,0,100,13,1,0,136.6100538
230.8998896,0.591641919,136.6100538,1,0,100,13,1,0,82.0592323
230.3032078,0.35630955,82.0592323,1,0,100,13,1,0,104.2877791
228.8533898,0.455696895,104.2877791,1,0,100,13,1,0,106.4109697
229.2068328,0.464257406,106.4109697,1,0,100,13,1,0,123.5319408
228.7126177,0.540118608,123.5319408,1,0,100,14,1,0,83.84278883
230.9863611,0.362977227,83.84278883,1,0,100,14,1,0,121.7623605
230.7963049,0.527575,121.7623605,1,0,100,14,1,0,98.18350609
227.4016517,0.431762502,98.18350609,1,0,100,14,1,0,95.43646234
231.3916362,0.412445601,95.43646234,1,0,100,14,1,0,62.85556736
229.7313496,0.273604658,62.85556736,1,0,100,14,1,0,76.31928432
228.0219765,0.334701442,76.31928432,1,0,100,14,1,0,103.2056139
231.4056254,0.445994403,103.2056139,1,0,100,14,1,0,100.7625882
227.8574942,0.442217573,100.7625882,1,0,100,14,1,0,119.8966046
230.2917691,0.520629135,119.8966046,1,0,100,14,1,0,118.9994507
232.0381379,0.512844361,118.9994507,1,0,100,14,1,0,106.6463881
228.4087523,0.466910252,106.6463881,1,0,100,14,1,0,99.13814314
231.3163583,0.4285825,99.13814314,1,0,100,14,1,0,72.78169122
230.4374697,0.315841392,72.78169122,1,0,100,14,1,0,109.551015
228.8756599,0.478648604,109.551015,1,0,100,14,1,0,97.12261918
229.3336624,0.423499185,97.12261918,1,0,100,14,1,0,125.4279309
230.4652705,0.544237883,125.4279309,1,0,100,14,1,0,87.3528534
226.7869341,0.385175864,87.3528534,1,0,100,14,1,0,111.5735149
230.2648518,0.484544272,111.5735149,1,0,100,14,1,0,102.9727323
225.1729861,0.457305,102.9727323,1,0,100,14,1,0,91.12165011
229.5107469,0.397025635,91.12165011,1,0,100,14,1,0,117.1743605
228.7768174,0.512177597,117.1743605,1,0,100,14,1,0,122.3009983
225.8657262,0.541476568,122.3009983,1,0,100,14,1,0,105.7349245
230.2156823,0.459286367,105.7349245,1,0,100,14,1,0,108.0327654
228.8715435,0.47202358,108.0327654,1,0,100,14,1,0,106.6245866
230.8230685,0.461932108,106.6245866,1,0,100,14,1,0,106.802994
231.768852,0.460816857,106.802994,1,0,100,14,1,0,73.3291032
229.2135472,0.319916096,73.3291032,1,0,100,14,1,0,80.98418717
231.9337715,0.349169449,80.98418717,1,0,100,14,1,0,78.60805283
228.5054549,0.344009524,78.60805283,1,0,100,14,1,0,96.00787974
230.8618754,0.415867191,96.00787974,1,0,100,14,1,0,93.32872998
231.4763754,0.403189007,93.32872998,1,0,100,14,1,0,97.37111217
228.1753823,0.426738026,97.37111217,1,0,100,14,1,0,105.1331102
230.2168511,0.456669917,105.1331102,1,0,100,14,1,0,92.41569785
232.8493522,0.396890509,92.41569785,1,0,100,14,1,0,94.4759289
230.8183004,0.409308659,94.4759289,1,0,100,14,1,0,100.0795028
228.5271467,0.437932667,100.0795028,1,0,100,14,1,0,109.7730264
229.4324186,0.478454732,109.7730264,1,0,100,14,1,0,121.3499417
230.0754086,0.527435515,121.3499417,1,0,100,14,1,0,107.8051343
230.6161843,0.467465606,107.8051343,1,0,100,14,1,0,114.3369754
230.7534381,0.495494136,114.3369754,1,0,100,14,1,0,103.5442356
232.5544707,0.445247237,103.5442356,1,0,100,14,1,0,108.765841
230.3423342,0.472192145,108.765841,1,0,100,14,1,0,95.83971787
230.646949,0.415525626,95.83971787,1,0,100,14,1,0,113.9169084
229.057534,0.497328799,113.9169084,1,0,100,14,1,0,123.1711146
234.0636176,0.526229219,123.1711146,1,0,100,14,1,0,98.26664726
231.9523726,0.423650106,98.26664726,1,0,100,14,1,0,104.3978473
229.9869332,0.453929473,104.3978473,1,0,100,14,1,0,102.4243953
230.4774325,0.444400973,102.4243953,1,0,100,14,1,0,114.9445422
233.5865984,0.492085346,114.9445422,1,0,100,14,1,0,102.0163431
230.9275838,0.44176768,102.0163431,1,0,100,14,1,0,102.8669379
226.9638854,0.453230424,102.8669379,1,0,100,14,1,0,84.91935152
228.8408433,0.371084769,84.91935152,1,0,100,14,1,0,98.01709194
228.9454686,0.428124184,98.01709194,1,0,100,14,1,0,103.1132293
229.1783688,0.449925662,103.1132293,1,0,100,14,1,0,116.0250206
229.7327959,0.505043349,116.0250206,1,0,100,14,1,0,94.73046484
228.4001151,0.414756642,94.73046484,1,0,100,14,1,0,113.8213116
226.9876087,0.501442842,113.8213116,1,0,100,14,1,0,122.8834377
228.7718818,0.537143974,122.8834377,1,0,100,14,1,0,120.9803275
227.0201708,0.532905631,120.9803275,1,0,100,14,1,0,109.6195436
228.1293016,0.480514966,109.6195436,1,0,100,15,1,0,86.5707569
231.1091619,0.374588165,86.5707569,1,0,100,15,1,0,90.52360475
229.4507631,0.394523006,90.52360475,1,0,100,15,1,0,71.39427586
228.5836472,0.312333261,71.39427586,1,0,100,15,1,0,96.50552011
229.8775504,0.419812722,96.50552011,1,0,100,15,1,0,86.66149277
230.9391941,0.375256756,86.66149277,1,0,100,15,1,0,110.9417658
227.9869206,0.486614607,110.9417658,1,0,100,15,1,0,102.7561368
229.6824585,0.447383476,102.7561368,1,0,100,15,1,0,111.1686574
230.1290739,0.483070894,111.1686574,1,0,100,15,1,0,105.6107725
230.1594106,0.458859241,105.6107725,1,0,100,15,1,0,3448.469401
230.4529072,14.96387892,3448.469401,1,1,100,15,3,0,1348.026122
229.8913689,5.863752644,1348.026122,1,1,100,15,3,0,1371.125466
231.0721506,5.933754725,1371.125466,1,1,100,15,3,0,1373.393394
230.3091559,5.963260075,1373.393394,1,1,100,15,3,0,1387.989526
231.0133658,6.008265023,1387.989526,1,1,100,15,3,0,1360.340486
229.1734424,5.935855708,1360.340486,1,1,100,15,3,0,1365.705579
229.2429518,5.957459404,1365.705579,1,1,99.99850169,15,3,0,1382.424187
228.6876299,6.045032639,1382.424187,1,1,100,15,3,0,1343.682524
228.0312862,5.892535829,1343.682524,1,1,100,15,3,0,1379.11958
232.5942505,5.929293511,1379.11958,1,1,100,15,3,0,1366.351496
231.1448716,5.911234311,1366.351496,1,1,100,15,3,0,1387.511771
231.1133278,6.00359912,1387.511771,1,1,100,15,3,0,1350.876446
231.1301003,5.844658244,1350.876446,1,1,100,15,3,0,1386.064414
230.6703226,6.008854537,1386.064414,1,1,100,15,3,0,1371.45525
229.7383188,5.969640836,1371.45525,1,1,100,15,3,0,1356.804235
230.1946324,5.894161045,1356.804235,1,1,100,15,3,0,1390.289431
231.3893813,6.008440939,1390.289431,1,1,100,15,3,0,1376.818197
230.8299453,5.964642912,1376.818197,1,1,100,15,3,0,1351.682859
229.8890191,5.879719109,1351.682859,1,1,100,15,3,0,1341.758931
230.1214947,5.830654509,1341.758931,1,1,100,15,3,0,1367.905564
230.7706649,5.927553941,1367.905564,1,1,100,15,3,0,1363.00359
227.2164822,5.998700345,1363.00359,1,1,100,15,3,0,1375.470299
229.9182565,5.982431843,1375.470299,1,1,100,15,3,0,1369.800585
227.8043602,6.013056919,1369.800585,1,1,100,15,3,0,1346.636747
224.9632668,5.986029482,1346.636747,1,1,100,15,3,0,1390.118512
233.018707,5.965694903,1390.118512,1,1,100,15,3,0,1358.6443
229.359518,5.92364473,1358.6443,1,1,100,15,3,0,1352.105635
226.3977958,5.972256177,1352.105635,1,1,100,15,3,0,1386.911083
230.6685454,6.012571329,1386.911083,1,1,100,15,3,0,1401.309347
231.9083122,6.042514537,1401.309347,1,1,100,15,3,0,1373.777949
231.2965773,5.939465099,1373.777949,1,1,100,15,3,0,1353.292054
229.2958572,5.901947253,1353.292054,1,1,100,15,3,0,1364.626055
230.2914626,5.925647613,1364.626055,1,1,100,15,3,0,1346.268645
227.3236162,5.922255978,1346.268645,1,1,100,15,3,0,1323.775443
227.2377148,5.825509397,1323.775443,1,1,100,15,3,0,1379.235422
231.8770853,5.948131616,1379.235422,1,1,100,15,3,0,1338.639765
226.2436558,5.916805758,1338.639765,1,1,100,15,3,0,1365.297256
228.5654898,5.973330696,1365.297256,1,1,99.99706156,15,3,0,1362.921641
229.6360914,5.935136905,1362.921641,1,1,100,15,3,0,1371.449582
230.5449794,5.948728899,1371.449582,1,1,100,15,3,0,1357.624168
228.377066,5.944660695,1357.624168,1,1,100,15,3,0,1350.456943
228.331416,5.914459631,1350.456943,1,1,99.99967291,15,3,0,1337.792495
227.840357,5.871622185,1337.792495,1,1,100,15,3,0,1353.106856
226.9553644,5.961995477,1353.106856,1,1,100,15,3,0,1367.791807
230.1670973,5.942603537,1367.791807,1,1,99.99677904,15,3,0,1342.92906
225.1405881,5.964846548,1342.92906,1,1,100,15,3,0,1373.427971
232.3352351,5.911406295,1373.427971,1,1,100,15,3,0,1380.537942
229.7168699,6.009736865,1380.537942,1,1,100,15,3,0,1367.820333
228.2915391,5.991550709,1367.820333,1,1,100,15,3,0,1374.214217
230.4084675,5.964252234,1374.214217,1,1,100,15,3,0,1268.49183
229.5222495,5.526661718,1268.49183,0,1,100,16,2,0,1289.155896
230.388701,5.595569099,1289.155896,0,1,100,16,2,0,1296.641833
231.4653871,5.601882202,1296.641833,0,1,100,16,2,0,1272.526569
229.2585169,5.550618515,1272.526569,0,1,100,16,2,0,1284.648717
228.8421343,5.613689636,1284.648717,0,1,100,16,2,0,1262.225917
228.2510979,5.529988368,1262.225917,0,1,100,16,2,0,1285.116277
230.6776457,5.571048173,1285.116277,0,1,100,16,2,0,1252.780577
226.7934712,5.5238829,1252.780577,0,1,99.99892113,16,2,0,1266.295082
227.3578094,5.569613314,1266.295082,0,1,100,16,2,0,1265.725475
229.3819126,5.517982918,1265.725475,0,1,100,16,2,0,1261.80643
231.7319199,5.445112742,1261.80643,0,1,100,16,2,0,1259.132661
227.9324934,5.524147272,1259.132661,0,1,100,16,2,0,-1149.916096
229.9832193,-5,-1149.916096,0,1,100,16,2,1,1267.279468
230.3693457,5.50107682,1267.279468,0,1,100,16,2,0,1281.644526
230.447968,5.561535376,1281.644526,0,1,100,16,2,0,1258.833001
229.4701619,5.485824347,1258.833001,0,1,100,16,2,0,1295.133321
233.0794954,5.556616289,1295.133321,0,1,100,16,2,0,1287.17134
231.4951015,5.560253031,1287.17134,0,1,100,16,2,0,1256.862096
227.3595097,5.528082364,1256.862096,0,1,100,16,2,0,1263.628836
226.0016546,5.591237102,1263.628836,0,1,100,16,2,0,1277.969145
230.2214755,5.551042284,1277.969145,0,1,100,16,2,0,1264.74226
230.538131,5.486043697,1264.74226,0,1,100,16,2,0,1307.093337
233.4950106,5.597949754,1307.093337,0,1,100,16,2,0,1256.652943
229.3414139,5.479398253,1256.652943,0,1,100,16,2,0,1281.207538
227.6408675,5.628196519,1281.207538,0,1,99.99725138,16,2,0,1278.953986
229.7769215,5.566068068,1278.953986,0,1,99.99468695,16,2,0,1290.687075
231.5068158,5.575157993,1290.687075,0,1,99.99386908,16,2,0,1262.851478
228.822666,5.518909032,1262.851478,0,1,100,16,2,0,1245.810056
226.0146769,5.512075912,1245.810056,0,1,100,16,2,0,1274.413034
227.3794794,5.604784729,1274.413034,0,1,99.99984769,16,2,0,1260.448826
227.9691783,5.529031756,1260.448826,0,1,100,16,2,0,1250.38712
227.7381285,5.490460152,1250.38712,0,1,100,16,2,0,1261.770349
230.1028564,5.483505809,1261.770349,0,1,99.99934925,16,2,0,-1156.283619
231.2567238,-5,-1156.283619,0,1,99.9968434,16,2,1,1263.345023
229.3158004,5.509193089,1263.345023,0,1,100,16,2,0,1279.660668
229.1127413,5.5852881,1279.660668,0,1,99.99963991,16,2,0,1268.697019
228.8423037,5.543979407,1268.697019,0,1,100,16,2,0,1265.653241
232.7964969,5.436736628,1265.653241,0,1,100,16,2,0,3378.439343
171.0333396,19.75310399,3378.439343,0,1,100,16,2,1,1281.357679
229.5557384,5.581902192,1281.357679,0,1,100,16,2,0,1277.368701
228.4732097,5.590890516,1277.368701,0,1,100,16,2,0,1284.464386
229.3619177,5.600164137,1284.464386,0,1,99.99733619,16,2,0,1252.732828
227.8094032,5.499039154,1252.732828,0,1,100,16,2,0,1560.187801
231.1730595,6.74900356,1560.187801,1,1,100,16,3,0,1335.660163
226.4509805,5.898230868,1335.660163,1,1,100,16,3,0,1364.457663
229.2113709,5.952835836,1364.457663,1,1,100,16,3,0,1383.96801
231.7883616,5.970826148,1383.96801,1,1,100,16,3,0,1367.811956
229.738931,5.953766523,1367.811956,1,1,100,16,3,0,1401.985094
230.8486873,6.073177677,1401.985094,1,1,100,16,3,0,1377.049749
231.7693409,5.94146639,1377.049749,1,1,100,16,3,0,1362.815107
228.8143863,5.955985237,1362.815107,1,1,100,16,3,0,1360.596317
228.4296681,5.956303001,1360.596317,1,1,100,16,3,0,1362.334657
228.8951184,5.951785548,1362.334657,1,1,100,16,3,0,1393.975967
231.3913298,6.02432238,1393.975967,1,1,100,16,3,0,1353.753185
228.3249358,5.929064123,1353.753185,1,1,100,16,3,0,1348.83853
225.2082257,5.989295134,1348.83853,1,1,100,16,3,0,1350.079317
228.0647975,5.919718132,1350.079317,1,1,100,16,3,0,1365.119431
228.2544938,5.980690275,1365.119431,1,1,100,16,3,0,1361.804987
229.3032309,5.938882681,1361.804987,1,1,100,16,3,0,1386.194605
233.0518573,5.948009258,1386.194605,1,1,100,16,3,0,1396.233773
233.8734865,5.970038732,1396.233773,1,1,100,17,3,0,3430.156631
163.4764964,20.98256756,3430.156631,1,1,100,17,3,1,1380.647006
232.331817,5.942565351,1380.647006,1,1,100,17,3,0,1375.606374
230.214026,5.975336942,1375.606374,1,1,100,17,3,0,1322.987364
225.3972394,5.869581047,1322.987364,1,1,100,17,3,0,1343.479194
226.5396853,5.930436394,1343.479194,1,1,100,17,3,0,99.94659887
231.1824704,0.432327757,99.94659887,1,0,100,17,1,0,109.4437179
230.1692693,0.475492311,109.4437179,1,0,100,17,1,0,117.0067076
228.7661271,0.511468674,117.0067076,1,0,100,17,1,0,29.9827772
227.4671487,0.131811461,29.9827772,0,0,100,17,0,0,-1.888350932
230.5016887,-0.008192352,-1.888350932,0,0,100,17,0,0,10.85448311
228.1391867,0.047578337,10.85448311,0,0,100,17,0,0,-0.821371593
228.5513428,-0.003593817,-0.821371593,0,0,100,17,0,0,-0.287614738
231.9168659,-0.001240163,-0.287614738,0,0,100,17,0,0,-1163.172259
232.6344518,-5,-1163.172259,0,0,100,17,0,1,-1.637890854
228.4844692,-0.0071685,-1.637890854,0,0,100,17,0,0,23.85947
228.1899955,0.104559667,23.85947,0,0,100,17,0,0,9.631695466
230.4846373,0.041788883,9.631695466,0,0,100,17,0,0,14.28438236
232.6482299,0.061399059,14.28438236,0,0,100,17,0,0,1.314121865
227.7472071,0.00577009,1.314121865,0,0,100,17,0,0,-0.876160059
232.4138937,-0.003769827,-0.876160059,0,0,100,17,0,0,11.52707285
229.2971872,0.050271323,11.52707285,0,0,100,17,0,0,5.700962273
229.7464678,0.024814145,5.700962273,0,0,100,17,0,0,20.04180202
230.5409181,0.086933817,20.04180202,0,0,100,17,0,0,19.04671697
228.0427346,0.083522577,19.04671697,0,0,100,17,0,0,10.74508154
230.781659,0.046559513,10.74508154,0,0,100,17,0,0,15.55702892
230.7180811,0.067428737,15.55702892,0,0,100,17,0,0,3.167265222
228.8811923,0.013838032,3.167265222,0,0,100,17,0,0,13.70175528
232.1778616,0.059014047,13.70175528,0,0,100,17,0,0,8.776034189
226.9972343,0.038661415,8.776034189,0,0,100,17,0,0,25.07749036
230.7690038,0.108669232,25.07749036,0,0,100,17,0,0,24.1461948
226.4323842,0.10663755,24.1461948,0,0,100,17,0,0,16.13890501
230.1095296,0.070135752,16.13890501,0,0,100,17,0,0,29.42476065
229.8379399,0.128023949,29.42476065,0,0,100,17,0,0,15.50199223
231.4225585,0.066985657,15.50199223,0,0,100,17,0,0,22.58912088
229.2255702,0.09854538,22.58912088,0,0,100,17,0,0,9.001341636
229.6881102,0.03918941,9.001341636,0,0,100,17,0,0,16.12343158
236.1030124,0.068289817,16.12343158,0,0,100,17,0,0,10.35526868
228.972664,0.045224912,10.35526868,0,0,100,17,0,0,26.54827449
231.5305933,0.114664218,26.54827449,0,0,100,17,0,0,-4.639035328
227.2691204,-0.020412079,-4.639035328,0,0,100,17,0,0,22.51935357
232.5576421,0.096833427,22.51935357,0,0,100,17,0,0,1.667992674
229.8605543,0.007256542,1.667992674,0,0,100,17,0,0,21.65398823
228.4637752,0.094780839,21.65398823,0,0,100,17,0,0,-5.41601298
231.8341812,-0.023361581,-5.41601298,0,0,100,17,0,0,21.98009697
229.2853212,0.095863516,21.98009697,0,0,100,17,0,0,18.07932483
231.7406128,0.078015349,18.07932483,0,0,100,17,0,0,12.01729137
229.918633,0.052267584,12.01729137,0,0,100,17,0,0,-0.709786886
235.7110656,-0.003011258,-0.709786886,0,0,100,17,0,0,3.769469388
226.6532693,0.016630995,3.769469388,0,0,100,17,0,0,13.62265584
229.8161792,0.059276313,13.62265584,0,0,100,17,0,0,10.97987241
229.9334617,0.04775239,10.97987241,0,0,100,17,0,0,9.121605423
232.7483228,0.039190854,9.121605423,0,0,100,17,0,0,3.905450948
230.4751837,0.016945212,3.905450948,0,0,100,17,0,0,14.64260493
232.4529853,0.062991684,14.64260493,0,0,100,17,0,0,35.33165548
234.6649639,0.150562124,35.33165548,0,0,100,17,0,0,-1.519457068
230.6032926,-0.006589052,-1.519457068,0,0,100,17,0,0,26.0722209
229.6811797,0.113514834,26.0722209,0,0,100,17,0,0,21.85656743
228.4229673,0.095684631,21.85656743,0,0,100,17,0,0,15.93572822
232.8189555,0.068446868,15.93572822,0,0,100,17,0,0,10.74230154
228.3555593,0.047041997,10.74230154,0,0,99.99989258,18,0,0,16.93435873
227.6571342,0.074385364,16.93435873,0,0,99.99972323,18,0,0,40.78187162
230.5425469,0.176895207,40.78187162,0,0,99.99931541,18,0,0,5.733071075
228.8176623,0.025055195,5.733071075,0,0,99.99925808,18,0,0,2461.974199
156.4460721,15.73688726,2461.974199,1,0,99.99662552,18,1,1,103.0529613
229.7699899,0.448504878,103.0529613,1,0,99.99559499,18,1,0,109.5076566
229.3795201,0.477408169,109.5076566,1,0,99.99449991,18,1,0,107.627328
228.8365156,0.470324099,107.627328,1,0,99.99342364,18,1,0,106.1118289
229.5006432,0.462359615,106.1118289,1,0,99.99236252,18,1,0,78.5082736
227.6511922,0.344862124,78.5082736,1,0,99.99157744,18,1,0,107.6563902
231.706209,0.464624538,107.6563902,1,0,99.99050087,18,1,0,107.7866259
230.4344918,0.467753872,107.7866259,1,0,99.98942301,18,1,0,100.6806602
228.658418,0.440310316,100.6806602,1,0,99.9884162,18,1,0,89.2353389
229.4258408,0.388950689,89.2353389,1,0,99.98752385,18,1,0,96.37755348
232.1133521,0.415217619,96.37755348,1,0,99.98656007,18,1,0,106.1557978
227.9648096,0.465667477,106.1557978,1,0,99.98549851,18,1,0,98.92154901
230.1300307,0.429850675,98.92154901,1,0,99.9845093,18,1,0,106.9738331
228.7840718,0.467575528,106.9738331,1,0,99.98343956,18,1,0,96.49351901
229.7593971,0.419976376,96.49351901,1,0,99.98247463,18,1,0,103.3681709
227.15416,0.455057354,103.3681709,1,0,99.98144094,18,1,0,86.80183203
233.468444,0.371792567,86.80183203,1,0,99.98057293,18,1,0,108.0239537
228.8815647,0.471964415,108.0239537,1,0,99.97949269,18,1,0,111.005879
229.3410458,0.484020986,111.005879,1,0,99.97838263,18,1,0,100.5133802
236.001828,0.425900854,100.5133802,1,0,99.97737749,18,1,0,106.6601477
229.1573779,0.465444965,106.6601477,1,0,99.97631089,18,1,0,100.9520925
230.4681204,0.438030615,100.9520925,1,0,99.97530137,18,1,0,82.99590336
227.382907,0.365005024,82.99590336,1,0,99.97447141,18,1,0,107.9349404
231.0052028,0.467240301,107.9349404,1,0,99.97339206,18,1,0,106.065914
231.2379492,0.458687315,106.065914,1,0,99.9723314,18,1,0,118.6769511
233.0433336,0.509248427,118.6769511,1,0,99.97114463,18,1,0,86.88840543
229.3441503,0.378855991,86.88840543,1,0,99.97027575,18,1,0,99.78097115
232.7156269,0.428767816,99.78097115,1,0,99.96927794,18,1,0,91.40805251
232.0410273,0.393930563,91.40805251,1,0,99.96836386,18,1,0,100.3608197
227.7508188,0.440660632,100.3608197,1,0,99.96736025,18,1,0,102.2470954
232.6825201,0.439427488,102.2470954,1,0,99.96633778,18,1,0,99.02187907
229.48987,0.431486928,99.02187907,1,0,99.96534756,18,1,0,111.5338607
231.0691229,0.48268613,111.5338607,1,0,99.96423222,18,1,0,107.0967037
228.25954,0.469188292,107.0967037,1,0,99.96316126,18,1,0,96.51140971
229.7002461,0.420162413,96.51140971,1,0,99.96219614,18,1,0,101.9191236
227.0058146,0.448971423,101.9191236,1,0,99.96117695,18,1,0,105.82827
230.5681605,0.458989089,105.82827,1,0,99.96011867,18,1,0,104.4620779
226.9015127,0.46038511,104.4620779,1,0,99.95907405,18,1,0,108.0714596
226.1621084,0.477849541,108.0714596,1,0,99.95799333,18,1,0,93.41229306
225.8339433,0.413632653,93.41229306,1,0,99.95705921,18,1,0,110.9128772
229.7179385,0.482822012,110.9128772,1,0,99.95595008,18,1,0,80.38719535
228.3794576,0.351989606,80.38719535,1,0,99.95514621,18,1,0,89.16725262
231.4482721,0.385257802,89.16725262,1,0,99.95425454,18,1,0,113.8628904
229.9414851,0.495182026,113.8628904,1,0,99.95311591,18,1,0,99.83839844
231.3073747,0.431626525,99.83839844,1,0,99.95211752,18,1,0,94.37659745
231.8983547,0.406973985,94.37659745,1,0,99.95117376,18,1,0,99.48779916
232.4665408,0.427966101,99.48779916,1,0,99.95017888,18,1,0,83.95402574
229.4651464,0.365868312,83.95402574,1,0,99.94933934,18,1,0,96.44519008
228.3804006,0.422300643,96.44519008,1,0,99.94837489,18,1,0,84.26170923
227.4378588,0.370482336,84.26170923,1,0,99.94753227,18,1,0,95.56092699
230.9969733,0.413689087,95.56092699,1,0,99.94657666,18,1,0,101.5227952
228.4612444,0.444376443,101.5227952,1,0,99.94556143,18,1,0,90.90702702
232.1284363,0.391623829,90.90702702,1,0,99.94465236,18,1,0,130.2816908
231.0677358,0.563824674,130.2816908,1,0,99.94334955,18,1,0,118.7645553
228.8312583,0.519004948,118.7645553,1,0,99.9421619,18,1,0,111.3352623
233.0653264,0.477699811,111.3352623,1,0,99.94104855,18,1,0,101.679254
224.8329059,0.45224365,101.679254,1,0,99.94003175,19,1,0,101.8808813
235.5667568,0.432492609,101.8808813,1,0,99.93901295,19,1,0,96.98593217
229.9836329,0.421707975,96.98593217,1,0,99.93804309,19,1,0,95.13444305
231.4203034,0.411089441,95.13444305,1,0,99.93709174,19,1,0,129.0043042
229.3612114,0.562450396,129.0043042,1,0,99.9358017,19,1,0,90.19975688
230.9520497,0.390556209,90.19975688,1,0,99.9348997,19,1,0,101.9876182
229.9879408,0.443447678,101.9876182,1,0,99.93387983,19,1,0,112.2360176
231.4674457,0.484888997,112.2360176,1,0,99.93275747,19,1,0,119.6967995
231.5591966,0.51691663,119.6967995,1,0,99.9315605,19,1,0,114.9658132
232.7605493,0.493923105,114.9658132,1,0,99.93041084,19,1,0,91.48232385
233.7470206,0.391373219,91.48232385,1,0,99.92949602,19,1,0,99.66525061
228.1407524,0.436858604,99.66525061,1,0,99.92849936,19,1,0,97.36259293
229.4695189,0.42429423,97.36259293,1,0,99.92752574,19,1,0,103.2081722
226.4482116,0.455769429,103.2081722,1,0,99.92649366,19,1,0,108.364903
232.8412143,0.465402585,108.364903,1,0,99.92541001,19,1,0,113.9894262
230.2375699,0.495094811,113.9894262,1,0,99.92427011,19,1,0,84.44076545
229.7982534,0.36745608,84.44076545,1,0,99.9234257,19,1,0,116.7830048
229.9689005,0.50782086,116.7830048,1,0,99.92225787,19,1,0,94.81680948
229.1708257,0.413738569,94.81680948,1,0,99.92130971,19,1,0,105.0915721
230.8747885,0.455188602,105.0915721,1,0,99.92025879,19,1,0,124.1215567
230.1050768,0.539412509,124.1215567,1,0,99.91901758,19,1,0,111.7646465
228.4698194,0.489187792,111.7646465,1,0,99.91789993,19,1,0,119.8925563
226.2053418,0.530016468,119.8925563,1,0,99.916701,19,1,0,122.0847136
232.5174525,0.525056129,122.0847136,1,0,99.91548016,19,1,0,110.1406678
228.1188571,0.482821408,110.1406678,1,0,99.91437875,19,1,0,99.51165245
232.3978392,0.428195257,99.51165245,1,0,99.91338363,19,1,0,112.6545485
232.4127276,0.484717638,112.6545485,1,0,99.91225709,19,1,0,107.2908436
229.1644055,0.468182846,107.2908436,1,0,99.91118418,19,1,0,104.4726854
229.435311,0.455347021,104.4726854,1,0,99.91013945,19,1,0,-1166.771179
233.3542359,-5,-1166.771179,1,0,99.90905836,19,1,1,119.2335296
227.1862817,0.524827154,119.2335296,1,0,99.90786602,19,1,0,-1137.508965
227.501793,-5,-1137.508965,1,0,99.90699777,19,1,1,101.8665806
234.6328361,0.434153132,101.8665806,1,0,99.90597911,19,1,0,128.8162424
228.7544039,0.563120273,128.8162424,1,0,99.90469094,19,1,0,112.9552453
227.1380598,0.497297747,112.9552453,1,0,99.90356139,19,1,0,91.55133914
227.5794792,0.402282927,91.55133914,1,0,99.90264588,19,1,0,89.231874
230.523875,0.387083004,89.231874,1,0,99.90175356,19,1,0,94.65261719
229.6065693,0.41223828,94.65261719,1,0,99.90080703,19,1,0,113.7804955
230.7893104,0.493005916,113.7804955,1,0,99.89966923,19,1,0,107.1021221
230.8740569,0.463898472,107.1021221,1,0,99.89859821,19,1,0,101.3261886
230.2051116,0.440156119,101.3261886,1,0,99.89758495,19,1,0,104.6534404
227.1877169,0.460647441,104.6534404,1,0,99.89653841,19,1,0,108.750706
227.8703572,0.477248148,108.750706,1,0,99.8954509,19,1,0,105.4059547
225.738115,0.466939111,105.4059547,1,0,99.89439684,19,1,0,-1139.432108
227.8864216,-5,-1139.432108,1,0,99.89355744,19,1,1,106.3248749
231.2342934,0.459814474,106.3248749,1,0,99.89249419,19,1,0,98.31934842
227.4105755,0.432342903,98.31934842,1,0,99.891511,19,1,0,124.1073515
232.5379659,0.533707909,124.1073515,1,0,99.89026993,19,1,0,91.52690118
230.66954,0.396787982,91.52690118,1,0,99.88935466,19,1,0,93.60808168
231.1751811,0.404922714,93.60808168,1,0,99.88841858,19,1,0,100.754154
230.4325355,0.437239272,100.754154,1,0,99.88741104,19,1,0,112.8726345
231.3123956,0.487966216,112.8726345,1,0,99.88628231,19,1,0,123.0219593
230.3603503,0.53404138,123.0219593,1,0,99.88505209,19,1,0,88.79545992
231.9433134,0.382832592,88.79545992,1,0,99.88416414,19,1,0,101.2687047
228.679407,0.442841382,101.2687047,1,0,99.88315145,19,1,0,100.508783
230.5807009,0.435894169,100.508783,1,0,99.88214636,19,1,0,98.18347818
231.0947826,0.424862375,98.18347818,1,0,99.88116453,19,1,0,109.201344
227.949179,0.479060046,109.201344,1,0,99.88007251,19,1,0,103.7547496
229.0663712,0.452946232,103.7547496,1,0,99.87903497,19,1,0,109.6945947
227.8472333,0.481439222,109.6945947,1,0,99.87793802,19,1,0,115.1645577
231.9117832,0.49658778,115.1645577,1,0,99.87678637,20,1,0,109.6707361
229.5655306,0.477731721,109.6707361,1,0,99.87568967,20,1,0,114.4019861
226.8121949,0.504390807,114.4019861,1,0,99.87454565,20,1,0,113.1725862
225.8229073,0.50115636,113.1725862,1,0,99.87341392,20,1,0,122.1830095
229.2963738,0.532860627,122.1830095,1,0,99.87219209,20,1,0,97.66285428
227.7543424,0.428807869,97.66285428,1,0,99.87121546,20,1,0,102.6326734
228.0996941,0.449946563,102.6326734,1,0,99.87018914,20,1,0,94.39912842
228.3968331,0.413311897,94.39912842,1,0,99.86924514,20,1,0,116.7867244
230.4199466,0.506842945,116.7867244,1,0,99.86807728,20,1,0,99.20820684
228.8575473,0.433493271,99.20820684,1,0,99.86708519,20,1,0,109.1142649
230.4530398,0.473477221,109.1142649,1,0,99.86599405,20,1,0,116.9045438
228.3161052,0.512029336,116.9045438,1,0,99.86482501,20,1,0,122.4854873
236.3526038,0.51823202,122.4854873,1,0,99.86360015,20,1,0,64.65915905
226.9363408,0.284922013,64.65915905,1,0,99.86295356,20,1,0,112.2984395
228.1820581,0.492144038,112.2984395,1,0,99.86183058,20,1,0,116.3003117
232.1212978,0.501032489,116.3003117,1,0,99.86066757,20,1,0,95.08610259
228.2303821,0.416623333,95.08610259,1,0,99.85971671,20,1,0,101.0368908
227.4655204,0.444185521,101.0368908,1,0,99.85870634,20,1,0,96.36244162
228.6387761,0.4214615,96.36244162,1,0,99.85774272,20,1,0,112.9595965
230.2435716,0.490609122,112.9595965,1,0,99.85661312,20,1,0,106.7072265
227.1034503,0.469861758,106.7072265,1,0,99.85554605,20,1,0,107.7863247
230.6470047,0.467321589,107.7863247,1,0,99.85446819,20,1,0,103.4263408
226.7591171,0.456106648,103.4263408,1,0,99.85343392,20,1,0,98.77360745
225.4641189,0.43809014,98.77360745,1,0,99.85244619,20,1,0,108.6989308
233.1972124,0.466124486,108.6989308,1,0,99.8513592,20,1,0,102.2568075
230.0007916,0.444593285,102.2568075,1,0,99.85033663,20,1,0,74.39034239
228.3759909,0.325736265,74.39034239,1,0,99.84959273,20,1,0,104.9499484
226.5790995,0.463193422,104.9499484,1,0,99.84854323,20,1,0,67.9977872
230.4305324,0.29509018,67.9977872,1,0,99.84786325,20,1,0,88.60010161
228.8048889,0.387229932,88.60010161,1,0,99.84697725,20,1,0,101.7518308
230.6196225,0.441210638,101.7518308,1,0,99.84595973,20,1,0,99.78070209
229.0689766,0.435592386,99.78070209,1,0,99.84496192,20,1,0,122.3177561
227.8477481,0.536839873,122.3177561,1,0,99.84373875,20,1,0,114.0906
224.37375,0.508484616,114.0906,1,0,99.84259784,20,1,0,-1159.500328
231.9000655,-5,-1159.500328,1,0,99.84154997,20,1,1,106.2829035
230.8829849,0.460332335,106.2829035,1,0,99.84048714,20,1,0,119.7132196
231.9823303,0.51604456,119.7132196,1,0,99.83929001,20,1,0,94.5362734
229.02938,0.412769198,94.5362734,1,0,99.83834465,20,1,0,97.55026093
229.270226,0.425481593,97.55026093,1,0,99.83736914,20,1,0,102.6365317
227.5439642,0.451062422,102.6365317,1,0,99.83634278,20,1,0,100.9028104
231.6770435,0.435532191,100.9028104,1,0,99.83533375,20,1,0,118.3285036
227.8791905,0.519259803,118.3285036,1,0,99.83415047,20,1,0,117.0841525
230.7923829,0.507313764,117.0841525,1,0,99.83297962,20,1,0,97.52081404
229.0745952,0.425716409,97.52081404,1,0,99.83200442,20,1,0,107.4658278
227.316183,0.472759248,107.4658278,1,0,99.83092976,20,1,0,-1132.932457
226.5864915,-5,-1132.932457,1,0,99.8298233,20,1,1,109.1707315
229.882722,0.474897506,109.1707315,1,0,99.82873159,20,1,0,117.590337
232.6508179,0.505437024,117.590337,1,0,99.82755568,20,1,0,84.42196314
227.739112,0.370695935,84.42196314,1,0,99.82671147,20,1,0,-1163.078237
232.6156474,-5,-1163.078237,1,0,99.82569311,20,1,1,115.7759712
231.6110962,0.499872299,115.7759712,1,0,99.82453535,20,1,0,103.0778724
233.7090019,0.441052213,103.0778724,1,0,99.82350457,20,1,0,101.0735175
230.744555,0.43803208,101.0735175,1,0,99.82249384,20,1,0,106.8550562
231.21842,0.462139029,106.8550562,1,0,99.82142529,20,1,0,102.4939721
231.2524695,0.443212444,102.4939721,1,0,99.82040035,20,1,0,104.2236662
232.5026853,0.448268656,104.2236662,1,0,99.81935811,20,1,0,111.9428948
230.5102651,0.485630845,111.9428948,1,0,99.81823868,20,1,0,105.6227628
227.9103749,0.463439907,105.6227628,1,0,99.81718245,20,1,0,81.39942866
228.5626945,0.356136109,81.39942866,1,0,99.81636846,20,1,0,107.1594968
228.4060403,0.469162272,107.1594968,1,0,99.81529686,20,1,0,106.7505681
231.0439677,0.462035729,106.7505681,1,0,99.81422936,21,1,0,93.03450587
229.717415,0.404995441,93.03450587,1,0,99.81329901,21,1,0,127.6943344
227.4487187,0.561420329,127.6943344,1,0,99.81202207,21,1,0,3401.260559
229.3184978,14.8320375,3401.260559,1,1,99.77800946,21,3,0,1357.358798
228.9853477,5.927710273,1357.358798,1,1,99.76443588,21,3,0,1384.557048
231.1833174,5.989000693,1384.557048,1,1,99.75059031,21,3,0,-1144.231037
228.8462074,-5,-1144.231037,1,1,99.73684124,21,3,1,1374.24061
230.1408444,5.971302545,1374.24061,1,1,99.72309883,21,3,0,1354.035444
229.1152789,5.909843508,1354.035444,1,1,99.70955848,21,3,0,1346.90108
227.8861391,5.910412479,1346.90108,1,1,99.69608947,21,3,0,1352.561029
229.4324944,5.89524615,1352.561029,1,1,99.68256386,21,3,0,1364.892088
228.8893021,5.963110006,1364.892088,1,1,99.66891494,21,3,0,1356.228341
229.7007813,5.904326199,1356.228341,1,1,99.65535265,21,3,0,1369.193326
228.6303579,5.988676828,1369.193326,1,1,99.64166072,21,3,0,1371.845488
229.502174,5.977483628,1371.845488,1,1,99.62794226,21,3,0,1308.605162
233.8521121,5.595866336,1308.605162,0,1,99.61485621,21,2,0,1286.444988
228.1228958,5.639262923,1286.444988,0,1,99.60199176,21,2,0,1267.847934
228.2504951,5.554633883,1267.847934,0,1,99.58931328,21,2,0,1265.740505
225.3257933,5.617379558,1265.740505,0,1,99.57665588,21,2,0,1280.631949
230.1714739,5.563816957,1280.631949,0,1,99.56384956,21,2,0,1264.447267
226.3708512,5.585733588,1264.447267,0,1,99.55120509,21,2,0,1261.630736
227.000532,5.557831628,1261.630736,0,1,99.53858878,21,2,0,1270.587555
226.6944794,5.604845598,1270.587555,0,1,99.5258829,21,2,0,1295.688389
232.0523223,5.583604492,1295.688389,0,1,99.51292602,21,2,0,1527.635628
231.7382095,6.592074871,1527.635628,1,1,99.49764966,21,3,0,1388.989377
229.5027939,6.052167616,1388.989377,1,1,99.48375977,21,3,0,1359.185012
229.0467289,5.934094838,1359.185012,1,1,99.47016792,21,3,0,1364.523962
229.0863631,5.956373587,1364.523962,1,1,99.45652268,21,3,0,1365.196769
229.7708015,5.94155898,1365.196769,1,1,99.44287071,21,3,0,1371.472638
230.4518876,5.951231957,1371.472638,1,1,99.42915599,21,3,0,1365.878498
230.3371902,5.929908657,1365.878498,1,1,99.4154972,21,3,0,1385.150464
233.1462899,5.941121625,1385.150464,1,1,99.4016457,21,3,0,1343.92585
226.7217851,5.927643208,1343.92585,1,1,99.38820644,21,3,0,1369.026153
227.7122068,6.012089437,1369.026153,1,1,99.37451618,21,3,0,1363.33683
231.084693,5.899727985,1363.33683,1,1,99.36088281,21,3,0,1359.003252
229.147208,5.930699588,1359.003252,1,1,99.34729277,21,3,0,1360.756681
229.1443251,5.938426277,1360.756681,1,1,99.33368521,21,3,0,1370.451629
227.9648657,6.011679147,1370.451629,1,1,99.31998069,21,3,0,1386.104108
233.0007556,5.94892538,1386.104108,1,1,99.30611965,21,3,0,1360.927496
228.1880665,5.964060772,1360.927496,1,1,99.29251038,21,3,0,1363.295187
230.4715356,5.915243211,1363.295187,1,1,99.27887742,21,3,0,1372.458546
232.0815051,5.913692027,1372.458546,1,1,99.26515284,21,3,0,1406.696382
234.6785888,5.994140281,1406.696382,1,1,99.25108587,21,3,0,1393.808755
232.5652251,5.993195048,1393.808755,1,1,99.23714779,21,3,0,1392.958127
231.0724328,6.028231537,1392.958127,1,1,99.22321821,21,3,0,1386.68818
230.7084914,6.010564119,1386.68818,1,1,99.20935132,21,3,0,1370.838539
230.4373459,5.948855788,1370.838539,1,1,99.19564294,21,3,0,1362.485428
230.7531605,5.904514699,1362.485428,1,1,99.18201808,21,3,0,1321.383122
223.5296969,5.911443268,1321.383122,1,1,99.16880425,21,3,0,1361.301674
229.6077111,5.928815141,1361.301674,1,1,99.15519124,21,3,0,1367.62802
229.9414583,5.94772265,1367.62802,1,1,99.14151496,21,3,0,1348.764312
229.3706906,5.880281865,1348.764312,1,1,99.12802731,21,3,0,1373.485696
232.8049406,5.899727436,1373.485696,1,1,99.11429246,21,3,0,1349.127501
226.2505192,5.962980796,1349.127501,1,1,99.10080118,21,3,0,1372.096537
231.2578624,5.933188704,1372.096537,1,1,99.08708022,21,3,0,1356.192585
229.0346445,5.921342548,1356.192585,1,1,99.07351829,21,3,0,1373.583281
231.1566511,5.942218295,1373.583281,1,1,99.05978246,21,3,0,1376.038026
230.1794102,5.978110836,1376.038026,1,1,99.04602208,21,3,0,1348.506197
224.887017,5.996371934,1348.506197,1,1,99.03253701,21,3,0,1383.745795
229.7981762,6.021569961,1383.745795,1,1,99.01869956,21,3,0,1342.694604
227.3271796,5.906441133,1342.694604,1,1,99.00527261,22,3,0,1364.802685
228.4743414,5.97354905,1364.802685,1,1,98.99162458,22,3,0,1399.390684
230.9283935,6.059846789,1399.390684,1,1,98.97763068,22,3,0,1365.913408
229.8913204,5.941561454,1365.913408,1,1,98.96397154,22,3,0,1361.975838
230.0261274,5.920961471,1361.975838,1,1,98.95035178,22,3,0,1376.232639
230.5891273,5.968332743,1376.232639,1,1,98.93658946,22,3,0,1391.575687
231.2101688,6.018661263,1391.575687,1,1,98.9226737,22,3,0,1355.247448
230.5529055,5.878249266,1355.247448,1,1,98.90912123,22,3,0,1318.415138
223.9390701,5.887383284,1318.415138,1,1,98.89593708,22,3,0,1354.851899
229.1789311,5.91176463,1354.851899,1,1,98.88238856,22,3,0,1364.614127
232.1238371,5.878819441,1364.614127,1,1,98.86874241,22,3,0,1377.297429
231.1476942,5.958516843,1377.297429,1,1,98.85496944,22,3,0,1356.713856
227.5241771,5.962943689,1356.713856,1,1,98.8414023,22,3,0,1408.216817
231.5964638,6.08047633,1408.216817,1,1,98.82732013,22,3,0,1340.701878
230.4431004,5.817930221,1340.701878,1,1,98.81391312,22,3,0,1321.558676
227.7033601,5.803861109,1321.558676,1,1,98.80069753,22,3,0,1358.830601
230.3813414,5.898179919,1358.830601,1,1,98.78710922,22,3,0,1332.120002
225.3693539,5.910830283,1332.120002,1,1,98.77378802,22,3,0,1360.569922
230.7570954,5.896113052,1360.569922,1,1,98.76018232,22,3,0,1353.038387
228.9376563,5.910073552,1353.038387,1,1,98.74665194,22,3,0,1367.358907
230.2070354,5.939692087,1367.358907,1,1,98.73297835,22,3,0,1362.143298
230.3029864,5.914570713,1362.143298,1,1,98.71935692,22,3,0,1381.683139
230.7464051,5.987885873,1381.683139,1,1,98.70554009,22,3,0,1370.089505
228.3117589,6.000959003,1370.089505,1,1,98.69183919,22,3,0,1362.198891
230.2147169,5.917079974,1362.198891,1,1,98.6782172,22,3,0,1365.463108
229.1821055,5.957983083,1365.463108,1,1,98.66456257,22,3,0,1392.758781
233.5523131,5.963369675,1392.758781,1,1,98.65063498,22,3,0,1349.822521
226.6399022,5.955802609,1349.822521,1,1,98.63713676,22,3,0,1394.004903
231.2714951,6.027569039,1394.004903,1,1,98.62319671,22,3,0,1381.573156
231.227643,5.974948053,1381.573156,1,1,98.60938098,22,3,0,1359.98278
226.5037993,6.004238268,1359.98278,1,1,98.59578115,22,3,0,1353.814779
226.8659862,5.967464767,1353.814779,1,1,98.582243,22,3,0,1383.561597
228.9659872,6.042651198,1383.561597,1,1,98.56840739,22,3,0,1367.078521
228.1962949,5.99080069,1367.078521,1,1,98.5547366,22,3,0,1352.119003
227.6430214,5.939646181,1352.119003,1,1,98.54121541,22,3,0,1352.401117
228.8770593,5.908853954,1352.401117,1,1,98.5276914,22,3,0,1389.168442
232.1608044,5.983647609,1389.168442,1,1,98.51379971,22,3,0,1341.200906
225.9714175,5.935267926,1341.200906,1,1,98.50038771,22,3,0,1361.369436
226.4581076,6.011572958,1361.369436,1,1,98.48677401,22,3,0,1370.856845
227.1580844,6.034814251,1370.856845,1,1,98.47306544,22,3,0,1341.638441
226.1319149,5.932990226,1341.638441,1,1,98.45964906,22,3,0,1392.469577
233.4850099,5.963850004,1392.469577,1,1,98.44572436,22,3,0,1334.395258
226.5789358,5.889317349,1334.395258,1,1,98.43238041,22,3,0,1360.174349
228.9199516,5.941702938,1360.174349,1,1,98.41877867,22,3,0,1385.00114
228.9653732,6.048954569,1385.00114,1,1,98.40492866,22,3,0,1366.938323
232.466845,5.880143138,1366.938323,1,1,98.39125927,22,3,0,1365.2846
229.3723224,5.952263925,1365.2846,1,1,98.37760643,22,3,0,1371.354841
229.9648317,5.963324177,1371.354841,1,1,98.36389288,22,3,0,1359.098971
228.8361323,5.939179959,1359.098971,1,1,98.35030189,22,3,0,1358.453925
228.0943826,5.95566585,1358.453925,1,1,98.33671735,22,3,0,1370.915649
231.5012436,5.921850041,1370.915649,1,1,98.32300819,22,3,0,1377.610923
228.8618003,6.019400882,1377.610923,1,1,98.30923208,22,3,0,1340.476345
227.2123581,5.899663013,1340.476345,1,1,98.29582732,22,3,0,1334.943198
226.2811549,5.899489062,1334.943198,1,1,98.28247789,22,3,0,1351.824093
226.9541419,5.956375511,1351.824093,1,1,98.26895965,22,3,0,1373.260545
227.6161533,6.03322974,1373.260545,1,1,98.25522704,22,3,0,1374.013845
229.7519013,5.980424265,1374.013845,1,1,98.2414869,22,3,0,1361.397496
227.0399801,5.996289707,1361.397496,1,1,98.22787293,22,3,0,1356.499202
229.1906309,5.918650323,1356.499202,1,1,98.21430794,22,3,0,1358.627445
228.8914475,5.935684621,1358.627445,1,1,98.20072166,22,3,0,1375.292244
231.4926488,5.940975885,1375.292244,1,1,98.18696874,23,3,0,1359.33345
227.792873,5.967409918,1359.33345,1,1,98.1733754,23,3,0,1343.138962
227.5985364,5.901351491,1343.138962,1,1,98.15994401,23,3,0,1393.457602
233.0252487,5.979856733,1393.457602,1,1,98.14600944,23,3,0,1366.71504
230.5354457,5.928437753,1366.71504,1,1,98.13234229,23,3,0,1362.871822
228.5312781,5.96361178,1362.871822,1,1,98.11871357,23,3,0,1368.245597
229.6994318,5.956678197,1368.245597,1,1,98.10503111,23,3,0,1366.274971
226.2326988,6.039246219,1366.274971,1,1,98.09136836,23,3,0,1351.299426
226.6646543,5.961668043,1351.299426,1,1,98.07785537,23,3,0,1364.612094
227.9453359,5.986576076,1364.612094,1,1,98.06420925,23,3,0,1365.64439
231.451023,5.900360139,1365.64439,1,1,98.05055281,23,3,0,1360.135336
230.4458843,5.902189749,1360.135336,1,1,98.03695145,23,3,0,1369.407077
229.4405714,5.96846089,1369.407077,1,1,98.02325738,23,3,0,1306.906615
230.7535767,5.663646188,1306.906615,0,1,98.01018831,23,2,0,1298.187561
230.4137677,5.634157947,1298.187561,0,1,97.99720644,23,2,0,1289.498446
230.6685543,5.590265433,1289.498446,0,1,97.98431145,23,2,0,1532.322857
229.1622875,6.686627516,1532.322857,1,1,97.96898823,23,3,0,1354.915681
226.6029824,5.979249111,1354.915681,1,1,97.95543907,23,3,0,1387.1662
229.7662143,6.037294059,1387.1662,1,1,97.94156741,23,3,0,1327.020774
227.674249,5.828594053,1327.020774,1,1,97.9282972,23,3,0,1407.242972
234.0307891,6.013067672,1407.242972,1,1,97.91422477,23,3,0,1353.201444
228.7572736,5.915446636,1353.201444,1,1,97.90069276,23,3,0,1351.054734
227.1511271,5.947823157,1351.054734,1,1,97.88718221,23,3,0,1356.751765
230.4444438,5.887543838,1356.751765,1,1,97.87361469,23,3,0,1366.630784
229.5621483,5.953206112,1366.630784,1,1,97.85994838,23,3,0,1366.43054
227.3115359,6.011267904,1366.43054,1,1,97.84628408,23,3,0,3497.280902
164.9723682,21.19919196,3497.280902,1,1,97.83300164,23,3,1,1367.451027
230.537957,5.931565651,1367.451027,1,1,97.81932713,23,3,0,1372.320742
229.2113035,5.987142523,1372.320742,1,1,97.80560392,23,3,0,1369.9848
229.1922537,5.977448093,1369.9848,1,1,97.79190407,23,3,0,1382.760355
231.24577,5.979613617,1382.760355,1,1,97.77807647,23,3,0,1334.786437
227.1844742,5.875341798,1334.786437,1,1,97.7647286,23,3,0,1347.854835
228.5280156,5.897985116,1347.854835,1,1,97.75125006,23,3,0,1358.144553
230.1733555,5.900528975,1358.144553,1,1,97.73766861,23,3,0,1371.704763
230.2365624,5.957805956,1371.704763,1,1,97.72395156,23,3,0,1388.558516
229.2445557,6.057105747,1388.558516,1,1,97.71006598,23,3,0,1376.867777
230.6458744,5.969618056,1376.867777,1,1,97.6962973,23,3,0,1366.721911
228.8645768,5.971749454,1366.721911,1,1,97.68263008,23,3,0,1360.037343
229.4526154,5.927312444,1360.037343,1,1,97.66902971,23,3,0,1348.816096
226.3332122,5.959426294,1348.816096,1,1,97.65554155,23,3,0,1325.031974
228.5804038,5.796787268,1325.031974,1,1,97.64229123,23,3,0,1395.940353
233.2219398,5.985458974,1395.940353,1,1,97.62833182,23,3,0,1363.866601
229.9010661,5.932406596,1363.866601,1,1,97.61469316,23,3,0,1343.489586
228.5363767,5.878668444,1343.489586,1,1,97.60125826,23,3,0,1384.166318
229.6136458,6.028240671,1384.166318,1,1,97.5874166,23,3,0,1351.821491
229.003133,5.903069851,1351.821491,1,1,97.57389838,23,3,0,1354.436682
227.3981167,5.956235267,1354.436682,1,1,97.56035402,23,3,0,1370.689183
230.0288806,5.958769957,1370.689183,1,1,97.54664712,23,3,0,1366.890569
229.4690573,5.956753321,1366.890569,1,1,97.53297822,23,3,0,1352.80281
226.4219912,5.974697083,1352.80281,1,1,97.51945019,23,3,0,1348.048961
230.466691,5.84921385,1348.048961,1,1,97.5059697,23,3,0,1368.512753
229.6327993,5.95957005,1368.512753,1,1,97.49228457,23,3,0,1336.695113
226.8108763,5.893434806,1336.695113,1,1,97.47891762,23,3,0,1356.093738
228.2707924,5.940723839,1356.093738,1,1,97.46535668,23,3,0,1351.823925
230.4412045,5.866242228,1351.823925,1,1,97.45183845,23,3,0,1354.637471
228.5261356,5.927713554,1354.637471,1,1,97.43829207,23,3,0,1388.424402
232.8058988,5.963871228,1388.424402,1,1,97.42440783,23,3,0,1360.063125
227.4801749,5.978820466,1360.063125,1,1,97.4108072,23,3,0,1378.217312
230.3931801,5.982023043,1378.217312,1,1,97.39702502,23,3,0,1382.065835
232.2088386,5.951822693,1382.065835,1,1,97.38320436,23,3,0,1366.834072
232.3919595,5.881589343,1366.834072,1,1,97.36953602,0,3,0,1385.770088
233.9974537,5.922158835,1385.770088,1,1,97.35567832,0,3,0,1372.758655
231.2508255,5.936232455,1372.758655,1,1,97.34195074,0,3,0,1368.406826
227.8102581,6.006783175,1368.406826,1,1,97.32826667,0,3,0,1346.657567
229.8691176,5.858366626,1346.657567,1,1,97.31480009,0,3,0,1357.544536
227.9342578,5.95586003,1357.544536,1,1,97.30122465,0,3,0,-1133.107484
226.6214968,-5,-1133.107484,1,1,97.2878528,0,3,1,1361.032444
226.7795606,6.001565753,1361.032444,1,1,97.27424247,0,3,0,1371.293604
230.057051,5.960667575,1371.293604,1,1,97.26052954,0,3,0,1366.988333
229.5703164,5.954551763,1366.988333,1,1,97.24685965,0,3,0,1384.380413
231.051483,5.991653442,1384.380413,1,1,97.23301585,0,3,0,1355.652164
229.0771803,5.917883928,1355.652164,1,1,97.21945933,0,3,0,1367.383613
229.3185769,5.962812221,1367.383613,1,1,97.20578549,0,3,0,1368.593719
228.462395,5.9904551,1368.593719,1,1,97.19209956,0,3,0,1340.77523
227.1036931,5.903801965,1340.77523,1,1,97.1786918,0,3,0,1355.964422
228.6009897,5.931577217,1355.964422,1,1,97.16513216,0,3,0,1372.15559
228.7639094,5.998129658,1372.15559,1,1,97.1514106,0,3,0,1366.521015
228.1744039,5.988932115,1366.521015,1,1,97.13774539,0,3,0,1387.884087
232.3500789,5.973245603,1387.884087,1,1,97.12386655,0,3,0,1368.666287
231.2096328,5.919590243,1368.666287,1,1,97.11017989,0,3,0,1351.022245
228.4221667,5.914584669,1351.022245,1,1,97.09666967,0,3,0,1378.892715
231.4152818,5.958520563,1378.892715,1,1,97.08288074,0,3,0,1363.34595
229.3544367,5.944275462,1363.34595,1,1,97.06924728,0,3,0,1359.733239
230.8514389,5.890079115,1359.733239,1,1,97.05564995,0,3,0,1369.17352
229.4030227,5.9684197,1369.17352,1,1,97.04195821,0,3,0,1339.162653
228.1351856,5.87003995,1339.162653,1,1,97.02856659,0,3,0,1348.627508
226.9810251,5.941587,1348.627508,1,1,97.01508031,0,3,0,1352.680659
229.737732,5.887934241,1352.680659,1,1,97.0015535,0,3,0,1372.168934
228.9540861,5.9932057,1372.168934,1,1,96.98783181,0,3,0,1345.640367
228.6393916,5.88542664,1345.640367,1,1,96.97437541,0,3,0,1356.20733
228.5983911,5.932707241,1356.20733,1,1,96.96081334,0,3,0,1346.506496
227.1802066,5.927041429,1346.506496,1,1,96.94734827,0,3,0,1355.274347
227.7374804,5.951037768,1355.274347,1,1,96.93379553,0,3,0,1360.951714
228.1928697,5.964041364,1360.951714,1,1,96.92018601,0,3,0,1374.553089
230.8939604,5.953179054,1374.553089,1,1,96.90644048,0,3,0,1381.92584
229.8729843,6.011693125,1381.92584,1,1,96.89262122,0,3,0,1404.092863
233.7537129,6.006718977,1404.092863,1,1,96.87858029,0,3,0,1368.978348
233.3134563,5.867549903,1368.978348,1,1,96.86489051,0,3,0,1356.477812
228.0665413,5.947728255,1356.477812,1,1,96.85132573,0,3,0,1401.720533
231.2538874,6.061392303,1401.720533,1,1,96.83730853,0,3,0,1368.019387
229.9191906,5.950000883,1368.019387,1,1,96.82362833,0,3,0,1359.910274
231.2572613,5.880508429,1359.910274,1,1,96.81002923,0,3,0,1359.505983
229.7209987,5.918074494,1359.505983,1,1,96.79643417,0,3,0,1389.867826
230.333862,6.034144584,1389.867826,1,1,96.78253549,0,3,0,1372.770454
230.1166429,5.965541806,1372.770454,1,1,96.76880779,0,3,0,1351.409838
228.2535727,5.920651412,1351.409838,1,1,96.75529369,0,3,0,1372.295767
231.768866,5.920966829,1372.295767,1,1,96.74157073,0,3,0,1347.109835
231.5987805,5.816567047,1347.109835,1,1,96.72809963,0,3,0,1377.144565
229.1565161,6.009624287,1377.144565,1,1,96.71432819,0,3,0,1371.748798
230.961079,5.939307194,1371.748798,1,1,96.7006107,0,3,0,1400.857569
233.1752583,6.007745329,1400.857569,1,1,96.68660212,0,3,0,1371.286198
230.8423689,5.940357504,1371.286198,1,1,96.67288926,0,3,0,1357.653223
230.1823575,5.898163687,1357.653223,1,1,96.65931273,0,3,0,1360.567264
229.849535,5.919382278,1360.567264,1,1,96.64570706,0,3,0,1381.523888
231.8921268,5.957614462,1381.523888,1,1,96.63189182,0,3,0,1336.527094
226.5392099,5.899760554,1336.527094,1,1,96.61852655,0,3,0,1357.336954
229.3987693,5.916932153,1357.336954,1,1,96.60495318,0,3,0,1370.669745
233.5391592,5.869121688,1370.669745,1,1,96.59124648,0,3,0,1335.960214
228.5466737,5.845459014,1335.960214,1,1,96.57788688,0,3,0,1350.0952
230.1161315,5.867016759,1350.0952,1,1,96.56438593,0,3,0,1362.296616
232.3696959,5.86262598,1362.296616,1,1,96.55076296,1,3,0,1363.600834
228.4443424,5.969072462,1363.600834,1,1,96.53712695,1,3,0,1362.602589
227.3153221,5.99432795,1362.602589,1,1,96.52350093,1,3,0,1351.836456
226.0105583,5.981297805,1351.836456,1,1,96.50998256,1,3,0,1371.306097
227.9097683,6.016881622,1371.306097,1,1,96.4962695,1,3,0,1376.996603
231.1192162,5.957949432,1376.996603,1,1,96.48249953,1,3,0,1335.937315
228.1629256,5.855190152,1335.937315,1,1,96.46914016,1,3,0,1370.623763
230.5933599,5.943899528,1370.623763,1,1,96.45543392,1,3,0,1385.281895
229.654085,6.032036813,1385.281895,1,1,96.4415811,1,3,0,1374.559879
229.3566041,5.993112272,1374.559879,1,1,96.42783551,1,3,0,1369.101209
228.8754021,5.981862603,1369.101209,1,1,96.41414449,1,3,0,1376.993101
229.4372528,6.001610829,1376.993101,1,1,96.40037456,1,3,0,1352.503071
229.9872365,5.880774478,1352.503071,1,1,96.38684953,1,3,0,1369.445932
231.8855817,5.905696775,1369.445932,1,1,96.37315507,1,3,0,1370.708546
230.0108936,5.95932012,1370.708546,1,1,96.35944799,1,3,0,1369.568801
229.6501659,5.963717882,1369.568801,1,1,96.3457523,1,3,0,1361.414409
231.7072632,5.875579342,1361.414409,1,1,96.33213816,1,3,0,1385.449744
232.8596513,5.949720086,1385.449744,1,1,96.31828366,1,3,0,1377.992764
228.47359,6.031300001,1377.992764,1,1,96.30450373,1,3,0,1345.82817
228.636059,5.886333836,1345.82817,1,1,96.29104545,1,3,0,1372.633587
229.1189428,5.990921442,1372.633587,1,1,96.27731911,1,3,0,1368.084225
229.5712722,5.95930062,1368.084225,1,1,96.26363827,1,3,0,1376.626551
233.6864387,5.890913307,1376.626551,1,1,96.249872,1,3,0,1416.899616
236.5827838,5.989022502,1416.899616,1,1,96.23570301,1,3,0,1382.605948
231.3003293,5.97753558,1382.605948,1,1,96.22187695,1,3,0,1367.603433
229.9328659,5.947837982,1367.603433,1,1,96.20820091,1,3,0,1352.282193
229.9177523,5.881591045,1352.282193,1,1,96.19467809,1,3,0,1339.206965
227.394805,5.889347229,1339.206965,1,1,96.18128602,1,3,0,1380.121993
231.8794485,5.951894408,1380.121993,1,1,96.1674848,1,3,0,1375.634802
232.9000766,5.906545082,1375.634802,1,1,96.15372846,1,3,0,1375.939347
229.5127395,5.995045635,1375.939347,1,1,96.13996906,1,3,0,1363.417319
229.4808203,5.941312729,1363.417319,1,1,96.12633489,1,3,0,1355.678473
228.4437799,5.934407468,1355.678473,1,1,96.1127781,1,3,0,1390.67934
231.5507083,6.005938612,1390.67934,1,1,96.09887131,1,3,0,1367.720226
232.1299517,5.892045451,1367.720226,1,1,96.08519411,1,3,0,-1136.551221
227.3102441,-5,-1136.551221,1,1,96.07164591,1,3,1,1350.08862
230.3173609,5.861862148,1350.08862,1,1,96.05814503,1,3,0,1381.74157
233.8941179,5.907551599,1381.74157,1,1,96.04432761,1,3,0,1355.549023
227.8446527,5.949444092,1355.549023,1,1,96.03077212,1,3,0,1384.65369
232.4843552,5.955900511,1384.65369,1,1,96.01692558,1,3,0,1360.617633
227.3354323,5.985066291,1360.617633,1,1,96.00331941,1,3,0,1351.025878
228.2996104,5.917775664,1351.025878,1,1,95.98980915,1,3,0,1349.389992
228.4106954,5.90773558,1349.389992,1,1,95.97631525,1,3,0,1371.876442
231.5008305,5.926010886,1371.876442,1,1,95.96259648,1,3,0,1364.939624
229.2496431,5.95394438,1364.939624,1,1,95.94894709,1,3,0,1374.103355
230.5259987,5.960730514,1374.103355,1,1,95.93520605,1,3,0,1353.056557
226.1450507,5.983135836,1353.056557,1,1,95.92167549,1,3,0,1338.185217
226.7681255,5.901116897,1338.185217,1,1,95.90829364,1,3,0,1372.15811
229.9137784,5.968142143,1372.15811,1,1,95.89457205,1,3,0,1328.28991
223.7291914,5.937043362,1328.28991,1,1,95.88128916,1,3,0,1357.499257
225.8842459,6.009711972,1357.499257,1,1,95.86771416,1,3,0,1392.824903
231.7450725,6.010159731,1392.824903,1,1,95.85378591,1,3,0,1346.702782
229.9821075,5.855685023,1346.702782,1,1,95.84031889,1,3,0,1284.333412
229.2342711,5.602711172,1284.333412,0,1,95.82747555,1,2,0,1255.954912
226.8288749,5.537015126,1255.954912,0,1,95.814916,1,2,0,1275.357916
232.0323685,5.496465532,1275.357916,0,1,95.80216242,1,2,0,1519.47254
228.6318912,6.645934353,1519.47254,1,1,95.7869677,1,3,0,1367.445907
227.9047634,6.000076024,1367.445907,1,1,95.77329324,1,3,0,1377.42821
229.0963493,6.01244068,1377.42821,1,1,95.75951896,1,3,0,1358.6514
230.1973397,5.902115991,1358.6514,1,1,95.74593244,1,3,0,1359.539835
228.1281894,5.959543354,1359.539835,1,1,95.73233704,2,3,0,1240.733097
226.8476032,5.469456499,1240.733097,0,1,95.71992971,2,2,0,13.58925692
231.2389368,0.058767166,13.58925692,0,0,95.71979382,2,0,0,0.071353212
230.0334009,0.000310186,0.071353212,0,0,95.71979311,2,0,0,16.62504839
225.9636179,0.073574005,16.62504839,0,0,95.71962686,2,0,0,18.62490911
233.9577455,0.079608004,18.62490911,0,0,95.71944061,2,0,0,18.99212496
229.080566,0.082905876,18.99212496,0,0,95.71925069,2,0,0,26.7239357
230.9890346,0.115693525,26.7239357,0,0,95.71898345,2,0,0,25.61739777
233.7757097,0.109581093,25.61739777,0,0,95.71872727,2,0,0,19.1527294
229.9128711,0.083304294,19.1527294,0,0,95.71853575,2,0,0,8.911344402
228.1358272,0.039061574,8.911344402,0,0,95.71844663,2,0,0,20.81372663
228.2444431,0.091190508,20.81372663,0,0,95.7182385,2,0,0,11.7633935
229.2638409,0.051309415,11.7633935,0,0,95.71812086,2,0,0,21.42826049
230.883605,0.092809797,21.42826049,0,0,95.71790658,2,0,0,-13.4275927
227.9451577,-0.05890712,-13.4275927,0,0,95.71804086,2,0,0,6.197506921
229.8930126,0.026958222,6.197506921,0,0,95.71797888,2,0,0,22.48098835
229.4422374,0.097981037,22.48098835,0,0,95.71775407,2,0,0,15.13088386
228.4744895,0.066225704,15.13088386,0,0,95.71760276,2,0,0,1.838728582
229.3493933,0.00801715,1.838728582,0,0,95.71758437,2,0,0,31.03755072
228.4096028,0.13588549,31.03755072,0,0,95.717274,2,0,0,4.495216123
228.9798081,0.019631496,4.495216123,0,0,95.71722905,2,0,0,13.56548858
226.5455703,0.059879734,13.56548858,0,0,95.71709339,2,0,0,23.39747454
230.4800853,0.101516253,23.39747454,0,0,95.71685942,2,0,0,3.322801938
230.7912117,0.014397437,3.322801938,0,0,95.71682619,2,0,0,4.740463693
228.8308826,0.020716014,4.740463693,0,0,95.71677878,2,0,0,8.927922954
229.9019325,0.038833614,8.927922954,0,0,95.7166895,2,0,0,15.19721006
230.9843812,0.065793237,15.19721006,0,0,95.71653753,2,0,0,-7.924084153
226.6854391,-0.0349563,-7.924084153,0,0,95.71661677,2,0,0,2.403016306
227.2835057,0.01057277,2.403016306,0,0,95.71659274,2,0,0,5.773411386
231.9382706,0.024892017,5.773411386,0,0,95.71653501,2,0,0,4.516328797
228.5277619,0.019762714,4.516328797,0,0,95.71648985,2,0,0,-0.865542583
227.7514576,-0.003800382,-0.865542583,0,0,95.7164985,2,0,0,22.01771269
228.8809278,0.096197236,22.01771269,0,0,95.71627832,2,0,0,0.471088957
228.124423,0.002065053,0.471088957,0,0,95.71627361,2,0,0,12.56840859
228.3090931,0.055049969,12.56840859,0,0,95.71614793,2,0,0,5.178674934
229.9176614,0.022524041,5.178674934,0,0,95.71609614,2,0,0,29.05314113
229.3796048,0.126659653,29.05314113,0,0,95.71580561,2,0,0,5.237917543
232.2817265,0.022549848,5.237917543,0,0,95.71575323,2,0,0,42.77307489
230.2498539,0.185768087,42.77307489,0,0,95.7153255,2,0,0,11.39963271
229.5723063,0.049655958,11.39963271,0,0,95.7152115,2,0,0,3.269355407
231.9668563,0.014094063,3.269355407,0,0,95.71517881,2,0,0,21.27472288
227.6155402,0.093467796,21.27472288,0,0,95.71496606,2,0,0,-3.688999897
227.9049969,-0.016186569,-3.688999897,0,0,95.71500295,2,0,0,3.283600093
231.2380494,0.014200086,3.283600093,0,0,95.71497012,2,0,0,3.412920239
226.9066458,0.015041077,3.412920239,0,0,95.71493599,2,0,0,20.39921433
232.1655149,0.087864963,20.39921433,0,0,95.714732,2,0,0,23.36238262
229.9239406,0.101609178,23.36238262,0,0,95.71449837,2,0,0,20.9952597
232.5333334,0.090289248,20.9952597,0,0,95.71428842,2,0,0,11.03964348
228.4859278,0.048316514,11.03964348,0,0,95.71417802,2,0,0,11.70300669
227.9738002,0.051334876,11.70300669,0,0,95.71406099,2,0,0,7.833822145
229.2550728,0.034170769,7.833822145,0,0,95.71398266,2,0,0,5.286526256
226.6103128,0.02332871,5.286526256,0,0,95.71392979,2,0,0,-5.604314662
229.8797499,-0.024379332,-5.604314662,0,0,95.71398583,2,0,0,11.59154662
230.1788198,0.050358876,11.59154662,0,0,95.71386992,2,0,0,-11.60876144
229.8079299,-0.05051506,-11.60876144,0,0,95.71398601,2,0,0,-11.89772952
226.8669564,-0.052443642,-11.89772952,0,0,95.71410498,2,0,0,-3.570159716
231.0847647,-0.015449568,-3.570159716,0,0,95.71414068,2,0,0,24.89888207
227.6643261,0.109366639,24.89888207,0,0,95.7138917,2,0,0,24.53580184
230.9137433,0.106255269,24.53580184,0,0,95.71364634,2,0,0,0.482426023
228.6531558,0.002109859,0.482426023,0,0,95.71364151,2,0,0,5.005660083
231.890322,0.021586326,5.005660083,0,0,95.71359146,3,0,0,39.60127705
232.7570245,0.170139987,39.60127705,0,0,95.71319544,3,0,0,20.25550147
228.4671367,0.088658272,20.25550147,0,0,95.71299289,3,0,0,18.36435659
230.3258166,0.079732081,18.36435659,0,0,95.71280925,3,0,0,23.70938312
228.2498078,0.103874712,23.70938312,0,0,95.71257215,3,0,0,4.099815301
232.9336191,0.017600788,4.099815301,0,0,95.71253115,3,0,0,20.04519543
225.896599,0.088736154,20.04519543,0,0,95.7123307,3,0,0,-2.084271739
229.4396449,-0.009084183,-2.084271739,0,0,95.71235154,3,0,0,19.06965207
229.1928493,0.083203521,19.06965207,0,0,95.71216085,3,0,0,13.27711857
229.0192034,0.057973822,13.27711857,0,0,95.71202808,3,0,0,15.44286297
230.2737463,0.067063064,15.44286297,0,0,95.71187365,3,0,0,7.574935696
226.7971219,0.033399611,7.574935696,0,0,95.7117979,3,0,0,-1.643930462
228.4199618,-0.007196965,-1.643930462,0,0,95.71181434,3,0,0,21.32917278
226.7283367,0.094073697,21.32917278,0,0,95.71160105,3,0,0,8.050478987
230.6517433,0.034903179,8.050478987,0,0,95.71152054,3,0,0,-5.783225686
232.7984122,-0.024842204,-5.783225686,0,0,95.71157837,3,0,0,1.492929459
229.8760361,0.006494498,1.492929459,0,0,95.71156344,3,0,0,16.73168528
229.6927497,0.072843768,16.73168528,0,0,95.71139613,3,0,0,2799.7074
161.7929097,17.3042651,2799.7074,0,0,95.71123263,3,0,1,2.949581175
228.4577823,0.012910837,2.949581175,0,0,95.71120313,3,0,0,21.05895853
230.6456378,0.091304387,21.05895853,0,0,95.71099254,3,0,0,27.72055518
226.286275,0.12250215,27.72055518,0,0,95.71071534,3,0,0,-10.93461384
224.4334171,-0.04872097,-10.93461384,0,0,95.71082468,3,0,0,11.99488264
229.2143131,0.052330426,11.99488264,0,0,95.71070473,3,0,0,253.845357
228.537953,1.11073611,253.845357,1,0,95.70816628,3,1,0,115.0098679
228.8343663,0.502590016,115.0098679,1,0,95.70701618,3,1,0,79.25726971
231.012094,0.343087101,79.25726971,1,0,95.70622361,3,1,0,100.7818976
228.2996507,0.441445693,100.7818976,1,0,95.70521579,3,1,0,115.369452
230.295283,0.500963157,115.369452,1,0,95.7040621,3,1,0,100.3599318
230.0315498,0.436287683,100.3599318,1,0,95.7030585,3,1,0,93.0908703
228.0454771,0.408211868,93.0908703,1,0,95.70212759,3,1,0,96.93119706
230.3832752,0.420738862,96.93119706,1,0,95.70115828,3,1,0,133.1981654
229.4085599,0.580615499,133.1981654,1,0,95.69982629,3,1,0,116.9661498
230.0399394,0.508460183,116.9661498,1,0,95.69865663,3,1,0,104.6763783
232.4105247,0.450394312,104.6763783,1,0,95.69760987,3,1,0,102.332242
229.5666601,0.445762647,102.332242,1,0,95.69658655,3,1,0,105.2240217
232.2553448,0.453053176,105.2240217,1,0,95.69553431,3,1,0,106.4441405
233.6203727,0.455628673,106.4441405,1,0,95.69446986,3,1,0,108.2211143
225.7033876,0.479483784,108.2211143,1,0,95.69338765,3,1,0,112.4951025
229.3475823,0.490500494,112.4951025,1,0,95.6922627,3,1,0,93.41304809
230.5523171,0.405170719,93.41304809,1,0,95.69132857,3,1,0,117.2619288
230.0864005,0.509643023,117.2619288,1,0,95.69015595,3,1,0,100.2444695
232.0292876,0.432033691,100.2444695,1,0,95.68915351,3,1,0,103.5832103
229.5349369,0.451274266,103.5832103,1,0,95.68811768,3,1,0,106.06497
227.4419731,0.466338594,106.06497,1,0,95.68705703,3,1,0,100.4443192
230.3364751,0.43607648,100.4443192,1,0,95.68605258,3,1,0,104.4869753
228.2720712,0.457730001,104.4869753,1,0,95.68500771,3,1,0,95.33992366
229.3040839,0.41577944,95.33992366,1,0,95.68405431,3,1,0,94.66909155
231.533556,0.408878493,94.66909155,1,0,95.68310762,3,1,0,90.80221874
228.9132217,0.396666554,90.80221874,1,0,95.6821996,3,1,0,106.7233002
228.8857846,0.466273169,106.7233002,1,0,95.68113237,3,1,0,107.0217099
230.9721432,0.463353322,107.0217099,1,0,95.68006215,3,1,0,107.3491839
231.0457297,0.464623103,107.3491839,1,0,95.67898866,3,1,0,102.5040275
225.6979884,0.454164559,102.5040275,1,0,95.67796362,3,1,0,99.18775637
234.3097911,0.423318872,99.18775637,1,0,95.67697174,3,1,0,101.6433082
232.9698104,0.436293904,101.6433082,1,0,95.67595531,3,1,0,91.53195972
228.9827461,0.399732999,91.53195972,1,0,95.67503999,3,1,0,103.4957565
230.0454276,0.449892691,103.4957565,1,0,95.67400503,3,1,0,103.5212744
229.5845852,0.450906904,103.5212744,1,0,95.67296982,3,1,0,110.7968887
231.1442956,0.479340787,110.7968887,1,0,95.67186185,3,1,0,103.7679773
228.6766988,0.453775911,103.7679773,1,0,95.67082417,4,1,0,106.1454504
227.4199665,0.466737605,106.1454504,1,0,95.66976272,4,1,0,103.0605163
230.0455822,0.448000415,103.0605163,1,0,95.66873211,4,1,0,90.97525007
231.0531377,0.393741678,90.97525007,1,0,95.66782236,4,1,0,118.7997826
230.1743318,0.516129586,118.7997826,1,0,95.66663436,4,1,0,95.08095518
230.6437854,0.412241565,95.08095518,1,0,95.66568355,4,1,0,100.3609741
228.3619633,0.439482008,100.3609741,1,0,95.66467994,4,1,0,95.7472489
230.2640943,0.415814933,95.7472489,1,0,95.66372247,4,1,0,106.2147569
236.1675693,0.449743194,106.2147569,1,0,95.66266032,4,1,0,123.644216
234.1085861,0.528149002,123.644216,1,0,95.66142388,4,1,0,111.7312058
228.3116771,0.489380163,111.7312058,1,0,95.66030657,4,1,0,83.83717668
231.1244411,0.362736093,83.83717668,1,0,95.65946819,4,1,0,96.87821478
225.1329931,0.430315492,96.87821478,1,0,95.65849941,4,1,0,118.1541307
232.9138536,0.507286831,118.1541307,1,0,95.65731787,4,1,0,104.8068364
228.9924846,0.457686795,104.8068364,1,0,95.6562698,4,1,0,2561.367255
162.529468,15.75940219,2561.367255,1,0,95.65516794,4,1,1,89.37717942
228.5775443,0.391014698,89.37717942,1,0,95.65427416,4,1,0,120.3330227
230.8185627,0.521331653,120.3330227,1,0,95.65307083,4,1,0,86.22474232
229.5782766,0.375578838,86.22474232,1,0,95.65220859,4,1,0,84.7485319
230.2751209,0.368031646,84.7485319,1,0,95.6513611,4,1,0,136.9719983
230.4072444,0.594477829,136.9719983,1,0,95.64999138,4,1,0,72.5029526
228.7945664,0.31689106,72.5029526,1,0,95.64926635,4,1,0,85.60855649
230.6762998,0.371119862,85.60855649,1,0,95.64841027,4,1,0,85.77635893
230.5630816,0.372029895,85.77635893,1,0,95.6475525,4,1,0,91.50246206
231.3931655,0.395441507,91.50246206,1,0,95.64663748,4,1,0,119.2704968
229.9385817,0.518705891,119.2704968,1,0,95.64544477,4,1,0,99.95706471
228.2635115,0.437902072,99.95706471,1,0,95.6444452,4,1,0,94.10249776
231.6861854,0.406163611,94.10249776,1,0,95.64350418,4,1,0,109.5597016
231.2434063,0.473785192,109.5597016,1,0,95.64240858,4,1,0,102.0840184
231.9247007,0.440160182,102.0840184,1,0,95.64138774,4,1,0,83.41581176
229.7390139,0.363089448,83.41581176,1,0,95.64055358,4,1,0,89.62810414
229.1058326,0.391208304,89.62810414,1,0,95.6396573,4,1,0,111.0801269
231.7314182,0.479348583,111.0801269,1,0,95.6385465,4,1,0,101.6085065
232.4347359,0.437148544,101.6085065,1,0,95.63753042,4,1,0,90.64712088
229.3095252,0.395304647,90.64712088,1,0,95.63662394,4,1,0,119.2153733
230.5370399,0.517120257,119.2153733,1,0,95.63543179,4,1,0,101.2148039
232.7130685,0.434933906,101.2148039,1,0,95.63441964,4,1,0,111.6154154
227.6904926,0.490206746,111.6154154,1,0,95.63330349,4,1,0,104.452797
230.0829546,0.453978858,104.452797,1,0,95.63225896,4,1,0,113.1711523
232.6570714,0.486429024,113.1711523,1,0,95.63112725,4,1,0,111.0136412
228.0697037,0.486753126,111.0136412,1,0,95.63001711,4,1,0,104.9843708
227.5528361,0.461362612,104.9843708,1,0,95.62896727,4,1,0,103.4793244
227.4698605,0.454914441,103.4793244,1,0,95.62793248,4,1,0,119.4302282
232.7338674,0.513162221,119.4302282,1,0,95.62673817,4,1,0,103.6358753
232.3977416,0.445941835,103.6358753,1,0,95.62570181,4,1,0,110.9202157
229.1804245,0.483986431,110.9202157,1,0,95.62459261,4,1,0,108.1640568
229.456506,0.471392416,108.1640568,1,0,95.62351097,4,1,0,-1148.616263
229.7232526,-5,-1148.616263,1,0,95.62248164,4,1,1,89.22473377
229.3345901,0.389059207,89.22473377,1,0,95.62158939,4,1,0,92.60348886
233.5289258,0.396539694,92.60348886,1,0,95.62066335,4,1,0,92.87556601
231.510324,0.401172459,92.87556601,1,0,95.6197346,4,1,0,112.1623112
227.4310924,0.493170525,112.1623112,1,0,95.61861298,4,1,0,109.2022334
229.5186241,0.475788115,109.2022334,1,0,95.61752095,4,1,0,119.1455053
233.6566238,0.509917088,119.1455053,1,0,95.6163295,4,1,0,90.08078298
227.7084349,0.395597041,90.08078298,1,0,95.61542869,4,1,0,106.1124806
230.6326091,0.460093137,106.1124806,1,0,95.61436757,4,1,0,107.1559064
228.9686053,0.467993882,107.1559064,1,0,95.61329601,4,1,0,104.0622111
232.9825549,0.446652373,104.0622111,1,0,95.61225538,4,1,0,93.67528252
228.7148798,0.409572314,93.67528252,1,0,95.61131863,4,1,0,106.0788822
226.9917012,0.467324936,106.0788822,1,0,95.61025784,4,1,0,96.0872526
230.0614462,0.417659083,96.0872526,1,0,95.60929697,5,1,0,112.866035
231.135898,0.48831028,112.866035,1,0,95.60816831,5,1,0,3328.645113
224.0986843,14.85347905,3328.645113,1,1,95.57488186,5,3,0,1368.681973
228.8148679,5.981612934,1368.681973,1,1,95.56119504,5,3,0,1364.156283
229.1856982,5.952187655,1364.156283,1,1,95.54755348,5,3,0,1382.589558
231.0569546,5.983760847,1382.589558,1,1,95.53372758,5,3,0,1358.595606
229.8673094,5.910347188,1358.595606,1,1,95.52014162,5,3,0,1363.817583
229.7824895,5.93525462,1363.817583,1,1,95.50650345,5,3,0,1354.089481
229.6281996,5.89687801,1354.089481,1,1,95.49296255,5,3,0,1375.556132
231.1124161,5.951891962,1375.556132,1,1,95.47920699,5,3,0,1342.528659
228.0451724,5.887117211,1342.528659,1,1,95.46578171,5,3,0,1341.090882
228.2874274,5.874571793,1341.090882,1,1,95.4523708,5,3,0,1351.909756
225.4220728,5.997237711,1351.909756,1,1,95.4388517,5,3,0,1358.613701
227.7799904,5.964587577,1358.613701,1,1,95.42526556,5,3,0,1362.548801
229.1953569,5.944923228,1362.548801,1,1,95.41164007,5,3,0,1373.340892
233.3729135,5.884748453,1373.340892,1,1,95.39790667,5,3,0,1366.450845
230.777129,5.921084341,1366.450845,1,1,95.38424216,5,3,0,1367.014407
227.5588897,6.007299512,1367.014407,1,1,95.37057201,5,3,0,1357.59544
230.7987805,5.882160368,1357.59544,1,1,95.35699606,5,3,0,1352.486843
227.8853876,5.934943251,1352.486843,1,1,95.34347119,5,3,0,1373.460164
231.377623,5.936011208,1373.460164,1,1,95.32973659,5,3,0,1403.457647
233.9991778,5.997703328,1403.457647,1,1,95.31570201,5,3,0,1365.954646
228.3661006,5.981424749,1365.954646,1,1,95.30204247,5,3,0,1350.002284
231.5398253,5.830540306,1350.002284,1,1,95.28854244,5,3,0,1365.39863
230.0517552,5.935180234,1365.39863,1,1,95.27488846,5,3,0,1385.516201
230.9761741,5.998524337,1385.516201,1,1,95.26103329,5,3,0,1356.054305
227.2441277,5.967389868,1356.054305,1,1,95.24747275,5,3,0,1369.839334
228.0677259,6.006283126,1369.839334,1,1,95.23377436,5,3,0,1390.052424
231.6718553,6.000091906,1390.052424,1,1,95.21987383,5,3,0,1351.262514
227.4603644,5.940650438,1351.262514,1,1,95.20636121,5,3,0,1355.697123
230.2410607,5.888163992,1355.697123,1,1,95.19280424,5,3,0,1367.540342
230.1731906,5.941353721,1367.540342,1,1,95.17912883,5,3,0,1358.613472
229.514906,5.919499938,1358.613472,1,1,95.1655427,5,3,0,1393.137746
232.699877,5.986843498,1393.137746,1,1,95.15161132,5,3,0,1384.097296
231.3751095,5.98204923,1384.097296,1,1,95.13777035,5,3,0,1336.050972
224.7614685,5.944306115,1336.050972,1,1,95.12440984,5,3,0,1391.451861
232.0196219,5.997130111,1391.451861,1,1,95.11049532,5,3,0,1366.413853
230.4951437,5.928167643,1366.413853,1,1,95.09683118,5,3,0,1368.186957
231.2915113,5.915422271,1368.186957,1,1,95.08314931,5,3,0,1372.109881
230.4582296,5.953833295,1372.109881,1,1,95.06942821,5,3,0,1366.383024
231.2563203,5.908521858,1366.383024,1,1,95.05576438,5,3,0,1377.008244
230.512756,5.973674811,1377.008244,1,1,95.0419943,5,3,0,1341.538181
228.4858751,5.871427194,1341.538181,1,1,95.02857892,5,3,0,1374.193369
230.3309455,5.966169096,1374.193369,1,1,95.01483699,5,3,0,1403.760747
234.4884876,5.986480452,1403.760747,1,1,95.00079938,5,3,0,1373.638487
231.9652722,5.921741963,1373.638487,1,1,94.98706299,5,3,0,1352.094768
227.1006683,5.953724304,1352.094768,1,1,94.97354205,5,3,0,1351.791785
227.7691236,5.934921132,1351.791785,1,1,94.96002413,5,3,0,1348.309805
229.0217247,5.887257232,1348.309805,1,1,94.94654103,5,3,0,125.6796824
233.3758049,0.538529187,125.6796824,1,0,94.94528423,5,1,0,102.5936892
229.2166619,0.447583908,102.5936892,1,0,94.9442583,5,1,0,85.98889359
232.7361532,0.369469429,85.98889359,1,0,94.94339841,5,1,0,128.5109657
230.9538598,0.55643567,128.5109657,1,0,94.9421133,5,1,0,114.7038061
231.7921342,0.494856336,114.7038061,1,0,94.94096626,5,1,0,114.0970854
231.1688147,0.493566079,114.0970854,1,0,94.93982529,5,1,0,93.3111801
228.3526862,0.408627469,93.3111801,1,0,94.93889218,5,1,0,106.3801846
232.6951004,0.457165555,106.3801846,1,0,94.93782837,5,1,0,16.81163112
231.5954947,0.072590493,16.81163112,0,0,94.93766026,5,0,0,27.74973255
230.1993899,0.120546508,27.74973255,0,0,94.93738276,5,0,0,0.978257624
227.8101872,0.004294179,0.978257624,0,0,94.93737298,5,0,0,14.38049171
229.7384018,0.062595072,14.38049171,0,0,94.93722917,6,0,0,8.129587417
230.0101427,0.035344474,8.129587417,0,0,94.93714788,6,0,0,9.779931103
230.7769842,0.042378278,9.779931103,0,0,94.93705008,6,0,0,19.72776237
230.5510993,0.085567852,19.72776237,0,0,94.9368528,6,0,0,10.37179983
228.5827432,0.045374378,10.37179983,0,0,94.93674908,6,0,0,21.91703152
227.1324933,0.096494479,21.91703152,0,0,94.93652991,6,0,0,3276.523589
235.3947188,13.919274,3276.523589,0,1,94.90376468,6,2,0,1263.225731
228.8444162,5.520019896,1263.225731,0,1,94.89113242,6,2,0,1314.717449
231.8397241,5.670803196,1314.717449,0,1,94.87798524,6,2,0,1249.292385
229.4398244,5.44496749,1249.292385,0,1,94.86549232,6,2,0,1295.70095
232.4917034,5.573106186,1295.70095,0,1,94.85253531,6,2,0,1292.680746
231.2723937,5.589429526,1292.680746,0,1,94.8396085,6,2,0,1263.503007
228.9693815,5.518218195,1263.503007,0,1,94.82697347,6,2,0,1277.261108
229.3934769,5.567992276,1277.261108,0,1,94.81420086,6,2,0,1238.978613
226.1729719,5.478013585,1238.978613,0,1,94.80181108,6,2,0,1275.404569
230.2515959,5.539177976,1275.404569,0,1,94.78905703,6,2,0,1263.878218
227.3130244,5.560078317,1263.878218,0,1,94.77641825,6,2,0,1275.517563
229.7761497,5.55113124,1275.517563,0,1,94.76366307,6,2,0,1261.072679
228.3848205,5.521700943,1261.072679,0,1,94.75105235,6,2,0,1284.376588
231.9521248,5.537248642,1284.376588,0,1,94.73820858,6,2,0,1270.359013
229.4565515,5.536381528,1270.359013,0,1,94.72550499,6,2,0,1297.509665
231.9461924,5.594011488,1297.509665,0,1,94.71252989,6,2,0,1283.199526
228.8696564,5.606682627,1283.199526,0,1,94.6996979,6,2,0,1271.164237
229.4088461,5.541042807,1271.164237,0,1,94.68698626,6,2,0,1301.338713
234.1831428,5.556927359,1301.338713,0,1,94.67397287,6,2,0,1293.559663
232.9022705,5.554087815,1293.559663,0,1,94.66103727,6,2,0,1525.606044
230.1360492,6.629148494,1525.606044,1,1,94.64578121,6,3,0,1361.494583
228.7059619,5.953034943,1361.494583,1,1,94.63216627,6,3,0,1341.806555
227.9060529,5.887542423,1341.806555,1,1,94.6187482,6,3,0,1367.759684
230.6816718,5.929208304,1367.759684,1,1,94.6050706,6,3,0,1369.650127
230.5020572,5.942029949,1369.650127,1,1,94.5913741,6,3,0,1364.309845
229.9553775,5.932932986,1364.309845,1,1,94.577731,6,3,0,1345.394826
228.1079498,5.898061979,1345.394826,1,1,94.56427706,6,3,0,1344.2297
227.3995293,5.911312589,1344.2297,1,1,94.55083476,6,3,0,1338.398117
230.5998799,5.803984451,1338.398117,1,1,94.53745078,6,3,0,1383.236559
227.7833481,6.072597361,1383.236559,1,1,94.52361841,6,3,0,1384.22483
232.3274604,5.958076706,1384.22483,1,1,94.50977616,6,3,0,1355.324187
229.6321534,5.902153367,1355.324187,1,1,94.49622292,6,3,0,1345.659896
229.264865,5.869455382,1345.659896,1,1,94.48276632,6,3,0,1401.498746
234.1761511,5.984805623,1401.498746,1,1,94.46875134,6,3,0,1342.495834
227.3832123,5.904111479,1342.495834,1,1,94.45532638,6,3,0,1369.357967
231.5819208,5.913060752,1369.357967,1,1,94.4416328,6,3,0,1323.350999
224.3890406,5.897574125,1323.350999,1,1,94.42839929,6,3,0,1354.051815
228.322462,5.930436294,1354.051815,1,1,94.41485877,6,3,0,1369.466137
229.5657639,5.965463292,1369.466137,1,1,94.40116411,6,3,0,1375.137934
230.2650765,5.971977839,1375.137934,1,1,94.38741273,6,3,0,1374.620978
229.3044781,5.994741094,1374.620978,1,1,94.37366652,6,3,0,1337.774805
229.4658741,5.829951013,1337.774805,1,1,94.36028877,6,3,0,1378.349671
229.6394497,6.00223382,1378.349671,1,1,94.34650527,6,3,0,1364.484122
231.2809633,5.899681936,1364.484122,1,1,94.33286043,6,3,0,1342.798402
228.4260573,5.878481717,1342.798402,1,1,94.31943245,6,3,0,1350.093332
228.568589,5.906731708,1350.093332,1,1,94.30593152,6,3,0,1368.802867
228.1991339,5.998282483,1368.802867,1,1,94.29224349,6,3,0,1263.68303
227.3633348,5.557989509,1263.68303,0,1,94.27960666,6,2,0,1277.262415
229.8646095,5.556585758,1277.262415,0,1,94.26683403,6,2,0,1287.374933
232.5296306,5.536390908,1287.374933,0,1,94.25396028,6,2,0,1270.703593
230.6626478,5.508926587,1270.703593,0,1,94.24125325,6,2,0,1275.365097
229.5263298,5.556508913,1275.365097,0,1,94.2284996,6,2,0,1264.279141
228.5096836,5.532715817,1264.279141,0,1,94.2158568,6,2,0,1270.27637
229.4617423,5.535896125,1270.27637,0,1,94.20315404,6,2,0,1264.729542
227.7783654,5.552456835,1264.729542,0,1,94.19050675,7,2,0,1297.55368
231.9719897,5.593579127,1297.55368,0,1,94.17753121,7,2,0,1260.525423
228.0877051,5.526494389,1260.525423,0,1,94.16492595,7,2,0,1280.243542
228.7281131,5.597228624,1280.243542,0,1,94.15212352,7,2,0,1285.053802
230.3695238,5.578228322,1285.053802,0,1,94.13927298,7,2,0,1272.527919
229.4012262,5.547171388,1272.527919,0,1,94.1265477,7,2,0,1290.847483
228.6187073,5.646289835,1290.847483,0,1,94.11363923,7,2,0,1305.976571
233.4119326,5.595157698,1305.976571,0,1,94.10057946,7,2,0,1309.471832
231.6920766,5.651776491,1309.471832,0,1,94.08748474,7,2,0,1281.265639
234.0678172,5.473907751,1281.265639,0,1,94.07467209,7,2,0,1250.423647
228.3297368,5.476394202,1250.423647,0,1,94.06216785,7,2,0,1270.560941
231.0041564,5.50016485,1270.560941,0,1,94.04946224,7,2,0,1301.853811
230.5730765,5.646165766,1301.853811,0,1,94.0364437,7,2,0,1278.536926
228.9709754,5.583838403,1278.536926,0,1,94.02365833,7,2,0,1286.68341
228.4096905,5.633226011,1286.68341,0,1,94.0107915,7,2,0,1293.668574
231.8514102,5.579731315,1293.668574,0,1,93.99785481,7,2,0,1277.130338
230.1135922,5.549999571,1277.130338,0,1,93.98508351,7,2,0,1290.481707
229.2160662,5.629979295,1290.481707,0,1,93.97217869,7,2,0,1309.400697
233.4026617,5.610050408,1309.400697,0,1,93.95908469,7,2,0,1516.832413
227.2869651,6.673644535,1516.832413,1,1,93.94391636,7,3,0,1386.911631
233.3362139,5.94383361,1386.911631,1,1,93.93004725,7,3,0,1387.950936
230.9372156,6.010079111,1387.950936,1,1,93.91616774,7,3,0,1352.116901
227.0957217,5.953951445,1352.116901,1,1,93.90264657,7,3,0,1381.048324
231.3768115,5.968827708,1381.048324,1,1,93.88883608,7,3,0,1345.225303
227.5327554,5.912227011,1345.225303,1,1,93.87538383,7,3,0,1337.545411
227.6748488,5.87480531,1337.545411,1,1,93.86200838,7,3,0,1368.887146
228.5225606,5.990161945,1368.887146,1,1,93.84831951,7,3,0,1390.354803
230.9582194,6.019940778,1390.354803,1,1,93.83441596,7,3,0,1346.720052
229.5953133,5.865625185,1346.720052,1,1,93.82094876,7,3,0,1318.613303
226.2604838,5.827855051,1318.613303,1,1,93.80776262,7,3,0,1356.869313
229.0902156,5.92286017,1356.869313,1,1,93.79419393,7,3,0,1366.050603
226.9583836,6.018947531,1366.050603,1,1,93.78053342,7,3,0,1348.592314
227.2112816,5.935410885,1348.592314,1,1,93.7670475,7,3,0,1362.566068
228.9723774,5.950787969,1362.566068,1,1,93.75342184,7,3,0,1373.979279
231.8391006,5.926434649,1373.979279,1,1,93.73968205,7,3,0,1384.706724
232.2213237,5.962874993,1384.706724,1,1,93.72583498,7,3,0,1369.525051
226.7704508,6.039257082,1369.525051,1,1,93.71213973,7,3,0,1361.663394
229.0353164,5.945211488,1361.663394,1,1,93.6985231,7,3,0,1352.852001
228.1537564,5.929562688,1352.852001,1,1,93.68499458,7,3,0,1367.866925
227.6467761,6.008725223,1367.866925,1,1,93.67131591,7,3,0,1358.354652
227.1044602,5.981188791,1358.354652,1,1,93.65773236,7,3,0,1371.857192
229.9129388,5.966855105,1371.857192,1,1,93.64401379,7,3,0,1409.619655
230.859757,6.10595659,1409.619655,1,1,93.62991759,7,3,0,1358.638364
231.9754995,5.856818358,1358.638364,1,1,93.61633121,7,3,0,1344.541266
229.0846107,5.869190697,1344.541266,1,1,93.6028858,7,3,0,1347.932573
226.1512726,5.960313896,1347.932573,1,1,93.58940647,7,3,0,1373.398868
230.4815379,5.958823774,1373.398868,1,1,93.57567248,7,3,0,1365.783781
230.5682497,5.923555313,1365.783781,1,1,93.56201464,7,3,0,1366.382725
232.7217539,5.871315002,1366.382725,1,1,93.54835082,7,3,0,1364.085491
230.2388677,5.924653404,1364.085491,1,1,93.53470996,7,3,0,1379.856702
229.6909218,6.007449888,1379.856702,1,1,93.52091139,7,3,0,1368.962058
230.7368763,5.933000742,1368.962058,1,1,93.50722177,7,3,0,1366.729083
231.2976503,5.908962246,1366.729083,1,1,93.49355448,7,3,0,1377.185755
229.9199034,5.989850095,1377.185755,1,1,93.47978263,7,3,0,1331.198475
223.6373754,5.952486577,1331.198475,1,1,93.46647064,7,3,0,1366.55191
229.384893,5.957462552,1366.55191,1,1,93.45280512,7,3,0,1348.875169
227.5920219,5.92672431,1348.875169,1,1,93.43931637,7,3,0,1388.132129
229.0675883,6.059923795,1388.132129,1,1,93.42543505,7,3,0,1372.578191
230.5709262,5.95295432,1372.578191,1,1,93.41170927,7,3,0,1348.172229
228.6304835,5.896729992,1348.172229,1,1,93.39822754,7,3,0,1349.293116
231.1175825,5.838124047,1349.293116,1,1,93.40527146,8,3,0,1379.310667
230.7416499,5.97772733,1379.310667,1,1,93.41586496,8,3,0,1352.966412
226.9393019,5.961798599,1352.966412,1,1,93.42078306,8,3,0,1363.748098
229.2488441,5.948767611,1363.748098,1,1,93.41721841,8,3,0,1371.647989
229.4958084,5.976788851,1371.647989,1,1,93.44641318,8,3,0,1374.766233
229.343354,5.994358277,1374.766233,1,1,93.46091121,8,3,0,1359.095376
227.9881575,5.961254267,1359.095376,1,1,93.46167728,8,3,0,1378.452409
230.4636851,5.981213087,1378.452409,1,1,93.46729217,8,3,0,1379.468387
230.4371484,5.986310787,1379.468387,1,1,93.49256139,8,3,0,1344.701938
228.4243825,5.886858148,1344.701938,1,1,93.52135625,8,3,0,1379.859528
232.5961975,5.932425134,1379.859528,1,1,93.5232982,8,3,0,1351.665978
226.4592474,5.968694119,1351.665978,1,1,93.52822252,8,3,0,1368.592075
229.6706281,5.958933827,1368.592075,1,1,93.55759674,8,3,0,1318.198965
224.582294,5.869558731,1318.198965,1,1,93.58259213,8,3,0,1380.7285
230.128546,5.99981412,1380.7285,1,1,93.59711958,8,3,0,1359.005331
229.1260007,5.931257588,1359.005331,1,1,93.61189097,8,3,0,1260.448277
228.6233696,5.513208379,1260.448277,0,1,93.61747379,8,2,0,1253.774916
227.3739243,5.514154362,1253.774916,0,1,93.63667474,8,2,0,1265.649253
226.7547242,5.58157832,1265.649253,0,1,93.67139186,8,2,0,1264.902337
229.3564362,5.515006937,1264.902337,0,1,93.69468959,8,2,0,1272.880097
228.2546014,5.576580227,1272.880097,0,1,93.70399267,8,2,0,1289.562753
233.3911219,5.52532908,1289.562753,0,1,93.74017212,8,2,0,1298.909066
235.5708782,5.513877928,1298.909066,0,1,93.7653241,8,2,0,1263.053594
229.1405325,5.512135196,1263.053594,0,1,93.79066866,8,2,0,1298.983433
232.4767657,5.587583898,1298.983433,0,1,93.82192,8,2,0,1249.117243
228.2977417,5.47143933,1249.117243,0,1,93.82689594,8,2,0,1258.263319
227.3188208,5.535235997,1258.263319,0,1,93.8510561,8,2,0,1288.117034
229.6770105,5.60838471,1288.117034,0,1,93.88792192,8,2,0,1250.489013
227.0527362,5.507482685,1250.489013,0,1,93.91931586,8,2,0,1275.258098
229.155932,5.565023288,1275.258098,0,1,93.95642582,8,2,0,1290.479139
230.8590409,5.589900805,1290.479139,0,1,93.96064794,8,2,0,1288.711747
233.4685869,5.519850719,1288.711747,0,1,93.95781362,8,2,0,1279.685446
231.2451516,5.533890927,1279.685446,0,1,93.96819987,8,2,0,1248.704541
226.2427294,5.519313459,1248.704541,0,1,93.9946709,8,2,0,1274.48591
229.2150308,5.560219611,1274.48591,0,1,94.02202567,8,2,0,1266.798141
228.2759148,5.549416558,1266.798141,0,1,94.05836166,8,2,0,1264.870162
228.6453314,5.532018319,1264.870162,0,1,94.08474717,8,2,0,1304.109411
234.6390177,5.557939274,1304.109411,0,1,94.11907606,8,2,0,1265.585409
228.5795739,5.536738857,1265.585409,0,1,94.1275075,8,2,0,1253.365477
228.9627552,5.474102006,1253.365477,0,1,94.15836938,8,2,0,1284.859426
233.1539801,5.510776293,1284.859426,0,1,94.1863856,8,2,0,1292.108295
231.120846,5.590617708,1292.108295,0,1,94.20145791,8,2,0,1295.981307
231.4514792,5.599364978,1295.981307,0,1,94.21741528,8,2,0,1264.404177
229.3509881,5.512965902,1264.404177,0,1,94.24229268,8,2,0,1289.532621
229.6803703,5.614465961,1289.532621,0,1,94.27305461,8,2,0,1306.858295
232.9680144,5.609603956,1306.858295,0,1,94.27758288,8,2,0,1255.673213
227.6487519,5.515836141,1255.673213,0,1,94.30393545,8,2,0,1271.696209
233.1932984,5.453399467,1271.696209,0,1,94.3104252,8,2,0,1276.82651
229.6600409,5.559637216,1276.82651,0,1,94.33198656,8,2,0,1295.328651
230.8347781,5.611496939,1295.328651,0,1,94.35742177,8,2,0,1280.370611
230.5814016,5.552792214,1280.370611,0,1,94.38955543,8,2,0,1257.773398
226.4715095,5.553782024,1257.773398,0,1,94.40000655,8,2,0,1268.241827
229.5445646,5.52503532,1268.241827,0,1,94.41911946,8,2,0,1288.420992
229.0304868,5.625543614,1288.420992,0,1,94.43884024,8,2,0,1271.728037
229.5670149,5.539681026,1271.728037,0,1,94.43843808,8,2,0,1267.794725
230.0209216,5.511649617,1267.794725,0,1,94.47406761,8,2,0,1255.533528
226.7318366,5.537526386,1255.533528,0,1,94.49177819,8,2,0,1290.103449
231.1753133,5.580628097,1290.103449,0,1,94.51256102,8,2,0,1273.262898
228.7953313,5.565073776,1273.262898,0,1,94.52127219,8,2,0,1243.856195
225.9725044,5.504458155,1243.856195,0,1,94.5218487,8,2,0,1256.218656
224.4455288,5.596986773,1256.218656,0,1,94.52936635,9,2,0,1304.635132
231.2256886,5.642258607,1304.635132,0,1,94.54237218,9,2,0,1238.549109
227.1319247,5.452994378,1238.549109,0,1,94.54960057,9,2,0,1263.737719
229.1862112,5.514021601,1263.737719,0,1,94.57984987,9,2,0,1269.261736
226.7462218,5.597719449,1269.261736,0,1,94.59572703,9,2,0,1298.901856
232.3350554,5.590640867,1298.901856,0,1,94.59962987,9,2,0,1250.630431
230.5557469,5.424416644,1250.630431,0,1,94.6174091,9,2,0,1257.35769
229.784487,5.471899807,1257.35769,0,1,94.62445708,9,2,0,1295.885109
230.8766733,5.612888868,1295.885109,0,1,94.62507485,9,2,0,1273.544315
228.0632191,5.584172321,1273.544315,0,1,94.62241382,9,2,0,1292.12186
231.8927653,5.572066287,1292.12186,0,1,94.65349528,9,2,0,1277.373488
228.2903742,5.595389172,1277.373488,0,1,94.67558803,9,2,0,1268.56607
230.7839458,5.496769137,1268.56607,0,1,94.67606845,9,2,0,1266.908257
229.7473919,5.514353161,1266.908257,0,1,94.69979006,9,2,0,1283.062395
230.8120291,5.558906094,1283.062395,0,1,94.71213855,9,2,0,1276.562657
229.743497,5.556469166,1276.562657,0,1,94.71880678,9,2,0,1277.739362
232.7181967,5.490500441,1277.739362,0,1,94.72040469,9,2,0,1277.75037
230.4857385,5.543728556,1277.75037,0,1,94.73053296,9,2,0,1285.667179
231.9837143,5.542057911,1285.667179,0,1,94.76180947,9,2,0,1260.639447
228.6076488,5.514423744,1260.639447,0,1,94.79292964,9,2,0,1253.313056
227.5418528,5.508055072,1253.313056,0,1,94.79234486,9,2,0,1272.748404
230.7425404,5.515881042,1272.748404,0,1,94.81982258,9,2,0,1300.484153
231.0848418,5.62773457,1300.484153,0,1,94.82349219,9,2,0,1256.827533
227.9070966,5.514648519,1256.827533,0,1,94.85443748,9,2,0,1261.915533
226.9986086,5.559133338,1261.915533,0,1,94.87327835,9,2,0,1301.482555
233.7638638,5.567509594,1301.482555,0,1,94.90933719,9,2,0,1276.50101
231.0395399,5.525032687,1276.50101,0,1,94.9447003,9,2,0,1260.801668
229.2898197,5.498725017,1260.801668,0,1,94.96068682,9,2,0,1275.097763
226.5376471,5.628635151,1275.097763,0,1,94.99770389,9,2,0,1246.081693
227.2604496,5.483055654,1246.081693,0,1,95.02078743,9,2,0,1321.882278
231.603336,5.707526932,1321.882278,0,1,95.03822536,9,2,0,1277.634735
229.4628213,5.56793788,1277.634735,0,1,95.04633237,9,2,0,1299.3471
231.3388038,5.616641388,1299.3471,0,1,95.05678311,9,2,0,1282.330093
232.1564162,5.523560856,1282.330093,0,1,95.0936763,9,2,0,1281.182279
231.2071194,5.541275211,1281.182279,0,1,95.11522908,9,2,0,1243.356603
226.6530202,5.485727049,1243.356603,0,1,95.13392373,9,2,0,1271.284336
229.8101997,5.531888216,1271.284336,0,1,95.166512,9,2,0,1270.940145
231.2602405,5.495714016,1270.940145,0,1,95.19587657,9,2,0,1257.380914
227.8706679,5.517958612,1257.380914,0,1,95.23322871,9,2,0,1319.544395
234.7304337,5.621530939,1319.544395,0,1,95.25113231,9,2,0,1294.59546
232.1165736,5.577350379,1294.59546,0,1,95.26483181,9,2,0,1257.372163
228.2965172,5.507627442,1257.372163,0,1,95.283961,9,2,0,1269.392517
227.9899936,5.567755397,1269.392517,0,1,95.30971335,9,2,0,1274.371911
226.7911559,5.619142889,1274.371911,0,1,95.34112837,9,2,0,1260.1541
228.1935888,5.522302826,1260.1541,0,1,95.33967262,9,2,0,1283.576194
233.1144038,5.506207135,1283.576194,0,1,95.3392341,9,2,0,1269.123597
229.9658278,5.51874863,1269.123597,0,1,95.36168841,9,2,0,1305.045408
232.1531264,5.621485389,1305.045408,0,1,95.36776096,9,2,0,1273.138141
229.6545134,5.543710515,1273.138141,0,1,95.39212797,9,2,0,1226.488235
226.1213091,5.424027658,1226.488235,0,1,95.4185529,9,2,0,1274.4629
225.6932403,5.64688113,1274.4629,0,1,95.43618526,9,2,0,1255.632227
225.6663349,5.56410963,1255.632227,0,1,95.46916956,9,2,0,1267.444572
228.6915967,5.542156295,1267.444572,0,1,95.47506106,9,2,0,1298.434332
233.854893,5.552307736,1298.434332,0,1,95.50190145,9,2,0,1262.70711
227.6197507,5.547440879,1262.70711,0,1,95.50627465,9,2,0,1272.23082
228.2490755,5.573870639,1272.23082,0,1,95.53356414,9,2,0,1268.764119
231.2047791,5.487620646,1268.764119,0,1,95.53959638,9,2,0,1271.516598
230.5084495,5.516138784,1271.516598,0,1,95.55137991,9,2,0,1257.205199
225.5293713,5.574463281,1257.205199,0,1,95.55047269,9,2,0,1287.758824
230.829893,5.578821736,1287.758824,0,1,95.55220045,9,2,0,1286.246196
230.3916367,5.582868434,1286.246196,0,1,95.57492419,10,2,0,1295.118038
229.383456,5.646083029,1295.118038,0,1,95.58570462,10,2,0,1274.616894
226.6257786,5.624324391,1274.616894,0,1,95.60545749,10,2,0,1255.961213
226.7862186,5.538084371,1255.961213,0,1,95.604877,10,2,0,1301.260386
231.0128029,5.632849651,1301.260386,0,1,95.62269513,10,2,0,1275.910909
226.843146,5.624639454,1275.910909,0,1,95.65103298,10,2,0,1305.033464
231.9133775,5.627245299,1305.033464,0,1,95.66568366,10,2,0,1266.967997
228.6094998,5.54206189,1266.967997,0,1,95.68089953,10,2,0,1296.260302
233.7179224,5.546259734,1296.260302,0,1,95.67853037,10,2,0,1266.372058
229.5660633,5.516373106,1266.372058,0,1,95.68579727,10,2,0,1276.945098
229.0053026,5.576050351,1276.945098,0,1,95.70075587,10,2,0,1256.730747
228.9420363,5.489296622,1256.730747,0,1,95.73043088,10,2,0,1264.227684
227.1103548,5.566578788,1264.227684,0,1,95.73774664,10,2,0,1290.172673
230.5622723,5.595766647,1290.172673,0,1,95.74854186,10,2,0,1269.611124
230.7329633,5.502512973,1269.611124,0,1,95.74884346,10,2,0,1283.349603
232.2119278,5.526630844,1283.349603,0,1,95.78184487,10,2,0,1319.230211
234.1900225,5.63316147,1319.230211,0,1,95.79258125,10,2,0,1299.650966
232.0251628,5.601336296,1299.650966,0,1,95.80349754,10,2,0,1283.783346
231.1583769,5.553695967,1283.783346,0,1,95.82247576,10,2,0,1230.192842
225.0406786,5.466535427,1230.192842,0,1,95.82904465,10,2,0,1292.223075
233.7009075,5.529388347,1292.223075,0,1,95.85885532,10,2,0,1286.160793
230.3839945,5.582682929,1286.160793,0,1,95.86356138,10,2,0,1257.13254
226.5118624,5.549963371,1257.13254,0,1,95.86463706,10,2,0,1266.505722
230.4021654,5.496934978,1266.505722,0,1,95.87741708,10,2,0,1263.63282
227.5246234,5.553828863,1263.63282,0,1,95.90152566,10,2,0,1261.809758
229.9923485,5.486311898,1261.809758,0,1,95.90446729,10,2,0,1271.022598
229.2424525,5.544446868,1271.022598,0,1,95.90388002,10,2,0,1267.898364
228.4616489,5.549720799,1267.898364,0,1,95.93291677,10,2,0,1270.274087
227.9152294,5.573449788,1270.274087,0,1,95.96446079,10,2,0,1263.798973
227.1816579,5.56294458,1263.798973,0,1,95.96353701,10,2,0,1264.572724
230.7021626,5.481408192,1264.572724,0,1,95.97142154,10,2,0,1288.241557
230.0323579,5.600262365,1288.241557,0,1,95.981658,10,2,0,1283.342666
231.0595425,5.554164318,1283.342666,0,1,96.00491747,10,2,0,1283.112366
230.5060675,5.566501482,1283.112366,0,1,96.00806914,10,2,0,1288.332929
231.0990328,5.574808831,1288.332929,0,1,96.04271671,10,2,0,1294.64709
231.0273355,5.603869718,1294.64709,0,1,96.04653437,10,2,0,1253.70072
226.535808,5.534227596,1253.70072,0,1,96.08291192,10,2,0,1258.727002
225.9392838,5.571085208,1258.727002,0,1,96.10792462,10,2,0,1276.412368
228.3714697,5.58919365,1276.412368,0,1,96.11626112,10,2,0,1235.254317
224.5037852,5.502153632,1235.254317,0,1,96.14850791,10,2,0,1261.291531
228.210497,5.526877806,1261.291531,0,1,96.16016614,10,2,0,1266.502456
228.7109303,5.537568553,1266.502456,0,1,96.18060717,10,2,0,1259.86106
227.8247748,5.52995635,1259.86106,0,1,96.18126981,10,2,0,1252.563168
229.8361209,5.449809905,1252.563168,0,1,96.19986345,10,2,0,1276.370797
231.2062654,5.520485332,1276.370797,0,1,96.23248568,10,2,0,1317.4524
235.5046602,5.594167006,1317.4524,0,1,96.25932425,10,2,0,1267.878251
231.1035156,5.486191968,1267.878251,0,1,96.29047782,10,2,0,1290.560778
231.9005317,5.565147988,1290.560778,0,1,96.29774895,10,2,0,1270.661059
229.5712528,5.534931065,1270.661059,0,1,96.32920769,10,2,0,1282.365999
229.1188166,5.596947551,1282.365999,0,1,96.32977786,10,2,0,1271.77946
227.5250136,5.589624806,1271.77946,0,1,96.3368176,10,2,0,1292.306839
231.6647252,5.57834965,1292.306839,0,1,96.3591702,10,2,0,1271.671377
228.7800957,5.558487826,1271.671377,0,1,96.35985605,10,2,0,1262.812596
229.181373,5.510101364,1262.812596,0,1,96.3755158,10,2,0,1267.056657
226.4697437,5.594816494,1267.056657,0,1,96.37982146,10,2,0,1284.44362
229.7977005,5.589453754,1284.44362,0,1,96.39677423,10,2,0,1273.705593
229.2415897,5.556171522,1273.705593,0,1,96.39905652,10,2,0,1273.081442
228.2110986,5.57852554,1273.081442,0,1,96.40267566,10,2,0,1249.990803
228.9253194,5.460255801,1249.990803,0,1,96.43031766,10,2,0,1267.873225
230.6473198,5.49702128,1267.873225,0,1,96.43899531,10,2,0,1304.439637
232.4690473,5.611240088,1304.439637,0,1,96.43839742,11,2,0,1282.438806
231.422479,5.54154813,1282.438806,0,1,96.45581333,11,2,0,1250.839722
227.3095009,5.502804403,1250.839722,0,1,96.47699867,11,2,0,1286.521114
231.4977317,5.55738108,1286.521114,0,1,96.47850717,11,2,0,1297.957717
231.4374019,5.608245278,1297.957717,0,1,96.48171854,11,2,0,1275.099544
229.6468843,5.552435635,1275.099544,0,1,96.50063098,11,2,0,1260.90349
225.2960756,5.596650925,1260.90349,0,1,96.51564158,11,2,0,1269.845288
230.3272065,5.513223153,1269.845288,0,1,96.55265902,11,2,0,1294.942307
229.9276541,5.631955459,1294.942307,0,1,96.56564417,11,2,0,1257.171912
229.3595564,5.481227519,1257.171912,0,1,96.59036536,11,2,0,1289.687779
229.9258722,5.609145967,1289.687779,0,1,96.62647706,11,2,0,1264.789636
227.5624353,5.557989542,1264.789636,0,1,96.62856836,11,2,0,1268.595158
229.1689286,5.535633323,1268.595158,0,1,96.66519034,11,2,0,1247.491339
226.3319758,5.511776826,1247.491339,0,1,96.66951964,11,2,0,1288.983604
230.7370882,5.586373712,1288.983604,0,1,96.69379625,11,2,0,1269.552703
229.0376297,5.542987431,1269.552703,0,1,96.7016691,11,2,0,1276.161196
228.3425874,5.58880063,1276.161196,0,1,96.70537286,11,2,0,1280.45375
230.0603761,5.565729188,1280.45375,0,1,96.72551382,11,2,0,1287.87103
229.8248485,5.603706643,1287.87103,0,1,96.75126929,11,2,0,1266.267057
228.1643555,5.549802266,1266.267057,0,1,96.75218574,11,2,0,1250.602589
225.7741469,5.539175347,1250.602589,0,1,96.78812727,11,2,0,1266.881586
229.808602,5.512768342,1266.881586,0,1,96.82476119,11,2,0,1294.323248
229.2019823,5.647085748,1294.323248,0,1,96.84253701,11,2,0,1267.130809
227.1785019,5.577688025,1267.130809,0,1,96.85256446,11,2,0,1289.15653
231.2994322,5.573539537,1289.15653,0,1,96.85369018,11,2,0,1315.965581
232.1772593,5.667934857,1315.965581,0,1,96.8841973,11,2,0,1255.177344
228.8064226,5.485760976,1255.177344,0,1,96.88565656,11,2,0,1274.354895
228.577248,5.57516072,1274.354895,0,1,96.89159499,11,2,0,1258.188749
226.6807201,5.550488582,1258.188749,0,1,96.92419496,11,2,0,1282.258474
227.9920054,5.624137879,1282.258474,0,1,96.95592951,11,2,0,1243.704342
226.1298272,5.499957069,1243.704342,0,1,96.98517984,11,2,0,1284.93049
229.5313461,5.598061056,1284.93049,0,1,97.00724765,11,2,0,1260.478437
228.9498214,5.505479016,1260.478437,0,1,97.01379017,11,2,0,1282.778344
231.9185898,5.531157919,1282.778344,0,1,97.03610704,11,2,0,1251.802253
226.4014838,5.529125655,1251.802253,0,1,97.06470153,11,2,0,1258.902472
228.2440347,5.515598573,1258.902472,0,1,97.1003485,11,2,0,1308.245089
230.9728211,5.664065074,1308.245089,0,1,97.13689135,11,2,0,1260.954765
230.2177753,5.477225916,1260.954765,0,1,97.14611478,11,2,0,1262.641409
226.4822681,5.575012205,1262.641409,0,1,97.18057479,11,2,0,1266.03824
225.6940638,5.609532741,1266.03824,0,1,97.202886,11,2,0,1262.457079
228.6311109,5.521807919,1262.457079,0,1,97.22209657,11,2,0,1272.068337
229.5746695,5.540978627,1272.068337,0,1,97.25342456,11,2,0,1261.581069
230.5114948,5.47296381,1261.581069,0,1,97.27263206,11,2,0,1262.104277
226.2539553,5.578263929,1262.104277,0,1,97.30568191,11,2,0,1297.706588
231.908072,5.59578016,1297.706588,0,1,97.33694438,11,2,0,1302.594517
231.2835426,5.632024236,1302.594517,0,1,97.35188187,11,2,0,1275.716021
233.0592142,5.473784958,1275.716021,0,1,97.36049959,11,2,0,1299.406172
233.717521,5.559729396,1299.406172,0,1,97.37109181,11,2,0,1254.959676
227.920964,5.506117796,1254.959676,0,1,97.38245724,11,2,0,1258.962838
227.0165878,5.545686553,1258.962838,0,1,97.41852587,11,2,0,1285.859125
230.6895691,5.573980349,1285.859125,0,1,97.45450943,11,2,0,1274.569655
227.4247478,5.604357779,1274.569655,0,1,97.47151606,11,2,0,1269.662462
228.8046932,5.54911022,1269.662462,0,1,97.48419895,11,2,0,1271.016088
227.5376992,5.585958248,1271.016088,0,1,97.4955927,11,2,0,1277.871272
232.1532842,5.504429009,1277.871272,0,1,97.52772017,11,2,0,1263.570794
228.7123097,5.524717037,1263.570794,0,1,97.56155993,11,2,0,1275.204926
229.6228695,5.553475263,1275.204926,0,1,97.59701032,11,2,0,1301.691783
233.1802074,5.582342504,1301.691783,0,1,97.60673634,11,2,0,1287.066321
230.6421566,5.580360242,1287.066321,0,1,97.6372487,11,2,0,1264.292576
228.8220933,5.525220743,1264.292576,0,1,97.67294645,11,2,0,1278.157584
228.9949642,5.581596908,1278.157584,0,1,97.6814528,12,2,0,1295.281145
231.1936147,5.602581829,1295.281145,0,1,97.67949555,12,2,0,1261.93225
226.1731079,5.579497323,1261.93225,0,1,97.7041108,12,2,0,1279.120321
232.8677941,5.492903497,1279.120321,0,1,97.73603427,12,2,0,1286.8749
230.3554747,5.586474129,1286.8749,0,1,97.77014652,12,2,0,1285.764386
232.4248085,5.531958461,1285.764386,0,1,97.79296145,12,2,0,1261.962766
227.5420537,5.546063885,1261.962766,0,1,97.82051274,12,2,0,1288.890091
232.1645013,5.551624315,1288.890091,0,1,97.83891137,12,2,0,1252.752108
229.4493272,5.459820359,1252.752108,0,1,97.86856252,12,2,0,1266.704946
226.0987091,5.602442184,1266.704946,0,1,97.8957081,12,2,0,1282.385764
231.6149901,5.536713162,1282.385764,0,1,97.89568619,12,2,0,1262.21291
229.6114267,5.497169407,1262.21291,0,1,97.92823052,12,2,0,1251.124083
227.4767069,5.500009648,1251.124083,0,1,97.94100966,12,2,0,1278.125308
227.8677257,5.609066855,1278.125308,0,1,97.95308308,12,2,0,1255.829586
227.5750011,5.518310797,1255.829586,0,1,97.96248304,12,2,0,1275.678936
229.9979581,5.546479397,1275.678936,0,1,97.99662807,12,2,0,1258.03773
228.079491,5.515786292,1258.03773,0,1,98.00655302,12,2,0,1259.273354
227.4838941,5.535659388,1259.273354,0,1,98.04265922,12,2,0,1303.290635
229.0718721,5.689439839,1303.290635,0,1,98.04136085,12,2,0,1287.859196
229.6205633,5.60864052,1287.859196,0,1,98.05154325,12,2,0,1277.709317
229.0189405,5.579055225,1277.709317,0,1,98.06219883,12,2,0,1255.758424
228.2862737,5.500805652,1255.758424,0,1,98.0782306,12,2,0,1281.986248
230.4869441,5.562077511,1281.986248,0,1,98.11532711,12,2,0,1282.307718
233.5687311,5.490065868,1282.307718,0,1,98.14233322,12,2,0,1279.374355
229.0209013,5.586277706,1279.374355,0,1,98.15992754,12,2,0,1252.959503
228.5685956,5.481765768,1252.959503,0,1,98.19360202,12,2,0,1277.658636
231.5546445,5.517741349,1277.658636,0,1,98.2079999,12,2,0,1259.97106
229.2054163,5.497126029,1259.97106,0,1,98.21293738,12,2,0,1261.268274
227.0044348,5.556139355,1261.268274,0,1,98.21170922,12,2,0,1263.077277
229.999688,5.491647783,1263.077277,0,1,98.21225998,12,2,0,1273.296818
227.1202208,5.606267964,1273.296818,0,1,98.22862323,12,2,0,1306.20688
231.385564,5.645152868,1306.20688,0,1,98.26321834,12,2,0,1279.794296
233.0302654,5.491966007,1279.794296,0,1,98.29726092,12,2,0,1275.958689
229.3355606,5.56371932,1275.958689,0,1,98.31724019,12,2,0,1261.527604
226.3826857,5.572544563,1261.527604,0,1,98.33652223,12,2,0,1244.876488
226.5328056,5.495347505,1244.876488,0,1,98.34576059,12,2,0,1299.706002
231.2199981,5.621079548,1299.706002,0,1,98.35899443,12,2,0,1280.675035
231.2506303,5.538039111,1280.675035,0,1,98.37808111,12,2,0,1258.592288
229.5555688,5.482734725,1258.592288,0,1,98.40716036,12,2,0,1297.246308
233.917175,5.545750575,1297.246308,0,1,98.41454505,12,2,0,1266.686491
227.9190915,5.557614688,1266.686491,0,1,98.42678331,12,2,0,1300.771103
228.5214439,5.692118347,1300.771103,0,1,98.46359467,12,2,0,1260.948971
229.4761059,5.494903125,1260.948971,0,1,98.4668601,12,2,0,1267.078806
227.6888266,5.564958216,1267.078806,0,1,98.47459125,12,2,0,1279.889069
228.917043,5.591060641,1279.889069,0,1,98.49602886,12,2,0,-5.350257502
229.139871,-0.023349308,-5.350257502,0,0,98.51267697,12,0,0,-3.876258811
230.5357787,-0.016814131,-3.876258811,0,0,98.53363865,12,0,0,21.95336327
227.7381177,0.096397404,21.95336327,0,0,98.55138312,12,0,0,31.41583922
230.4625702,0.136316449,31.41583922,0,0,98.57139076,12,0,0,-4.063095546
229.9363052,-0.017670526,-4.063095546,0,0,98.5922227,12,0,0,27.52390764
230.1632889,0.119584265,27.52390764,0,0,98.60655025,12,0,0,4.632805412
229.499905,0.020186524,4.632805412,0,0,98.65342576,12,0,0,8.498763849
229.393354,0.037048867,8.498763849,0,0,98.68946554,12,0,0,2994.374175
153.1355856,19.5537449,2994.374175,0,0,98.71334461,12,0,1,-2.837172268
228.9368743,-0.012392815,-2.837172268,0,0,98.75705058,12,0,0,12.03317539
228.229743,0.052723958,12.03317539,0,0,98.77045656,12,0,0,17.10237815
227.0538141,0.075323016,17.10237815,0,0,98.78098371,12,0,0,28.26963155
227.6212037,0.12419595,28.26963155,0,0,98.79679049,12,0,0,-0.041959827
232.4927129,-0.000180478,-0.041959827,0,0,98.82755968,12,0,0,19.72702213
230.1262769,0.085722597,19.72702213,0,0,98.8397103,12,0,0,5.164293542
230.6204757,0.02239304,5.164293542,0,0,98.86899218,13,0,0,19.80909009
232.0354218,0.085370975,19.80909009,0,0,98.88684908,13,0,0,16.48726302
235.22178,0.070092417,16.48726302,0,0,98.90649058,13,0,0,2.661199395
234.1539425,0.01136517,2.661199395,0,0,98.91852458,13,0,0,-13.46908295
233.073799,-0.057788919,-13.46908295,0,0,98.96664063,13,0,0,21.15990701
231.4289713,0.091431539,21.15990701,0,0,98.97667812,13,0,0,8.188183974
231.3487262,0.035393253,8.188183974,0,0,98.99696102,13,0,0,-5.601575511
233.3627683,-0.024003724,-5.601575511,0,0,99.03449926,13,0,0,6.728111036
231.766153,0.029029739,6.728111036,0,0,99.05863966,13,0,0,7.478364705
229.6218912,0.03256817,7.478364705,0,0,99.08910525,13,0,0,9.963630231
229.7544183,0.043366436,9.963630231,0,0,99.10408421,13,0,0,5.74374303
234.2519037,0.024519515,5.74374303,0,0,99.12766307,13,0,0,18.30052473
226.8946008,0.080656502,18.30052473,0,0,99.1712931,13,0,0,24.86796079
232.1172836,0.107135326,24.86796079,0,0,99.18774138,13,0,0,-2.842816843
229.0486051,-0.012411413,-2.842816843,0,0,99.2346675,13,0,0,19.7560358
230.5692475,0.085683742,19.7560358,0,0,99.26693656,13,0,0,18.8269411
229.7479773,0.081946058,18.8269411,0,0,99.28111451,13,0,0,0.998471213
229.1112734,0.004358019,0.998471213,0,0,99.31608254,13,0,0,29.8501441
228.9154756,0.130398104,29.8501441,0,0,99.34134538,13,0,0,-0.723386405
228.3980827,-0.003167218,-0.723386405,0,0,99.35695615,13,0,0,6.41629861
229.2190543,0.027991995,6.41629861,0,0,99.38202378,13,0,0,25.38116268
230.5089822,0.110109213,25.38116268,0,0,99.41602631,13,0,0,22.76145277
231.6561638,0.09825533,22.76145277,0,0,99.45666551,13,0,0,14.01685864
231.4296269,0.060566397,14.01685864,0,0,99.48284991,13,0,0,16.2539404
231.8891674,0.070093574,16.2539404,0,0,99.51746767,13,0,0,10.08221283
228.2581536,0.04417022,10.08221283,0,0,99.56282914,13,0,0,-14.29939907
230.0618611,-0.062154583,-14.29939907,0,0,99.57448713,13,0,0,12.5807632
233.9663768,0.053771672,12.5807632,0,0,99.58857086,13,0,0,12.57702921
228.796509,0.054970372,12.57702921,0,0,99.61472097,13,0,0,25.56206933
231.0522322,0.110633293,25.56206933,0,0,99.64076284,13,0,0,-8.4495931
229.2322934,-0.036860396,-8.4495931,0,0,99.67244554,13,0,0,0.912403947
231.919799,0.003934136,0.912403947,0,0,99.69221859,13,0,0,15.08297194
228.6368149,0.065969131,15.08297194,0,0,99.72594253,13,0,0,1.840404468
231.1978582,0.007960301,1.840404468,0,0,99.75357727,13,0,0,1.731025796
229.8759249,0.007530261,1.731025796,0,0,99.77201907,13,0,0,20.36213186
232.2389234,0.087677516,20.36213186,0,0,99.79209978,13,0,0,-4.642145169
230.748377,-0.02011778,-4.642145169,0,0,99.82591689,13,0,0,2.556000912
227.6245199,0.011229023,2.556000912,0,0,99.86031819,13,0,0,6.011339019
230.5385717,0.026075199,6.011339019,0,0,99.87638951,13,0,0,21.95324613
230.9700955,0.095048002,21.95324613,0,0,99.90216731,13,0,0,2.80176935
228.1009384,0.012283024,2.80176935,0,0,99.93529073,13,0,0,32.19558904
229.4566168,0.140312315,32.19558904,0,0,99.95338117,13,0,0,22.68721176
231.0509237,0.098191392,22.68721176,0,0,99.97189162,13,0,0,5.746147369
229.3089336,0.025058541,5.746147369,0,0,100,13,0,0,17.90569435
226.1699533,0.0791692,17.90569435,0,0,100,13,0,0,5.719693396
227.5777453,0.025132921,5.719693396,0,0,100,13,0,0,9.488685767
226.9553384,0.041808604,9.488685767,0,0,100,13,0,0,22.49068338
232.4173764,0.096768511,22.49068338,0,0,100,13,0,0,4.434152215
228.7753262,0.019382126,4.434152215,0,0,100,13,0,0,15.43412884
227.8308215,0.067743814,15.43412884,0,0,100,13,0,0,3.935832639
231.013522,0.017037239,3.935832639,0,0,100,13,0,0,24.58586774
231.2174342,0.10633224,24.58586774,0,0,100,13,0,0,5.770193763
229.7836606,0.025111419,5.770193763,0,0,100,13,0,0,8.720706117
231.5449265,0.037663128,8.720706117,0,0,100,13,0,0,10.67170626
230.6443072,0.046269108,10.67170626,0,0,100,13,0,0,8.431602089
233.2333885,0.036150922,8.431602089,0,0,100,13,0,0,7.734877506
229.5109657,0.03370156,7.734877506,0,0,100,13,0,0,6.180512516
226.7039222,0.027262486,6.180512516,0,0,100,13,0,0,22.61495778
231.2755592,0.097783604,22.61495778,0,0,100,13,0,0,10.74424406
230.3537348,0.04664237,10.74424406,0,0,100,13,0,0,21.1583436
230.0904133,0.09195665,21.1583436,0,0,100,14,0,0,24.70909096
230.6152836,0.107144204,24.70909096,0,0,100,14,0,0,-1139.19459
227.8389179,-5,-1139.19459,0,0,100,14,0,1,3.63716849
232.0900551,0.015671367,3.63716849,0,0,100,14,0,0,15.07696515
229.75274,0.06562257,15.07696515,0,0,100,14,0,0,13.7358269
230.4650564,0.059600475,13.7358269,0,0,100,14,0,0,19.52568511
227.6230228,0.0857808,19.52568511,0,0,100,14,0,0,24.56960115
229.441725,0.107084277,24.56960115,0,0,100,14,0,0,10.83877349
231.6106837,0.046797381,10.83877349,0,0,100,14,0,0,10.96745149
224.9887303,0.04874667,10.96745149,0,0,100,14,0,0,19.4917285
229.4521119,0.084949005,19.4917285,0,0,100,14,0,0,14.24537587
231.117868,0.061636844,14.24537587,0,0,100,14,0,0,5.765731239
233.3882096,0.024704467,5.765731239,0,0,100,14,0,0,8.716419182
230.4213842,0.03782817,8.716419182,0,0,100,14,0,0,31.81468881
230.8911399,0.13779086,31.81468881,0,0,100,14,0,0,-3.929221497
228.5993924,-0.017188241,-3.929221497,0,0,100,14,0,0,10.2801739
232.3652504,0.044241443,10.2801739,0,0,100,14,0,0,32.28125219
229.0253354,0.140950573,32.28125219,0,0,100,14,0,0,7.301269324
231.2447244,0.031573777,7.301269324,0,0,100,14,0,0,28.46119027
227.7267286,0.124979577,28.46119027,0,0,100,14,0,0,-23.25842559
229.9854573,-0.101129984,-23.25842559,0,0,100,14,0,0,39.46709618
230.5705265,0.171171471,39.46709618,0,0,100,14,0,0,272.016328
234.5295047,1.159838411,272.016328,1,0,100,14,1,0,112.0783671
228.667207,0.490137473,112.0783671,1,0,100,14,1,0,94.29247633
232.261204,0.405976008,94.29247633,1,0,100,14,1,0,101.5466726
224.7890695,0.451742039,101.5466726,1,0,100,14,1,0,97.54837323
230.1648538,0.423819587,97.54837323,1,0,100,14,1,0,104.3741415
227.2321363,0.459328259,104.3741415,1,0,100,14,1,0,116.4260343
233.0331134,0.499611547,116.4260343,1,0,100,14,1,0,109.9943546
229.3346157,0.479623864,109.9943546,1,0,100,14,1,0,105.6914248
226.3778535,0.466880586,105.6914248,1,0,100,14,1,0,89.83982622
232.6980601,0.386078965,89.83982622,1,0,100,14,1,0,103.5400068
230.1048821,0.449968753,103.5400068,1,0,100,14,1,0,109.0270107
227.7555984,0.478701782,109.0270107,1,0,100,14,1,0,112.1193277
231.2446224,0.484851611,112.1193277,1,0,100,14,1,0,105.3368726
230.8728442,0.456254927,105.3368726,1,0,100,14,1,0,95.05056549
231.0190649,0.411440353,95.05056549,1,0,100,14,1,0,115.3499528
225.9735695,0.510457719,115.3499528,1,0,100,14,1,0,96.31717993
228.4494173,0.421612719,96.31717993,1,0,100,14,1,0,3355.791053
151.4612805,22.15609852,3355.791053,1,0,100,14,1,1,116.3189237
228.4594182,0.509144795,116.3189237,1,0,100,14,1,0,87.29021607
227.5631807,0.383586729,87.29021607,1,0,100,14,1,0,106.0068139
226.9328474,0.467128559,106.0068139,1,0,100,14,1,0,91.75490871
232.8148658,0.394111039,91.75490871,1,0,100,14,1,0,102.8876665
227.3167793,0.452618002,102.8876665,1,0,100,14,1,0,98.65225242
230.3458308,0.428278871,98.65225242,1,0,100,14,1,0,98.05875188
229.4034319,0.427451111,98.05875188,1,0,100,14,1,0,85.2076595
229.5761545,0.371152046,85.2076595,1,0,100,14,1,0,104.9291286
229.2554557,0.457695231,104.9291286,1,0,100,14,1,0,107.473415
231.5307647,0.464186326,107.473415,1,0,100,14,1,0,118.2737275
227.1156616,0.520764295,118.2737275,1,0,100,14,1,0,88.67056093
231.9914342,0.382214806,88.67056093,1,0,100,14,1,0,97.17425724
230.5489955,0.421490699,97.17425724,1,0,100,14,1,0,101.8182997
226.7575326,0.449018379,101.8182997,1,0,100,14,1,0,102.7815358
232.3787563,0.442301773,102.7815358,1,0,100,14,1,0,104.68795
230.4364753,0.454302861,104.68795,1,0,100,14,1,0,98.90171879
224.8902324,0.439777743,98.90171879,1,0,100,14,1,0,90.17750172
226.3861524,0.398334884,90.17750172,1,0,100,14,1,0,122.0184362
231.4165617,0.527267519,122.0184362,1,0,100,14,1,0,89.56890654
229.4261241,0.390404131,89.56890654,1,0,100,14,1,0,88.75601021
227.0003942,0.390994961,88.75601021,1,0,100,15,1,0,104.967611
230.0081966,0.456364654,104.967611,1,0,100,15,1,0,92.22656412
229.5544073,0.401763422,92.22656412,1,0,100,15,1,0,110.6100751
229.8870572,0.481149641,110.6100751,1,0,100,15,1,0,107.5173341
228.0692542,0.471424061,107.5173341,1,0,100,15,1,0,123.0808212
231.0975185,0.532592569,123.0808212,1,0,100,15,1,0,128.1396278
230.0803024,0.556934368,128.1396278,1,0,100,15,1,0,87.62499629
230.5953677,0.379994608,87.62499629,1,0,100,15,1,0,113.3837603
230.3238352,0.492279751,113.3837603,1,0,100,15,1,0,82.25342206
229.4097534,0.358543701,82.25342206,1,0,100,15,1,0,105.0288854
227.7566068,0.461145285,105.0288854,1,0,100,15,1,0,99.06877423
229.6517788,0.431386923,99.06877423,1,0,100,15,1,0,89.14316216
230.3803586,0.386939072,89.14316216,1,0,100,15,1,0,121.8920682
226.4533552,0.538265676,121.8920682,1,0,100,15,1,0,108.6709566
230.3929038,0.471676665,108.6709566,1,0,100,15,1,0,105.3280101
231.5961608,0.454791693,105.3280101,1,0,100,15,1,0,122.5565888
229.8233285,0.533264354,122.5565888,1,0,100,15,1,0,125.2361752
229.8744697,0.544802454,125.2361752,1,0,100,15,1,0,116.9461163
229.1949963,0.510247249,116.9461163,1,0,100,15,1,0,114.566235
229.2231315,0.499802242,114.566235,1,0,100,15,1,0,106.9448776
233.5924953,0.457826684,106.9448776,1,0,100,15,1,0,108.0032114
231.1672633,0.467208072,108.0032114,1,0,100,15,1,0,99.61809546
230.452996,0.432270776,99.61809546,1,0,100,15,1,0,103.5282792
232.8663152,0.44458246,103.5282792,1,0,100,15,1,0,117.5973053
228.169088,0.51539543,117.5973053,1,0,100,15,1,0,109.2240321
230.0029499,0.474881005,109.2240321,1,0,100,15,1,0,93.77007548
230.0183194,0.40766351,93.77007548,1,0,100,15,1,0,108.816961
228.3198666,0.476598741,108.816961,1,0,100,15,1,0,3402.664128
229.1418618,14.84959623,3402.664128,1,1,100,15,3,0,1377.728267
231.8388703,5.942611198,1377.728267,1,1,100,15,3,0,1372.22301
234.071131,5.862418848,1372.22301,1,1,100,15,3,0,1343.573999
229.5730823,5.852489265,1343.573999,1,1,100,15,3,0,1372.12301
230.0471217,5.964530223,1372.12301,1,1,100,15,3,0,1385.291949
231.1912401,5.991974214,1385.291949,1,1,100,15,3,0,1343.78686
227.6387636,5.903154799,1343.78686,1,1,100,15,3,0,1368.686268
230.7285654,5.932019147,1368.686268,1,1,100,15,3,0,1340.514371
227.7956609,5.884723029,1340.514371,1,1,100,15,3,0,1356.341582
228.8199031,5.927550724,1356.341582,1,1,100,15,3,0,1373.417242
231.8831273,5.922885629,1373.417242,1,1,100,15,3,0,1393.267408
231.1020586,6.028797043,1393.267408,1,1,100,15,3,0,1366.768301
229.9024021,5.944993565,1366.768301,1,1,100,15,3,0,1327.42599
223.0975841,5.949979226,1327.42599,1,1,100,15,3,0,1376.953487
228.3484439,6.030054174,1376.953487,1,1,100,15,3,0,1361.545153
225.3221877,6.042659035,1361.545153,1,1,99.99871715,15,3,0,1351.172591
228.1571538,5.922113631,1351.172591,1,1,100,15,3,0,1365.738011
230.3124659,5.929935256,1365.738011,1,1,100,15,3,0,1363.383001
226.0508328,6.03131156,1363.383001,1,1,100,15,3,0,1361.31722
227.8879172,5.973626143,1361.31722,1,1,100,15,3,0,1360.557429
229.0744875,5.939366901,1360.557429,1,1,100,15,3,0,1366.740402
229.2288751,5.96233961,1366.740402,1,1,100,15,3,0,1353.585475
225.40264,6.00518909,1353.585475,1,1,100,15,3,0,1383.233884
227.8359928,6.071182464,1383.233884,1,1,100,15,3,0,1361.725898
230.5974614,5.905207672,1361.725898,1,1,100,15,3,0,1378.652995
232.2591049,5.935840474,1378.652995,1,1,100,15,3,0,1358.315515
227.8080615,5.962543669,1358.315515,1,1,100,15,3,0,1362.065785
228.1742763,5.969409907,1362.065785,1,1,100,15,3,0,1358.758873
225.6009929,6.022840841,1358.758873,1,1,100,15,3,0,2861.457326
162.3968658,17.62015118,2861.457326,1,1,100,15,3,1,1345.667897
229.375091,5.866669701,1345.667897,1,1,100,15,3,0,1392.091356
233.1922891,5.969714357,1392.091356,1,1,100,15,3,0,1363.77043
229.4818624,5.942824484,1363.77043,1,1,100,16,3,0,1352.768769
228.1730781,5.928695796,1352.768769,1,1,100,16,3,0,1362.820025
231.1735734,5.895224119,1362.820025,1,1,100,16,3,0,1341.156674
225.3886938,5.950416814,1341.156674,1,1,100,16,3,0,1389.213143
233.2054311,5.957035979,1389.213143,1,1,100,16,3,0,1365.093797
229.0741589,5.959178477,1365.093797,1,1,99.99694712,16,3,0,1364.466869
227.8397706,5.988712443,1364.466869,1,1,100,16,3,0,1373.063572
232.3781502,5.908746458,1373.063572,1,1,100,16,3,0,1398.295352
231.0554602,6.051773679,1398.295352,1,1,100,16,3,0,1372.756991
231.5880286,5.927581832,1372.756991,1,1,100,16,3,0,1364.061277
231.1071727,5.902288798,1364.061277,1,1,100,16,3,0,1375.033389
230.9078349,5.954901399,1375.033389,1,1,100,16,3,0,1373.604337
227.971402,6.025336182,1373.604337,1,1,100,16,3,0,1382.481657
230.3335727,6.002084895,1382.481657,1,1,100,16,3,0,1365.538424
227.6571892,5.998222278,1365.538424,1,1,100,16,3,0,1374.663816
229.6544271,5.985792797,1374.663816,1,1,100,16,3,0,1352.298114
229.5114249,5.892073193,1352.298114,1,1,100,16,3,0,1366.506091
226.9185059,6.022012555,1366.506091,1,1,100,16,3,0,1361.462946
228.7696526,5.951239293,1361.462946,1,1,100,16,3,0,1370.484564
230.0176317,5.958171785,1370.484564,1,1,100,16,3,0,1387.451841
230.5818367,6.017177504,1387.451841,1,1,100,16,3,0,1323.739842
227.7371593,5.812577298,1323.739842,1,1,100,16,3,0,1350.722694
228.3262292,5.9157579,1350.722694,1,1,100,16,3,0,1377.932392
230.1952588,5.985928641,1377.932392,1,1,100,16,3,0,1341.867086
226.0282199,5.936723684,1341.867086,1,1,100,16,3,0,1382.029271
231.7694633,5.962948057,1382.029271,1,1,100,16,3,0,1362.975062
227.8705491,5.981356816,1362.975062,1,1,100,16,3,0,1384.603075
233.2671962,5.935695621,1384.603075,1,1,100,16,3,0,-1137.455578
227.4911156,-5,-1137.455578,1,1,100,16,3,1,1367.38883
229.2027829,5.965847415,1367.38883,1,1,100,16,3,0,1339.008561
229.0414857,5.846139868,1339.008561,1,1,100,16,3,0,1335.007792
227.4338345,5.869873299,1335.007792,1,1,100,16,3,0,1343.76336
227.5388549,5.905643503,1343.76336,1,1,100,16,3,0,1358.872385
228.6375334,5.943347819,1358.872385,1,1,100,16,3,0,1385.097855
232.0128978,5.969917483,1385.097855,1,1,100,16,3,0,1354.29393
227.4008891,5.955534894,1354.29393,1,1,100,16,3,0,1328.079411
227.6145364,5.834774142,1328.079411,1,1,100,16,3,0,1374.413465
227.7073754,6.035875924,1374.413465,1,1,100,16,3,0,1362.014025
227.7477166,5.980363032,1362.014025,1,1,100,16,3,0,1325.435793
226.9387216,5.840500838,1325.435793,1,1,100,16,3,0,1365.117348
229.8221475,5.939885961,1365.117348,1,1,100,16,3,0,1359.487402
229.6595227,5.919577757,1359.487402,1,1,100,16,3,0,1366.142746
230.197291,5.934660396,1366.142746,1,1,100,16,3,0,1339.250205
226.4846944,5.913204017,1339.250205,1,1,100,16,3,0,1342.640043
227.6860837,5.896891111,1342.640043,1,1,100,16,3,0,1347.643716
226.4693903,5.950666068,1347.643716,1,1,100,16,3,0,1378.745462
230.8740975,5.971849926,1378.745462,1,1,100,16,3,0,1363.487151
228.5951601,5.964637002,1363.487151,1,1,100,16,3,0,1363.522866
229.4807823,5.94177365,1363.522866,1,1,100,16,3,0,1368.839494
230.7034209,5.933329852,1368.839494,1,1,100,16,3,0,1366.996067
229.8485931,5.947376265,1366.996067,1,1,100,16,3,0,1361.737715
228.5278056,5.958739734,1361.737715,1,1,99.99958585,16,3,0,1370.592305
232.8793385,5.885418234,1370.592305,1,1,100,16,3,0,1389.594403
230.0606593,6.040121796,1389.594403,1,1,100,16,3,0,1361.190456
230.3626604,5.908902307,1361.190456,1,1,100,16,3,0,1384.812482
231.1014882,5.992226587,1384.812482,1,1,100,16,3,0,1402.16632
230.8187409,6.074750752,1402.16632,1,1,100,16,3,0,1381.68521
230.4478698,5.995651908,1381.68521,1,1,100,16,3,0,1390.968391
228.2682805,6.093568446,1390.968391,1,1,100,16,3,0,1380.725009
230.2201992,5.997410366,1380.725009,1,1,99.99887187,16,3,0,1375.545166
230.850609,5.958594487,1375.545166,1,1,100,17,3,0,1377.775432
230.8599188,5.968014887,1377.775432,1,1,100,17,3,0,1347.761408
227.5470668,5.923000579,1347.761408,1,1,100,17,3,0,1390.574457
233.0870358,5.965902189,1390.574457,1,1,99.99916605,17,3,0,1345.648218
227.9926502,5.902156128,1345.648218,1,1,100,17,3,0,1382.794001
230.8222908,5.990729907,1382.794001,1,1,100,17,3,0,1371.064016
232.1062263,5.907054014,1371.064016,1,1,99.99934797,17,3,0,1360.582205
230.0962466,5.913100386,1360.582205,1,1,100,17,3,0,1361.147218
228.8963752,5.946565196,1361.147218,1,1,100,17,3,0,1379.204395
229.030629,6.021921177,1379.204395,1,1,100,17,3,0,1364.918878
228.9026944,5.962878165,1364.918878,1,1,100,17,3,0,1258.381641
228.5724203,5.50539579,1258.381641,0,1,100,17,2,0,1276.051947
230.2750097,5.541426091,1276.051947,0,1,100,17,2,0,1272.655923
230.690088,5.516734307,1272.655923,0,1,100,17,2,0,1257.654129
230.3665772,5.459360227,1257.654129,0,1,100,17,2,0,1271.066187
227.1875979,5.594786858,1271.066187,0,1,100,17,2,0,1265.938827
229.338284,5.519962933,1265.938827,0,1,99.99920658,17,2,0,1265.662847
228.7143618,5.533814479,1265.662847,0,1,100,17,2,0,1258.652194
229.5048177,5.484208159,1258.652194,0,1,100,17,2,0,1279.763259
230.4787351,5.552630522,1279.763259,0,1,100,17,2,0,1273.007249
229.4400485,5.548321913,1273.007249,0,1,100,17,2,0,1276.358511
229.5551083,5.560139877,1276.358511,0,1,100,17,2,0,1286.77642
230.364446,5.585829073,1286.77642,0,1,100,17,2,0,1261.586271
229.4737769,5.497736114,1261.586271,0,1,100,17,2,0,1255.474509
226.5985073,5.540524181,1255.474509,0,1,100,17,2,0,1279.255641
228.5965542,5.596128277,1279.255641,0,1,100,17,2,0,1276.472036
229.1732191,5.569900536,1276.472036,0,1,100,17,2,0,1279.996184
230.2019294,5.560319096,1279.996184,0,1,100,17,2,0,1510.053507
229.5045248,6.57962412,1510.053507,1,1,100,17,3,0,1375.717329
233.3023125,5.896715356,1375.717329,1,1,100,17,3,0,1356.196058
229.1770653,5.917677916,1356.196058,1,1,100,17,3,0,1380.317343
230.4111456,5.990670889,1380.317343,1,1,100,17,3,0,1383.429677
233.0977531,5.934976459,1383.429677,1,1,100,17,3,0,1339.931767
228.9873227,5.851554361,1339.931767,1,1,100,17,3,0,1384.406018
228.4786449,6.059235947,1384.406018,1,1,100,17,3,0,1355.981136
228.0517099,5.945937162,1355.981136,1,1,100,17,3,0,1357.16249
229.0892306,5.924165382,1357.16249,1,1,100,17,3,0,1370.316643
230.925126,5.934030077,1370.316643,1,1,100,17,3,0,1358.626351
228.4786696,5.946403459,1358.626351,1,1,100,17,3,0,1352.851231
227.6537934,5.942581545,1352.851231,1,1,99.99661789,17,3,0,1378.786175
227.259476,6.067012912,1378.786175,1,1,100,17,3,0,1367.77294
228.9324866,5.97456901,1367.77294,1,1,100,17,3,0,1346.902405
231.1670339,5.826533234,1346.902405,1,1,100,17,3,0,1341.797456
228.4192915,5.874273784,1341.797456,1,1,100,17,3,0,1362.454967
230.4787752,5.911411868,1362.454967,1,1,100,17,3,0,1373.07544
234.2654817,5.861194018,1373.07544,1,1,100,17,3,0,1364.138769
227.6146451,5.993194191,1364.138769,1,1,100,17,3,0,1343.190542
229.4092921,5.854996234,1343.190542,1,1,100,17,3,0,1388.494682
231.3761414,6.001027908,1388.494682,1,1,99.99631945,17,3,0,1360.090664
228.8839757,5.942271231,1360.090664,1,1,100,17,3,0,1331.497624
226.0812682,5.889464592,1331.497624,1,1,100,17,3,0,1344.634964
227.6703574,5.906060758,1344.634964,1,1,100,17,3,0,1372.26224
228.6854733,6.0006533,1372.26224,1,1,100,17,3,0,1383.713787
229.8463412,6.020168865,1383.713787,1,1,100,17,3,0,1383.137264
231.9401264,5.963337544,1383.137264,1,1,100,17,3,0,1332.990134
224.6594215,5.933381849,1332.990134,1,1,100,17,3,0,1354.791421
229.674275,5.898751272,1354.791421,1,1,100,17,3,0,1366.215918
227.5329357,6.004475411,1366.215918,1,1,100,17,3,0,1372.982312
231.1649554,5.939405086,1372.982312,1,1,100,17,3,0,1390.300875
231.5454682,6.004440019,1390.300875,1,1,100,17,3,0,1378.633763
229.5439181,6.005969463,1378.633763,1,1,99.98621366,18,3,0,1377.182268
231.7740611,5.941917149,1377.182268,1,1,99.97244184,18,3,0,1365.013617
229.1807695,5.956056523,1365.013617,1,1,99.9587917,18,3,0,1368.219986
230.8697529,5.926371768,1368.219986,1,1,99.9451095,18,3,0,1369.446572
231.8190783,5.907393742,1369.446572,1,1,99.93141504,18,3,0,1362.018293
229.4490081,5.93603914,1362.018293,1,1,99.91779486,18,3,0,1337.60776
227.3393821,5.883748553,1337.60776,1,1,99.90441878,18,3,0,1366.870434
231.6953786,5.899428995,1366.870434,1,1,99.89075007,18,3,0,1350.480967
230.3241331,5.863393248,1350.480967,1,1,99.87724526,18,3,0,1376.083359
229.6640887,5.991721938,1376.083359,1,1,99.86348443,18,3,0,1376.629651
228.7857665,6.017112304,1376.629651,1,1,99.84971813,18,3,0,1361.589079
229.3981442,5.935484281,1361.589079,1,1,99.83610224,18,3,0,1363.879799
231.1527391,5.900340202,1363.879799,1,1,99.82246344,18,3,0,1347.975723
228.9753226,5.886991261,1347.975723,1,1,99.80898369,18,3,0,1375.974263
231.6639668,5.93952647,1375.974263,1,1,99.79522394,18,3,0,1350.044963
227.5611158,5.932669815,1350.044963,1,1,99.7817235,18,3,0,1362.434994
229.1805265,5.944811347,1362.434994,1,1,99.76809915,18,3,0,1352.595212
230.1723779,5.876444533,1352.595212,1,1,99.75457319,18,3,0,1338.746367
225.9097851,5.926022045,1338.746367,1,1,99.74118573,18,3,0,1361.842139
226.505334,6.012406484,1361.842139,1,1,99.72756731,18,3,0,1350.109924
228.759902,5.901864407,1350.109924,1,1,99.71406621,18,3,0,1362.006071
230.2599551,5.915080068,1362.006071,1,1,99.70044615,18,3,0,1337.52245
227.617745,5.876178284,1337.52245,1,1,99.68707092,18,3,0,1363.649945
228.5089369,5.967600058,1363.649945,1,1,99.67343442,18,3,0,1361.019778
229.8438114,5.921498471,1361.019778,1,1,99.65982423,18,3,0,1351.453696
229.2338926,5.895523042,1351.453696,1,1,99.64630969,18,3,0,1375.127874
230.5668235,5.964118572,1375.127874,1,1,99.63255841,18,3,0,1355.382855
228.4141184,5.933883878,1355.382855,1,1,99.61900458,18,3,0,1345.043257
228.4168212,5.888547305,1345.043257,1,1,99.60555415,18,3,0,1337.876887
225.5556024,5.931472649,1337.876887,1,1,99.59217538,18,3,0,1364.109315
231.5140728,5.892122664,1364.109315,1,1,99.57853429,18,3,0,1376.748434
231.8554526,5.937960132,1376.748434,1,1,99.5647668,18,3,0,1362.977916
229.3633363,5.942440228,1362.977916,1,1,99.55113702,18,3,0,1367.362068
228.4738216,5.984764723,1367.362068,1,1,99.5374634,18,3,0,1372.943343
230.1972256,5.964204559,1372.943343,1,1,99.52373397,18,3,0,1260.312896
230.2083968,5.474660845,1260.312896,0,1,99.51113084,18,2,0,1259.447598
229.2132397,5.494654672,1259.447598,0,1,99.49853636,18,2,0,1281.710976
227.8483381,5.625281215,1281.710976,0,1,99.48571926,18,2,0,1267.487252
227.793313,5.564198685,1267.487252,0,1,99.47304438,18,2,0,1274.166262
228.6534589,5.57247753,1274.166262,0,1,99.46030272,18,2,0,1284.0668
229.5788265,5.593141229,1284.0668,0,1,99.44746205,18,2,0,1476.906295
224.8339598,6.568875522,1476.906295,1,1,99.43269299,18,3,0,1381.053139
232.8231952,5.931767829,1381.053139,1,1,99.41888246,18,3,0,1339.553331
228.6032666,5.859729613,1339.553331,1,1,99.40548692,18,3,0,1373.56277
230.4012651,5.961611232,1373.56277,1,1,99.3917513,18,3,0,1387.31998
234.0781657,5.926738088,1387.31998,1,1,99.3778781,18,3,0,1385.362541
230.8592408,6.000897066,1385.362541,1,1,99.36402447,18,3,0,1368.914005
230.2247474,5.945989824,1368.914005,1,1,99.35033533,18,3,0,1357.897333
226.6951065,5.98997197,1357.897333,1,1,99.33675636,18,3,0,1370.240581
229.7178272,5.964885695,1370.240581,1,1,99.32305395,18,3,0,1362.982942
229.8413792,5.930102522,1362.982942,1,1,99.30942412,18,3,0,-1136.3633
227.27266,-5,-1136.3633,1,1,99.2959508,18,3,1,1355.707489
227.6736035,5.95460988,1355.707489,1,1,99.28239372,18,3,0,1350.769535
230.235575,5.86690191,1350.769535,1,1,99.26888603,18,3,0,1357.976892
230.311084,5.896272415,1357.976892,1,1,99.25530626,18,3,0,1338.222597
225.3986142,5.937137642,1338.222597,1,1,99.24192403,18,3,0,1381.175822
229.6683498,6.01378389,1381.175822,1,1,99.22811228,18,3,0,1365.995
228.6368193,5.974518909,1365.995,1,1,99.21445233,18,3,0,1355.400077
228.8477762,5.922714651,1355.400077,1,1,99.20089832,18,3,0,1386.128161
231.4328909,5.989330883,1386.128161,1,1,99.18703704,18,3,0,1365.092244
229.1794861,5.956432956,1365.092244,1,1,99.17338612,19,3,0,1361.241748
229.762168,5.924568694,1361.241748,1,1,99.1597737,19,3,0,1380.990107
231.658695,5.961313506,1380.990107,1,1,99.1459638,19,3,0,1359.494481
227.8913309,5.965538379,1359.494481,1,1,99.13236886,19,3,0,1363.720729
228.3403035,5.97231723,1363.720729,1,1,99.11873165,19,3,0,1337.628366
227.7324266,5.873684243,1337.628366,1,1,99.10535537,19,3,0,1351.517935
229.4257285,5.890873458,1351.517935,1,1,99.09184019,19,3,0,1378.261176
233.6093379,5.899854811,1378.261176,1,1,99.07805758,19,3,0,1361.490218
228.2870727,5.963939185,1361.490218,1,1,99.06444267,19,3,0,1351.623954
229.1685118,5.897947948,1351.623954,1,1,99.05092643,19,3,0,1327.978882
225.379858,5.892180844,1327.978882,1,1,99.03764664,19,3,0,1362.749121
228.7631418,5.957030972,1362.749121,1,1,99.02401915,19,3,0,1335.111949
225.6243556,5.917410582,1335.111949,1,1,99.01066803,19,3,0,1386.465291
229.7306351,6.035178073,1386.465291,1,1,98.99680338,19,3,0,1341.529536
226.9397342,5.911391149,1341.529536,1,1,98.98338809,19,3,0,1361.614059
228.6550184,5.954883773,1361.614059,1,1,98.96977195,19,3,0,1367.89492
230.436109,5.936113597,1367.89492,1,1,98.956093,19,3,0,1353.830657
227.9487351,5.939189162,1353.830657,1,1,98.94255469,19,3,0,1374.731942
231.2865923,5.943846239,1374.731942,1,1,98.92880737,19,3,0,1371.170432
227.6634626,6.022795298,1371.170432,1,1,98.91509567,19,3,0,1357.964456
229.7977238,5.909390372,1357.964456,1,1,98.90151602,19,3,0,1393.088724
232.9499641,5.980205792,1393.088724,1,1,98.88758513,19,3,0,1365.969541
227.838799,5.995333313,1365.969541,1,1,98.87392544,19,3,0,1368.128825
232.2874794,5.889808734,1368.128825,1,1,98.86024415,19,3,0,1350.845442
227.0698599,5.949030149,1350.845442,1,1,98.8467357,19,3,0,1372.197554
229.8629737,5.969632831,1372.197554,1,1,98.83301372,19,3,0,1360.758298
228.9044695,5.944655867,1360.758298,1,1,98.81940614,19,3,0,1374.285342
230.3939537,5.964936667,1374.285342,1,1,98.80566328,19,3,0,1345.881438
227.9032998,5.905493423,1345.881438,1,1,98.79220447,19,3,0,1362.75317
229.4719093,5.938649199,1362.75317,1,1,98.77857694,19,3,0,1385.003705
231.3680256,5.986149991,1385.003705,1,1,98.7647269,19,3,0,1387.12697
230.7844761,6.010486467,1387.12697,1,1,98.75085563,19,3,0,1359.680711
230.4618313,5.899808674,1359.680711,1,1,98.73725882,19,3,0,1370.149248
232.6210715,5.890047875,1370.149248,1,1,98.72355733,19,3,0,1370.841088
229.8522525,5.964009808,1370.841088,1,1,98.70984892,19,3,0,1393.819951
233.0981604,5.979540762,1393.819951,1,1,98.69591072,19,3,0,1375.797304
228.5238518,6.020366333,1375.797304,1,1,98.68215275,19,3,0,1370.920143
231.3725087,5.92516436,1370.920143,1,1,98.66844355,19,3,0,1353.507348
228.7181622,5.917795661,1353.507348,1,1,98.65490847,19,3,0,1359.238954
227.2924852,5.980131516,1359.238954,1,1,98.64131608,19,3,0,1382.194432
233.5094557,5.919222531,1382.194432,1,1,98.62749414,19,3,0,1353.50021
229.4207663,5.899641222,1353.50021,1,1,98.61395914,19,3,0,1389.910722
229.4136199,6.058536204,1389.910722,1,1,98.60006003,19,3,0,1347.645037
225.3946964,5.97904502,1347.645037,1,1,98.58658358,19,3,0,1378.85083
232.2660513,5.93651471,1378.85083,1,1,98.57279507,19,3,0,1373.699348
230.085896,5.970376161,1373.699348,1,1,98.55905808,19,3,0,1397.766605
234.8652315,5.951356001,1397.766605,1,1,98.54508041,19,3,0,1370.046109
228.5729624,5.993911506,1370.046109,1,1,98.53137995,19,3,0,-1151.133709
230.2267418,-5,-1151.133709,0,1,98.51855211,19,2,1,1272.733289
227.1594588,5.60281881,1272.733289,0,1,98.50582477,19,2,0,1278.310125
229.4684822,5.5707438,1278.310125,0,1,98.49304167,19,2,0,1268.773003
228.9750141,5.541098044,1268.773003,0,1,98.48035394,19,2,0,1296.02669
230.0079224,5.634704563,1296.02669,0,1,98.46739368,19,2,0,1294.901589
231.5632463,5.591999635,1294.901589,0,1,98.45444466,19,2,0,1305.179116
232.270469,5.619221081,1305.179116,0,1,98.44139287,19,2,0,1268.34516
229.7256144,5.521130775,1268.34516,0,1,98.42870942,19,2,0,1286.648549
231.6221757,5.55494544,1286.648549,0,1,98.41584293,19,2,0,1298.843959
230.708622,5.629802423,1298.843959,0,1,98.40285449,19,2,0,1275.400997
229.5165892,5.556901142,1275.400997,0,1,98.39010048,19,2,0,1305.868989
232.3318913,5.620704854,1305.868989,0,1,98.37704179,19,2,0,1252.503492
228.0385464,5.49250779,1252.503492,0,1,98.36451676,20,2,0,1299.986401
228.7757388,5.682361282,1299.986401,0,1,98.35151689,20,2,0,1267.405057
228.7245645,5.541184697,1267.405057,0,1,98.33884284,20,2,0,1277.291611
229.061415,5.576197157,1277.291611,0,1,98.32606993,20,2,0,1263.262119
227.6922781,5.548111377,1263.262119,0,1,98.31343731,20,2,0,1308.828899
228.2705708,5.733673399,1308.828899,0,1,98.30034902,20,2,0,1280.356922
227.7647806,5.621399933,1280.356922,0,1,98.28754545,20,2,0,1267.282458
228.3941109,5.548665211,1267.282458,0,1,98.27487262,20,2,0,1262.579956
229.1572813,5.509665451,1262.579956,0,1,98.26224682,20,2,0,1291.574189
231.449298,5.580376352,1291.574189,0,1,98.24933108,20,2,0,1275.402586
231.5020446,5.50924977,1275.402586,0,1,98.23657706,20,2,0,1263.993983
227.896955,5.546339936,1263.993983,0,1,98.22393712,20,2,0,1286.83023
231.9120015,5.548786703,1286.83023,0,1,98.21106881,20,2,0,1263.069065
228.0589856,5.538343781,1263.069065,0,1,98.19843812,20,2,0,1270.662183
229.7242784,5.531248991,1270.662183,0,1,98.1857315,20,2,0,1285.597118
231.1931972,5.560704786,1285.597118,0,1,98.17287553,20,2,0,1249.417933
228.1668222,5.475896632,1249.417933,0,1,98.16038135,20,2,0,1245.878039
226.4145209,5.502641941,1245.878039,0,1,98.14792257,20,2,0,1296.793798
231.5249331,5.601097821,1296.793798,0,1,98.13495463,20,2,0,1267.887454
229.763786,5.518221458,1267.887454,0,1,98.12227576,20,2,0,1270.569651
231.613587,5.485730208,1270.569651,0,1,98.10957006,20,2,0,1286.232036
230.9414994,5.569514529,1286.232036,0,1,98.09670774,20,2,0,1264.920259
230.1856002,5.495218891,1264.920259,0,1,98.08405854,20,2,0,1257.942173
226.9304575,5.54329369,1257.942173,0,1,98.07147912,20,2,0,1292.253315
231.7749701,5.575465351,1292.253315,0,1,98.05855658,20,2,0,1280.661357
231.0174446,5.54356992,1280.661357,0,1,98.04574997,20,2,0,1240.330147
227.2017902,5.459156577,1240.330147,0,1,98.03334667,20,2,0,1269.181482
229.429198,5.53190916,1269.181482,0,1,98.02065485,20,2,0,1291.744648
232.1851161,5.563425728,1291.744648,0,1,98.00773741,20,2,0,1265.478742
229.6167685,5.511264487,1265.478742,0,1,97.99508262,20,2,0,1294.903084
230.4777445,5.618343269,1294.903084,0,1,97.98213359,20,2,0,1284.893018
230.5063288,5.574220129,1284.893018,0,1,97.96928466,20,2,0,1273.457555
229.5806261,5.546885976,1273.457555,0,1,97.95655008,20,2,0,1289.036479
234.1174183,5.505940089,1289.036479,0,1,97.94365972,20,2,0,1282.252398
228.7598276,5.605234152,1282.252398,0,1,97.93083719,20,2,0,1276.826889
230.4961478,5.539471706,1276.826889,0,1,97.91806893,20,2,0,1262.394561
230.2310215,5.48316449,1262.394561,0,1,97.90544498,20,2,0,1250.522471
227.8741282,5.487777313,1250.522471,0,1,97.89293976,20,2,0,1265.178781
229.34633,5.516455316,1265.178781,0,1,97.88028797,20,2,0,1286.359533
230.0125456,5.592562481,1286.359533,0,1,97.86742437,20,2,0,1253.310724
226.0859539,5.543514324,1253.310724,0,1,97.85489126,20,2,0,1281.715493
231.0297224,5.547838083,1281.715493,0,1,97.84207411,20,2,0,1278.909531
231.1105704,5.53375611,1278.909531,0,1,97.82928501,20,2,0,1283.137888
231.8579649,5.534154882,1283.137888,0,1,97.81645364,20,2,0,1293.114326
229.7787022,5.627650926,1293.114326,0,1,97.80352249,20,2,0,1286.437165
230.440155,5.582521696,1286.437165,0,1,97.79065812,20,2,0,1271.665317
231.3984919,5.495564413,1271.665317,0,1,97.77794147,20,2,0,1274.950519
230.7511085,5.525219479,1274.950519,0,1,97.76519196,20,2,0,1265.13025
229.615971,5.509765912,1265.13025,0,1,97.75254066,20,2,0,1261.367383
229.8197074,5.48850835,1261.367383,0,1,97.73992699,20,2,0,1281.880632
228.922237,5.599633522,1281.880632,0,1,97.72710818,20,2,0,1256.994948
226.51797,5.549206309,1256.994948,0,1,97.71453823,20,2,0,-1140.970993
228.1941987,-5,-1140.970993,0,1,97.70170203,20,2,1,1260.423335
229.3285787,5.496145931,1260.423335,0,1,97.6890978,20,2,0,1279.194207
233.7834917,5.471704601,1279.194207,0,1,97.67630585,20,2,0,1254.181185
229.1649077,5.472832633,1254.181185,0,1,97.66376404,20,2,0,1269.812273
231.718119,5.479986971,1269.812273,0,1,97.65106592,20,2,0,1303.635164
229.6264517,5.677199446,1303.635164,0,1,97.63802957,20,2,0,1278.405839
229.2901625,5.575493625,1278.405839,0,1,97.62524551,20,2,0,1272.762443
227.1520948,5.603128797,1272.762443,0,1,97.61251788,20,2,0,1262.350244
226.4480677,5.574568407,1262.350244,0,1,97.59989438,21,2,0,1263.280723
229.0716061,5.514785284,1263.280723,0,1,97.58726157,21,2,0,1279.01064
229.9605603,5.561869559,1279.01064,0,1,97.57447147,21,2,0,1271.803143
232.4437156,5.47144559,1271.803143,0,1,97.56175344,21,2,0,1275.884424
227.1435822,5.617083309,1275.884424,0,1,97.54899459,21,2,0,1250.466372
226.2817583,5.526147496,1250.466372,0,1,97.53648993,21,2,0,1301.088632
232.7293369,5.590565632,1301.088632,0,1,97.52347904,21,2,0,1251.381507
224.8562744,5.565250562,1251.381507,0,1,97.51096523,21,2,0,1266.411585
231.0218683,5.481782286,1266.411585,0,1,97.49830111,21,2,0,1273.77155
231.1608748,5.510325011,1273.77155,0,1,97.4855634,21,2,0,1266.815503
223.9992767,5.655444613,1266.815503,0,1,97.47289524,21,2,0,1269.39524
230.9660491,5.49602526,1269.39524,0,1,97.46020129,21,2,0,1282.645359
229.7433565,5.582948636,1282.645359,0,1,97.44737484,21,2,0,1245.215442
228.2304235,5.455957284,1245.215442,0,1,97.43492268,21,2,0,1260.945161
223.6896888,5.637028542,1260.945161,0,1,97.42231323,21,2,0,1274.690004
228.8150991,5.570829936,1274.690004,0,1,97.40956633,21,2,0,1268.836612
227.4343047,5.578914814,1268.836612,0,1,97.39687796,21,2,0,1257.95013
226.0940943,5.563834536,1257.95013,0,1,97.38429846,21,2,0,1271.207932
227.9208289,5.577410096,1271.207932,0,1,97.37158638,21,2,0,1277.660099
228.3384012,5.595467483,1277.660099,0,1,97.35880978,21,2,0,1282.868664
230.0425696,5.576657686,1282.868664,0,1,97.34598109,21,2,0,1244.254992
224.0962006,5.552325244,1244.254992,0,1,97.33353854,21,2,0,1282.597016
230.8025897,5.557117091,1282.597016,0,1,97.32071257,21,2,0,1276.566721
228.4917138,5.586927857,1276.566721,0,1,97.30794691,21,2,0,1250.431968
225.2719214,5.550767092,1250.431968,0,1,97.29544259,21,2,0,1284.383666
228.2911177,5.626078136,1284.383666,0,1,97.28259875,21,2,0,1270.41584
228.4459263,5.56112276,1270.41584,0,1,97.26989459,21,2,0,1276.12835
230.2681156,5.541923799,1276.12835,0,1,97.25713331,21,2,0,1287.960309
231.2419683,5.569751537,1287.960309,0,1,97.24425371,21,2,0,1268.610089
227.8147223,5.568604503,1268.610089,0,1,97.23156761,21,2,0,1265.331112
225.9135519,5.600952673,1265.331112,0,1,97.21891429,21,2,0,1267.292149
227.4798658,5.571007986,1267.292149,0,1,97.20624137,21,2,0,1261.177033
228.0363545,5.530596366,1261.177033,0,1,97.1936296,21,2,0,1278.653143
230.5081784,5.547105319,1278.653143,0,1,97.18084307,21,2,0,1273.666196
230.6619042,5.521788264,1273.666196,0,1,97.16810641,21,2,0,1277.450649
228.0397736,5.601876504,1277.450649,0,1,97.1553319,21,2,0,1274.350473
229.3676691,5.55592895,1274.350473,0,1,97.1425884,21,2,0,1266.231433
225.9346182,5.604415309,1266.231433,0,1,97.12992608,21,2,0,1275.630771
226.7926636,5.624656242,1275.630771,0,1,97.11716978,21,2,0,1263.251446
227.507724,5.552565088,1263.251446,0,1,97.10453726,21,2,0,1258.374795
227.569473,5.529629166,1258.374795,0,1,97.09195351,21,2,0,1285.219331
229.4670157,5.600889206,1285.219331,0,1,97.07910132,21,2,0,1255.864269
227.8321896,5.512233681,1255.864269,0,1,97.06654268,21,2,0,1276.062306
230.8592235,5.527447793,1276.062306,0,1,97.05378205,21,2,0,1266.546725
230.3810598,5.497616543,1266.546725,0,1,97.04111659,21,2,0,1275.224874
229.3843097,5.559337844,1275.224874,0,1,97.02836434,21,2,0,1272.638227
228.8798426,5.560289682,1272.638227,0,1,97.01563796,21,2,0,1259.713178
230.0699395,5.475348847,1259.713178,0,1,97.00304082,21,2,0,1290.588381
230.8025666,5.591741895,1290.588381,0,1,96.99013494,21,2,0,1257.957952
228.1415013,5.513937381,1257.957952,0,1,96.97755536,21,2,0,1256.698779
227.8693644,5.51499664,1256.698779,0,1,96.96498837,21,2,0,1283.807611
229.9706849,5.582483746,1283.807611,0,1,96.9521503,21,2,0,1278.298492
230.0140689,5.557479582,1278.298492,0,1,96.93936731,21,2,0,1257.75124
230.4825649,5.457034205,1257.75124,0,1,96.9267898,21,2,0,1286.086616
230.4861959,5.579885645,1286.086616,0,1,96.91392893,21,2,0,1263.238315
227.1164747,5.562072575,1263.238315,0,1,96.90129655,21,2,0,1269.564339
230.1930223,5.51521643,1269.564339,0,1,96.88860091,21,2,0,1277.861641
228.9754436,5.580780283,1277.861641,0,1,96.87582229,21,2,0,1279.272901
230.789251,5.54303502,1279.272901,0,1,96.86302956,21,2,0,1250.672759
224.3225521,5.57533225,1250.672759,0,1,96.85052283,21,2,0,1274.509273
229.270395,5.558978833,1274.509273,0,1,96.83777774,22,2,0,1250.740524
225.5231175,5.54595262,1250.740524,0,1,96.82527034,22,2,0,1286.222029
229.7488211,5.598383587,1286.222029,0,1,96.81240812,22,2,0,18.94492254
229.6392994,0.082498608,18.94492254,0,0,96.81221867,22,0,0,11.6933213
228.8921077,0.051086608,11.6933213,0,0,96.81210173,22,0,0,13.05739866
227.924226,0.057288332,13.05739866,0,0,96.81197116,22,0,0,0.451240787
231.2218106,0.001951549,0.451240787,0,0,96.81196665,22,0,0,0.942245031
227.8948857,0.00413456,0.942245031,0,0,96.81195722,22,0,0,26.38799372
229.3818417,0.115039593,26.38799372,0,0,96.81169334,22,0,0,3177.478543
229.0759859,13.87084958,3177.478543,0,1,96.77991856,22,2,0,1284.466666
229.1494146,5.605367436,1284.466666,0,1,96.76707389,22,2,0,1240.171487
227.0099614,5.463070781,1240.171487,0,1,96.75467218,22,2,0,1261.506423
229.4904316,5.496989195,1261.506423,0,1,96.74205711,22,2,0,1268.4659
226.5828625,5.598242896,1268.4659,0,1,96.72937245,22,2,0,1272.806801
228.4288607,5.572005205,1272.806801,0,1,96.71664439,22,2,0,1286.982982
230.3210297,5.587778865,1286.982982,0,1,96.70377456,22,2,0,1292.848634
228.8195064,5.650080513,1292.848634,0,1,96.69084607,22,2,0,1274.300118
228.4628047,5.57771371,1274.300118,0,1,96.67810307,22,2,0,1290.88208
230.8704403,5.591370117,1290.88208,0,1,96.66519425,22,2,0,1258.879259
226.9890511,5.54599111,1258.879259,0,1,96.65260546,22,2,0,1256.776635
229.8179728,5.468574191,1256.776635,0,1,96.64003769,22,2,0,1296.525101
232.1501733,5.584855194,1296.525101,0,1,96.62707244,22,2,0,1252.914914
225.8576134,5.547366301,1252.914914,0,1,96.61454329,22,2,0,1254.712401
227.3191771,5.51960647,1254.712401,0,1,96.60199617,22,2,0,1273.844478
232.8126568,5.471543066,1273.844478,0,1,96.58925772,22,2,0,1301.604336
231.052552,5.633369227,1301.604336,0,1,96.57624168,22,2,0,1263.324215
231.526072,5.456509515,1263.324215,0,1,96.56360843,22,2,0,1262.676675
226.6316068,5.571494166,1262.676675,0,1,96.55098167,22,2,0,1282.106048
229.8441666,5.578153527,1282.106048,0,1,96.53816061,22,2,0,1270.210956
228.9135656,5.548867114,1270.210956,0,1,96.5254585,22,2,0,1281.158635
228.4682299,5.60760083,1281.158635,0,1,96.51264691,22,2,0,1249.064895
228.0339287,5.477539689,1249.064895,0,1,96.50015626,22,2,0,1252.829422
226.6400351,5.527838104,1252.829422,0,1,96.48762797,22,2,0,1276.154286
232.0090787,5.500449781,1276.154286,0,1,96.47486643,22,2,0,1285.528538
231.4062313,5.555289201,1285.528538,0,1,96.46201114,22,2,0,1297.558136
232.7142491,5.575757141,1297.558136,0,1,96.44903556,22,2,0,1249.994913
226.2980577,5.523666116,1249.994913,0,1,96.43653561,22,2,0,1247.335588
226.1133304,5.516417746,1247.335588,0,1,96.42406225,22,2,0,1542.19346
231.1520094,6.671771808,1542.19346,1,1,96.40864032,22,3,0,1378.21346
231.462328,5.95437483,1378.21346,1,1,96.39485818,22,3,0,1344.388996
228.5054499,5.883400139,1344.388996,1,1,96.38141429,22,3,0,1349.807643
226.2349283,5.966398086,1349.807643,1,1,96.36791622,22,3,0,1364.121996
229.2898592,5.949334177,1364.121996,1,1,96.354275,22,3,0,1383.010286
229.6133077,6.023214855,1383.010286,1,1,96.3404449,22,3,0,1390.368549
232.3369622,5.984276182,1390.368549,1,1,96.32654121,22,3,0,1344.75548
226.9458899,5.925445399,1344.75548,1,1,96.31309366,22,3,0,3846.819665
161.0358854,23.88796543,3846.819665,1,1,96.29957797,22,3,1,1381.508372
230.0352358,6.005638081,1381.508372,1,1,96.28576288,22,3,0,1376.748233
230.9561752,5.961079982,1376.748233,1,1,96.2719954,22,3,0,1372.147087
228.0571938,6.016679696,1372.147087,1,1,96.25827393,22,3,0,3775.448043
168.2981285,22.43309582,3775.448043,1,1,96.24469041,22,3,1,1340.069963
229.1361498,5.848356816,1340.069963,1,1,96.23128971,22,3,0,1372.297507
229.2347722,5.986428208,1372.297507,1,1,96.21756673,22,3,0,1371.218809
231.0388932,5.935012891,1371.218809,1,1,96.20385455,22,3,0,1363.232771
226.884031,6.008500311,1363.232771,1,1,96.19022222,22,3,0,1396.495129
233.0007414,5.993522257,1396.495129,1,1,96.17625727,22,3,0,1364.534827
227.6221001,5.994737885,1364.534827,1,1,96.16261192,22,3,0,1376.105321
231.4879496,5.944608878,1376.105321,1,1,96.14885087,22,3,0,1368.964482
229.4683045,5.965810768,1368.964482,1,1,96.13516122,22,3,0,1368.103613
228.0051409,6.00031915,1368.103613,1,1,96.12148018,22,3,0,1383.198705
232.0464047,5.96087109,1383.198705,1,1,96.1076482,23,3,0,1373.083993
230.2823018,5.9626119,1373.083993,1,1,96.09391736,23,3,0,1395.93912
229.3095111,6.08757619,1395.93912,1,1,96.07995797,23,3,0,1383.0184
229.1396594,6.035700688,1383.0184,1,1,96.06612778,23,3,0,1391.502206
234.6315381,5.930584686,1391.502206,1,1,96.05221276,23,3,0,1373.951586
228.9786048,6.000349192,1373.951586,1,1,96.03847324,23,3,0,1376.241889
231.0350633,5.956852912,1376.241889,1,1,96.02471083,23,3,0,1334.89834
227.2361687,5.874497656,1334.89834,1,1,96.01136184,23,3,0,1380.143043
228.9964676,6.026918482,1380.143043,1,1,95.99756041,23,3,0,1373.778634
229.9161324,5.975129364,1373.778634,1,1,95.98382263,23,3,0,1336.520362
227.1008177,5.885141128,1336.520362,1,1,95.97045742,23,3,0,1392.77967
230.6987014,6.037223709,1392.77967,1,1,95.95652962,23,3,0,1366.923034
228.6706913,5.977692314,1366.923034,1,1,95.94286039,23,3,0,1365.367749
232.2668404,5.87844458,1365.367749,1,1,95.92920672,23,3,0,1391.868765
233.2419758,5.967488312,1391.868765,1,1,95.91528803,23,3,0,1362.200889
230.0421777,5.921526662,1362.200889,1,1,95.90166602,23,3,0,1358.799635
227.18926,5.980914921,1358.799635,1,1,95.88807802,23,3,0,1373.102111
229.7220415,5.977232756,1373.102111,1,1,95.874347,23,3,0,1381.594126
229.8324214,6.011310841,1381.594126,1,1,95.86053106,23,3,0,1362.356461
230.1642704,5.919061454,1362.356461,1,1,95.8469075,23,3,0,1377.10701
233.1270672,5.907109057,1377.10701,1,1,95.83313643,23,3,0,1369.313892
228.962343,5.980520091,1369.313892,1,1,95.81944329,23,3,0,1383.559195
231.4529392,5.97771279,1383.559195,1,1,95.8056077,23,3,0,1367.508427
228.7333551,5.978613946,1367.508427,1,1,95.79193261,23,3,0,1361.373391
229.614262,5.928958329,1361.373391,1,1,95.77831888,23,3,0,1362.24072
226.4643188,6.015255414,1362.24072,1,1,95.76469647,23,3,0,1378.27996
230.8080236,5.971542662,1378.27996,1,1,95.75091367,23,3,0,1374.202407
230.8489467,5.952820778,1374.202407,1,1,95.73717165,23,3,0,1365.160914
229.2379304,5.955213919,1365.160914,1,1,95.72352004,23,3,0,1370.798782
229.7268382,5.967081568,1370.798782,1,1,95.70981205,23,3,0,1382.466489
228.8085122,6.042023858,1382.466489,1,1,95.69598739,23,3,0,1363.495971
228.2781402,5.972958994,1363.495971,1,1,95.68235243,23,3,0,1345.596498
227.5668927,5.912971269,1345.596498,1,1,95.66889646,23,3,0,1385.04458
231.2356334,5.989754084,1385.04458,1,1,95.65504601,23,3,0,1360.805489
227.9764829,5.969060804,1360.805489,1,1,95.64143796,23,3,0,1333.087631
228.1491582,5.843053035,1333.087631,1,1,95.62810708,23,3,0,1324.026283
227.192631,5.827769488,1324.026283,1,1,95.61486682,23,3,0,1376.440852
230.1348913,5.981017672,1376.440852,1,1,95.60110241,23,3,0,1377.06628
231.4358552,5.950099125,1377.06628,1,1,95.58733175,23,3,0,1348.01091
226.5647137,5.949783126,1348.01091,1,1,95.57385164,23,3,0,1373.757967
229.2899799,5.991356305,1373.757967,1,1,95.56011406,23,3,0,1374.454816
229.400167,5.991516195,1374.454816,1,1,95.54636951,23,3,0,1349.629456
227.7427094,5.926114866,1349.629456,1,1,95.53287322,23,3,0,1333.279058
226.055114,5.898026524,1333.279058,1,1,95.51954043,23,3,0,1402.38437
234.1197882,5.990029211,1402.38437,1,1,95.50551658,23,3,0,1376.47322
232.1941948,5.928112118,1376.47322,1,1,95.49175185,23,3,0,97.04143362
228.8152041,0.424103958,97.04143362,1,0,95.49078144,23,1,0,115.8017965
231.0567723,0.501183304,115.8017965,1,0,95.48962342,23,1,0,-27.7692624
227.3234901,-0.12215747,-27.7692624,0,0,95.48990111,23,0,0,8.113839319
232.1623836,0.034948984,8.113839319,0,0,95.48981997,23,0,0,25.23573471
228.8485523,0.110272643,25.23573471,0,0,95.48956762,23,0,0,37.20424131
232.5404384,0.159990415,37.20424131,0,0,95.48919557,23,0,0,-4.531417022
231.6240621,-0.019563671,-4.531417022,0,0,95.48924089,23,0,0,18.50487368
231.1308998,0.08006231,18.50487368,0,0,95.48905584,23,0,0,12.8396928
228.8883745,0.056095871,12.8396928,0,0,95.48892744,23,0,0,14.54687974
227.8213188,0.063852144,14.54687974,0,0,95.48878197,23,0,0,16.65229947
229.5729492,0.072535983,16.65229947,0,0,95.48861545,23,0,0,17.82945403
230.3508066,0.077401309,17.82945403,0,0,95.48843716,23,0,0,26.06832514
229.0395949,0.113815802,26.06832514,0,0,95.48817647,23,0,0,33.0793637
228.1704345,0.144976556,33.0793637,0,0,95.48784568,23,0,0,11.672136
229.2862086,0.050906402,11.672136,0,0,95.48772896,0,0,0,4.741740641
229.8950281,0.020625677,4.741740641,0,0,95.48768154,0,0,0,-3.729464269
232.4667086,-0.016043004,-3.729464269,0,0,95.48771883,0,0,0,22.91809887
232.6420185,0.098512294,22.91809887,0,0,95.48748965,0,0,0,0.323778827
232.0328503,0.001395401,0.323778827,0,0,95.48748642,0,0,0,11.485918
230.3897836,0.049854285,11.485918,0,0,95.48737156,0,0,0,16.73545129
232.4358757,0.072000294,16.73545129,0,0,95.4872042,0,0,0,18.81373397
229.204893,0.082082602,18.81373397,0,0,95.48701606,0,0,0,-4.06968856
226.3570233,-0.017979069,-4.06968856,0,0,95.48705676,0,0,0,10.99477046
228.8308459,0.048047589,10.99477046,0,0,95.48694681,0,0,0,6.558488118
232.1943382,0.028245685,6.558488118,0,0,95.48688123,0,0,0,3.781089466
232.7152478,0.016247708,3.781089466,0,0,95.48684342,0,0,0,25.51463596
229.5470209,0.111152111,25.51463596,0,0,95.48658827,0,0,0,7.588643336
229.6778367,0.033040381,7.588643336,0,0,95.48651239,0,0,0,29.16914468
227.5873429,0.128166814,29.16914468,0,0,95.48622069,0,0,0,0.690001974
231.3788094,0.002982131,0.690001974,0,0,95.48621379,0,0,0,19.25521706
229.4469248,0.083920136,19.25521706,0,0,95.48602124,0,0,0,18.40756854
229.8654541,0.080079752,18.40756854,0,0,95.48583717,0,0,0,0.334701638
232.2884649,0.001440888,0.334701638,0,0,95.48583382,0,0,0,10.49572488
233.2821735,0.044991543,10.49572488,0,0,95.48572886,0,0,0,-2.6666696
228.8929382,-0.011650292,-2.6666696,0,0,95.48575553,0,0,0,13.44636563
231.3539564,0.058120318,13.44636563,0,0,95.48562107,0,0,0,-8.950873973
232.8342213,-0.03844312,-8.950873973,0,0,95.48571057,0,0,0,-7.534579335
230.1802664,-0.032733385,-7.534579335,0,0,95.48578592,0,0,0,23.09938629
228.832833,0.100944371,23.09938629,0,0,95.48555493,0,0,0,3.405373409
229.5905432,0.014832377,3.405373409,0,0,95.48552087,0,0,0,1.223390034
234.3007984,0.005221451,1.223390034,0,0,95.48550864,0,0,0,7.96306717
230.8217477,0.034498773,7.96306717,0,0,95.48542901,0,0,0,2.080327191
229.9935104,0.009045156,2.080327191,0,0,95.4854082,0,0,0,10.66115867
231.0012323,0.046151956,10.66115867,0,0,95.48530159,0,0,0,30.36246442
229.5639821,0.132261447,30.36246442,0,0,95.48499797,0,0,0,20.02150326
229.8267412,0.087115638,20.02150326,0,0,95.48479775,0,0,0,16.10484419
227.8474775,0.070682565,16.10484419,0,0,95.4846367,0,0,0,37.27963977
230.5738757,0.161681976,37.27963977,0,0,95.48426391,0,0,0,6.070972185
230.0045887,0.026395005,6.070972185,0,0,95.4842032,0,0,0,37.348744
228.2560897,0.163626495,37.348744,0,0,95.48382971,0,0,0,16.53592332
230.5929553,0.071710444,16.53592332,0,0,95.48366435,0,0,0,14.03989382
225.7820691,0.062183387,14.03989382,0,0,95.48352395,0,0,0,-0.606558085
231.2107739,-0.002623399,-0.606558085,0,0,95.48353002,0,0,0,16.28605572
228.5567125,0.071256081,16.28605572,0,0,95.48336716,0,0,0,11.74989434
233.9994657,0.050213338,11.74989434,0,0,95.48324966,0,0,0,17.3083684
230.1921929,0.075190944,17.3083684,0,0,95.48307658,0,0,0,15.98006423
232.6060034,0.068700137,15.98006423,0,0,95.48291677,0,0,0,10.56121254
232.2959086,0.045464479,10.56121254,0,0,95.48281116,0,0,0,-2.289742676
229.1445269,-0.00999257,-2.289742676,0,0,95.48283406,0,0,0,20.21064941
231.673179,0.087237761,20.21064941,0,0,95.48263195,0,0,0,14.86843266
230.7506787,0.064435055,14.86843266,0,0,95.48248327,0,0,0,13.62726883
231.9190672,0.058758726,13.62726883,0,0,95.482347,0,0,0,4.973595126
231.9429932,0.021443179,4.973595126,0,0,95.48229726,0,0,0,18.74050861
232.3549406,0.080654659,18.74050861,0,0,95.48210986,0,0,0,15.12399223
231.9145148,0.065213651,15.12399223,0,0,95.48195862,0,0,0,26.62611868
232.3296493,0.114604911,26.62611868,0,0,95.48169235,0,0,0,21.56944267
228.4078807,0.094433881,21.56944267,0,0,95.48147666,0,0,0,10.7516634
230.0459776,0.04673702,10.7516634,0,0,95.48136914,0,0,0,21.62198838
230.2935883,0.093888799,21.62198838,0,0,95.48115292,0,0,0,-16.67207835
233.7078062,-0.071337276,-16.67207835,0,0,95.48131964,0,0,0,14.80839912
229.4516955,0.064538199,14.80839912,0,0,95.48117156,0,0,0,5.892595222
229.5861559,0.025666161,5.892595222,0,0,95.48111263,0,0,0,9.727717312
230.1770412,0.042261892,9.727717312,0,0,95.48101536,0,0,0,23.43299234
231.0936819,0.101400402,23.43299234,0,0,95.48078103,0,0,0,6.448432163
229.6751166,0.02807632,6.448432163,0,0,95.48071654,1,0,0,11.46780868
230.626645,0.049724561,11.46780868,0,0,95.48060186,1,0,0,18.05735785
227.3374254,0.079429763,18.05735785,0,0,95.48042129,1,0,0,38.06541656
228.3904504,0.166668162,38.06541656,0,0,95.48004064,1,0,0,6.40046812
228.2835845,0.028037356,6.40046812,0,0,95.47997663,1,0,0,17.89401971
229.4850099,0.077974678,17.89401971,0,0,95.47979769,1,0,0,-1139.756735
227.951347,-5,-1139.756735,0,0,95.47981056,1,0,1,19.92284388
232.4381671,0.085712446,19.92284388,0,0,95.47961134,1,0,0,11.01604956
233.0648934,0.047266018,11.01604956,0,0,95.47950117,1,0,0,21.74613886
229.809441,0.09462683,21.74613886,0,0,95.47928371,1,0,0,-1.618111715
231.4563374,-0.006991002,-1.618111715,0,0,95.47929989,1,0,0,7.666104157
234.6322814,0.032672845,7.666104157,0,0,95.47922323,1,0,0,5.586627161
227.4050277,0.024566859,5.586627161,0,0,95.47916737,1,0,0,23.16768153
234.545849,0.098776771,23.16768153,0,0,95.47893569,1,0,0,-7.359307407
229.8987574,-0.03201108,-7.359307407,0,0,95.47900928,1,0,0,13.89454063
229.7984255,0.060464038,13.89454063,0,0,95.47887034,1,0,0,2.877294711
230.8965104,0.012461404,2.877294711,0,0,95.47884157,1,0,0,11.23550169
229.4915332,0.048958241,11.23550169,0,0,95.47872921,1,0,0,20.70024202
230.5691105,0.089778904,20.70024202,0,0,95.47852221,1,0,0,1.433614397
233.9120242,0.006128861,1.433614397,0,0,95.47850787,1,0,0,23.3343092
230.4909266,0.101237431,23.3343092,0,0,95.47827453,1,0,0,16.2772458
229.9597849,0.07078301,16.2772458,0,0,95.47811176,1,0,0,-8.325774925
229.6875846,-0.036248258,-8.325774925,0,0,95.47819501,1,0,0,7.022030684
232.5355195,0.030197669,7.022030684,0,0,95.47812479,1,0,0,9.213351825
231.0208856,0.039881034,9.213351825,0,0,95.47803266,1,0,0,2.241424041
230.4156525,0.009727742,2.241424041,0,0,95.47801025,1,0,0,23.30127353
232.7837831,0.100098354,23.30127353,0,0,95.47777723,1,0,0,9.901203203
231.122564,0.042839622,9.901203203,0,0,95.47767822,1,0,0,7.001724545
231.7261507,0.030215513,7.001724545,0,0,95.4776082,1,0,0,-12.80628402
227.7925802,-0.056219057,-12.80628402,0,0,95.47773627,1,0,0,6.360519408
232.4472593,0.02736328,6.360519408,0,0,95.47767266,1,0,0,14.41721138
227.1204085,0.063478273,14.41721138,0,0,95.47752849,1,0,0,21.97589231
231.4809493,0.094936073,21.97589231,0,0,95.47730873,1,0,0,3.202319704
230.2823079,0.01390606,3.202319704,0,0,95.47727671,1,0,0,-4.814210401
230.6283797,-0.020874319,-4.814210401,0,0,95.47732485,1,0,0,-5.001641148
227.6700904,-0.021968811,-5.001641148,0,0,95.47737487,1,0,0,-3.07057332
229.4315087,-0.013383399,-3.07057332,0,0,95.47740557,1,0,0,15.30037841
230.8850121,0.066268392,15.30037841,0,0,95.47725257,1,0,0,17.0221947
228.1200448,0.074619461,17.0221947,0,0,95.47708235,1,0,0,7.749990714
227.3382971,0.034090124,7.749990714,0,0,95.47700485,1,0,0,14.3901157
231.4263558,0.062180108,14.3901157,0,0,95.47686094,1,0,0,16.53526177
229.706936,0.071984164,16.53526177,0,0,95.47669559,1,0,0,13.3252821
227.9578241,0.058455033,13.3252821,0,0,95.47656234,1,0,0,3.687758417
231.3751898,0.015938435,3.687758417,0,0,95.47652546,1,0,0,-3.899762049
229.3175572,-0.017005946,-3.899762049,0,0,95.47656446,1,0,0,10.15887235
232.429386,0.043707349,10.15887235,0,0,95.47646287,1,0,0,6.216221224
231.6719509,0.026831998,6.216221224,0,0,95.47640071,1,0,0,18.76525353
231.378816,0.081101865,18.76525353,0,0,95.47621306,1,0,0,25.60255866
227.7751441,0.112402777,25.60255866,0,0,95.47595703,1,0,0,9.703543907
232.8195025,0.041678398,9.703543907,0,0,95.47585999,1,0,0,2.737546302
230.1744209,0.011893356,2.737546302,0,0,95.47583262,1,0,0,21.54608237
228.0195788,0.094492247,21.54608237,0,0,95.47561716,1,0,0,7.872608294
232.4069191,0.033874242,7.872608294,0,0,95.47553843,1,0,0,26.86492987
228.5087444,0.11756631,26.86492987,0,0,95.47526978,1,0,0,11.89284006
233.3096093,0.050974497,11.89284006,0,0,95.47515085,1,0,0,28.14994324
230.6700338,0.122035545,28.14994324,0,0,95.47486936,1,0,0,19.64897972
229.9150117,0.085461926,19.64897972,0,0,95.47467287,1,0,0,23.11478302
233.2488232,0.099099248,23.11478302,0,0,95.47444172,1,0,0,12.52381287
230.7813997,0.054266994,12.52381287,0,0,95.47431648,1,0,0,14.45319314
229.6831929,0.062926647,14.45319314,0,0,95.47417195,1,0,0,16.65061572
230.2657988,0.072310416,16.65061572,0,0,95.47400544,2,0,0,5.015809215
231.1019253,0.021703883,5.015809215,0,0,95.47395528,2,0,0,-3.187224947
231.8730274,-0.013745561,-3.187224947,0,0,95.47398716,2,0,0,14.90393646
231.8903724,0.064271476,14.90393646,0,0,95.47383812,2,0,0,-1.505260687
230.6726072,-0.006525529,-1.505260687,0,0,95.47385317,2,0,0,1.822717008
230.9753279,0.007891393,1.822717008,0,0,95.47383494,2,0,0,-7.728035114
230.2621428,-0.0335619,-7.728035114,0,0,95.47391222,2,0,0,15.86161398
231.919386,0.068392791,15.86161398,0,0,95.47375361,2,0,0,13.97433528
229.8581956,0.060795462,13.97433528,0,0,95.47361386,2,0,0,15.33199154
229.7657685,0.066728789,15.33199154,0,0,95.47346054,2,0,0,37.96166103
231.0542349,0.164297621,37.96166103,0,0,95.47308093,2,0,0,12.87613476
230.7963506,0.055790028,12.87613476,0,0,95.47295216,2,0,0,12.50765714
230.8430979,0.054182504,12.50765714,0,0,95.47282709,2,0,0,18.2193563
229.0775912,0.07953356,18.2193563,0,0,95.47264489,2,0,0,6.432554826
227.1056025,0.028324069,6.432554826,0,0,95.47258057,2,0,0,12.34334475
232.4743502,0.053095512,12.34334475,0,0,95.47245714,2,0,0,16.27143643
229.6563305,0.070851243,16.27143643,0,0,95.47229442,2,0,0,15.16803748
229.3375569,0.06613848,15.16803748,0,0,95.47214274,2,0,0,-15.5366875
230.376618,-0.067440384,-15.5366875,0,0,95.47229811,2,0,0,10.92932996
232.0684301,0.04709529,10.92932996,0,0,95.47218881,2,0,0,14.93251782
231.2801119,0.064564643,14.93251782,0,0,95.47203949,2,0,0,19.82260041
225.9885711,0.087715057,19.82260041,0,0,95.47184126,2,0,0,14.02538986
229.0016611,0.0612458,14.02538986,0,0,95.47170101,2,0,0,20.98588888
229.2395511,0.091545673,20.98588888,0,0,95.47149115,2,0,0,14.95729732
231.3005245,0.064666076,14.95729732,0,0,95.47134158,2,0,0,29.02975726
231.0888645,0.125621619,29.02975726,0,0,95.47105128,2,0,0,24.82052622
228.4998211,0.108623832,24.82052622,0,0,95.47080307,2,0,0,-4.952777554
233.01521,-0.021255169,-4.952777554,0,0,95.4708526,2,0,0,26.89505787
227.0141543,0.118473044,26.89505787,0,0,95.47058365,2,0,0,13.61948105
228.4074409,0.059628009,13.61948105,0,0,95.47044746,2,0,0,24.73723702
233.1014895,0.106122175,24.73723702,0,0,95.47020008,2,0,0,10.41416555
231.8964617,0.044908687,10.41416555,0,0,95.47009594,2,0,0,13.99784221
231.3426482,0.060506968,13.99784221,0,0,95.46995596,2,0,0,19.9653262
233.6180603,0.085461399,19.9653262,0,0,95.46975631,2,0,0,-5.103203255
232.5996716,-0.021939856,-5.103203255,0,0,95.46980734,2,0,0,3.981152247
228.1421606,0.017450314,3.981152247,0,0,95.46976753,2,0,0,21.58060198
230.7643164,0.093517933,21.58060198,0,0,95.46955173,2,0,0,17.04355308
230.1478581,0.074054798,17.04355308,0,0,95.46938129,2,0,0,12.07211182
231.029263,0.052253605,12.07211182,0,0,95.46926057,2,0,0,-0.875360312
229.7608599,-0.003809876,-0.875360312,0,0,95.46926932,2,0,0,261.281411
229.7753827,1.137116639,261.281411,1,0,95.46665651,2,1,0,107.6448458
233.3118765,0.461377481,107.6448458,1,0,95.46558006,2,1,0,106.4182385
228.8014482,0.465111735,106.4182385,1,0,95.46451588,2,1,0,115.6388133
231.6196351,0.499261702,115.6388133,1,0,95.46335949,2,1,0,114.4208399
229.3203841,0.498956254,114.4208399,1,0,95.46221528,2,1,0,90.08355003
229.9525506,0.391748427,90.08355003,1,0,95.46131445,2,1,0,104.5764319
228.261152,0.458143801,104.5764319,1,0,95.46026868,2,1,0,98.59450031
228.7618911,0.430991805,98.59450031,1,0,95.45928274,2,1,0,106.580453
231.4255668,0.460538801,106.580453,1,0,95.45821693,2,1,0,115.3418081
229.1115966,0.503430685,115.3418081,1,0,95.45706351,2,1,0,105.3783504
229.5233239,0.459118266,105.3783504,1,0,95.45600973,2,1,0,109.2562613
228.4081239,0.478337895,109.2562613,1,0,95.45491717,2,1,0,110.0343667
227.8401608,0.48294544,110.0343667,1,0,95.45381682,2,1,0,96.66633488
228.4800271,0.423084399,96.66633488,1,0,95.45285016,2,1,0,119.7037885
232.3733456,0.515135624,119.7037885,1,0,95.45165312,2,1,0,117.5618002
232.9481984,0.504669283,117.5618002,1,0,95.4504775,2,1,0,101.492027
228.9311003,0.44333001,101.492027,1,0,95.44946258,2,1,0,109.9564645
231.4948614,0.474984472,109.9564645,1,0,95.44836302,2,1,0,112.388403
229.514977,0.489677861,112.388403,1,0,95.44723914,2,1,0,101.8758803
233.3399037,0.436598621,101.8758803,1,0,95.44622038,2,1,0,104.2599357
234.836681,0.443967847,104.2599357,1,0,95.44517778,3,1,0,89.55178618
230.800402,0.38800533,89.55178618,1,0,95.44428226,3,1,0,127.8830801
230.8698559,0.553918482,127.8830801,1,0,95.44300343,3,1,0,113.9795584
232.4357644,0.49037014,113.9795584,1,0,95.44186363,3,1,0,105.7897724
232.5399676,0.454931569,105.7897724,1,0,95.44080574,3,1,0,89.52832401
227.5904182,0.393374751,89.52832401,1,0,95.43991045,3,1,0,100.1598054
231.1233799,0.433360768,100.1598054,1,0,95.43890885,3,1,0,133.0187897
230.9013885,0.576084841,133.0187897,1,0,95.43757867,3,1,0,101.5202575
228.1131668,0.445043392,101.5202575,1,0,95.43656346,3,1,0,97.26256828
229.0486688,0.424637125,97.26256828,1,0,95.43559084,3,1,0,109.6803105
232.9632031,0.470805299,109.6803105,1,0,95.43449404,3,1,0,114.8304693
232.2559997,0.49441336,114.8304693,1,0,95.43334573,3,1,0,102.5384729
229.3519348,0.447079171,102.5384729,1,0,95.43232035,3,1,0,110.3606786
227.1456753,0.485858595,110.3606786,1,0,95.43121674,3,1,0,103.8000235
232.424759,0.44659624,103.8000235,1,0,95.43017874,3,1,0,108.8914823
230.6957162,0.472013456,108.8914823,1,0,95.42908982,3,1,0,115.4287822
228.2164588,0.505786405,115.4287822,1,0,95.42793554,3,1,0,102.7437543
228.3673025,0.449905714,102.7437543,1,0,95.4269081,3,1,0,113.2887972
228.844461,0.495047146,113.2887972,1,0,95.42577521,3,1,0,3373.81709
227.3484477,14.839851,3373.81709,1,1,95.39203704,3,3,0,1381.480336
229.8272004,6.01095229,1381.480336,1,1,95.37822224,3,3,0,1374.085579
230.6525611,5.957382708,1374.085579,1,1,95.36448138,3,3,0,1379.071255
228.5363499,6.034362827,1379.071255,1,1,95.35069067,3,3,0,1366.845724
228.9743938,5.969426105,1366.845724,1,1,95.33702221,3,3,0,1379.576696
232.9615096,5.921908292,1379.576696,1,1,95.32322644,3,3,0,1370.389531
228.0082919,6.01026182,1370.389531,1,1,95.30952255,3,3,0,1391.755331
231.7081565,6.006501248,1391.755331,1,1,95.295605,3,3,0,1359.488171
229.1283454,5.933304185,1359.488171,1,1,95.28201011,3,3,0,1372.263944
231.383023,5.930702808,1372.263944,1,1,95.26828747,3,3,0,1358.126706
229.5842559,5.915591648,1358.126706,1,1,95.25470621,3,3,0,1366.209114
228.4567162,5.98016612,1366.209114,1,1,95.24104412,3,3,0,1387.33647
230.2682691,6.024870364,1387.33647,1,1,95.22717075,3,3,0,1337.242593
228.9114486,5.841746234,1337.242593,1,1,95.21379833,3,3,0,1339.319516
225.9618348,5.927193486,1339.319516,1,1,95.20040513,3,3,0,1369.740498
231.2552935,5.923066568,1369.740498,1,1,95.18670772,3,3,0,1394.568053
233.8201856,5.964275708,1394.568053,1,1,95.17276204,3,3,0,1278.770718
229.4867702,5.572306923,1278.770718,0,1,95.15997434,3,2,0,1286.85228
231.595535,5.556464118,1286.85228,0,1,95.14710581,3,2,0,1268.707684
228.9419218,5.541613671,1268.707684,0,1,95.13441874,3,2,0,1258.892962
226.7951985,5.550791948,1258.892962,0,1,95.12182981,3,2,0,1258.174162
226.0659517,5.565518168,1258.174162,0,1,95.10924807,3,2,0,1266.874158
229.8613579,5.511470781,1266.874158,0,1,95.09657932,3,2,0,1271.573244
229.0037538,5.552630569,1271.573244,0,1,95.08386359,3,2,0,1267.122821
229.3357014,5.525187807,1267.122821,0,1,95.07119236,3,2,0,1268.721604
231.3103061,5.484933314,1268.721604,0,1,95.05850515,3,2,0,1280.833646
229.4512466,5.582160331,1280.833646,0,1,95.04569681,3,2,0,1274.505559
228.9339023,5.567133337,1274.505559,0,1,95.03295176,3,2,0,1270.718168
229.7750039,5.530271554,1270.718168,0,1,95.02024457,3,2,0,1281.425904
230.8501298,5.550899647,1281.425904,0,1,95.00743032,3,2,0,1288.577722
229.2779858,5.620154579,1288.577722,0,1,94.99454454,3,2,0,1272.398684
230.0513845,5.530932522,1272.398684,0,1,94.98182055,3,2,0,1265.48815
230.2399629,5.496387916,1265.48815,0,1,94.96916567,3,2,0,1292.720851
231.1576962,5.592376424,1292.720851,0,1,94.95623846,3,2,0,1255.309375
226.401022,5.544627688,1255.309375,0,1,94.94368537,3,2,0,1275.371189
228.5171533,5.581074202,1275.371189,0,1,94.93093166,3,2,0,1245.726427
228.1691045,5.459663041,1245.726427,0,1,94.91847439,3,2,0,1262.177811
229.0692816,5.510026496,1262.177811,0,1,94.90585261,3,2,0,1260.070129
229.0078898,5.502300072,1260.070129,0,1,94.89325191,3,2,0,1271.37489
228.4704061,5.564724604,1271.37489,0,1,94.88053816,3,2,0,1277.386844
227.8942614,5.605173366,1277.386844,0,1,94.86776429,3,2,0,1246.195255
225.1749373,5.534342632,1246.195255,0,1,94.85530234,4,2,0,1277.999196
231.9076055,5.510811917,1277.999196,0,1,94.84252235,4,2,0,1255.14626
228.3620699,5.49629919,1255.14626,0,1,94.82997089,4,2,0,1241.31032
227.5995101,5.453923514,1241.31032,0,1,94.81755778,4,2,0,1301.823575
231.2970111,5.628363154,1301.823575,0,1,94.80453955,4,2,0,1279.3985
228.8900862,5.58957586,1279.3985,0,1,94.79174556,4,2,0,1285.155249
231.5731062,5.549674009,1285.155249,0,1,94.77889401,4,2,0,1249.184178
226.4945393,5.515294904,1249.184178,0,1,94.76640217,4,2,0,1271.78539
226.5973679,5.612533816,1271.78539,0,1,94.75368432,4,2,0,1259.267486
227.5968661,5.532885877,1259.267486,0,1,94.74109164,4,2,0,1251.471371
227.5814396,5.499004547,1251.471371,0,1,94.72857693,4,2,0,1260.989619
225.6622453,5.587951221,1260.989619,0,1,94.71596703,4,2,0,1281.048361
232.5415098,5.508901884,1281.048361,0,1,94.70315655,4,2,0,1294.477113
231.6654887,5.587699402,1294.477113,0,1,94.69021178,4,2,0,1279.05546
231.186129,5.532578732,1279.05546,0,1,94.67742122,4,2,0,1273.057828
227.1037021,5.605623408,1273.057828,0,1,94.66469064,4,2,0,1264.465505
230.5348897,5.484920335,1264.465505,0,1,94.65204599,4,2,0,1260.218115
227.4432305,5.540802919,1260.218115,0,1,94.63944381,4,2,0,1294.19556
229.944438,5.628296866,1294.19556,0,1,94.62650185,4,2,0,1269.197762
228.4884257,5.554757351,1269.197762,0,1,94.61380987,4,2,0,1260.306214
227.7369294,5.534044113,1260.306214,0,1,94.60120681,4,2,0,1265.215801
229.1173465,5.522130124,1265.215801,0,1,94.58855465,4,2,0,1260.942457
229.3682476,5.49745865,1260.942457,0,1,94.57594523,4,2,0,1300.035828
233.5855442,5.56556628,1300.035828,0,1,94.56294487,4,2,0,1257.616648
226.7513433,5.546236814,1257.616648,0,1,94.5503687,4,2,0,1285.29045
230.0882886,5.586075056,1285.29045,0,1,94.5375158,4,2,0,1300.36564
231.1692647,5.625166658,1300.36564,0,1,94.52451214,4,2,0,1321.428953
234.7887221,5.628161955,1321.428953,0,1,94.51129785,4,2,0,1298.564518
231.0632568,5.619952456,1298.564518,0,1,94.49831221,4,2,0,1291.390409
231.0886432,5.588290238,1291.390409,0,1,94.4853983,4,2,0,1269.220321
231.6630587,5.478734192,1269.220321,0,1,94.4727061,4,2,0,1272.065213
229.1406923,5.551459236,1272.065213,0,1,94.45998545,4,2,0,1257.002418
227.4644406,5.526149116,1257.002418,0,1,94.44741542,4,2,0,1297.860561
232.4067487,5.584435774,1297.860561,0,1,94.43443682,4,2,0,1302.328081
230.8186848,5.642212552,1302.328081,0,1,94.42141354,4,2,0,1249.049198
228.646442,5.462797437,1249.049198,0,1,94.40892305,4,2,0,1256.608547
228.0172503,5.511024035,1256.608547,0,1,94.39635696,4,2,0,1273.853563
230.5820631,5.524512819,1273.853563,0,1,94.38361843,4,2,0,1277.259719
227.8738674,5.605117134,1277.259719,0,1,94.37084583,4,2,0,1263.254639
228.0730985,5.538814739,1263.254639,0,1,94.35821328,4,2,0,1298.561754
232.1615667,5.593353682,1298.561754,0,1,94.34522766,4,2,0,-1146.110739
229.2221477,-5,-1146.110739,0,1,94.3325233,4,2,1,1279.656706
230.1076571,5.561121789,1279.656706,0,1,94.31972673,4,2,0,1276.230005
230.509101,5.536571005,1276.230005,0,1,94.30696443,4,2,0,1286.333117
230.6537856,5.576900088,1286.333117,0,1,94.2941011,4,2,0,1293.353793
233.5283703,5.5383155,1293.353793,0,1,94.28116757,4,2,0,1297.79995
232.328279,5.586061048,1297.79995,0,1,94.26818957,4,2,0,1261.718626
229.0878511,5.507575454,1261.718626,0,1,94.25557238,4,2,0,1283.18116
230.1955794,5.574308438,1283.18116,0,1,94.24274057,4,2,0,1262.626639
227.8295427,5.54197943,1262.626639,0,1,94.2301143,4,2,0,1253.415692
228.3735329,5.488445515,1253.415692,0,1,94.21758014,4,2,0,1277.940372
230.5950201,5.541925281,1277.940372,0,1,94.20480074,4,2,0,1281.907972
229.5269414,5.585000016,1281.907972,0,1,94.19198166,4,2,0,1299.420253
231.0009358,5.625173111,1299.420253,0,1,94.17898746,4,2,0,1259.205424
227.0317395,5.546384955,1259.205424,0,1,94.1663954,4,2,0,1281.717855
231.4585945,5.537568642,1281.717855,0,1,94.15357823,4,2,0,1286.284485
230.9313177,5.569987207,1286.284485,0,1,94.14071538,4,2,0,1262.422582
226.7555051,5.567329363,1262.422582,0,1,94.12809116,4,2,0,1251.66437
228.1453653,5.486258151,1251.66437,0,1,94.11557451,4,2,0,1247.754073
225.823821,5.525343018,1247.754073,0,1,94.10309697,4,2,0,1264.699437
227.9152599,5.548989733,1264.699437,0,1,94.09044998,5,2,0,1260.120103
227.1324065,5.547953824,1260.120103,0,1,94.07784878,5,2,0,1269.202415
226.289704,5.608750167,1269.202415,0,1,94.06515675,5,2,0,1261.035442
230.16498,5.478832803,1261.035442,0,1,94.0525464,5,2,0,1291.708824
231.4771654,5.580286165,1291.708824,0,1,94.03962931,5,2,0,1251.140328
228.7279956,5.469992095,1251.140328,0,1,94.02711791,5,2,0,1283.230711
229.9822172,5.579695363,1283.230711,0,1,94.0142856,5,2,0,1265.873519
227.5682766,5.562609773,1265.873519,0,1,94.00162686,5,2,0,1271.978941
229.4897734,5.542638884,1271.978941,0,1,93.98890707,5,2,0,1285.021038
233.814971,5.495888619,1285.021038,0,1,93.97605686,5,2,0,1255.095116
230.1806125,5.452653472,1255.095116,0,1,93.96350591,5,2,0,1259.982018
228.3712013,5.517254411,1259.982018,0,1,93.95090609,5,2,0,1256.32634
227.8695316,5.513358154,1256.32634,0,1,93.93834283,5,2,0,1266.844148
230.772448,5.489581441,1266.844148,0,1,93.92567439,5,2,0,1298.824535
231.4717994,5.611156686,1298.824535,0,1,93.91268614,5,2,0,1266.938841
226.5418089,5.592516664,1266.938841,0,1,93.90001675,5,2,0,1277.752746
229.4351423,5.569123951,1277.752746,0,1,93.88723923,5,2,0,1271.418128
231.2338052,5.498409401,1271.418128,0,1,93.87452504,5,2,0,1277.143869
231.0324052,5.527985858,1277.143869,0,1,93.86175361,5,2,0,1279.186496
227.8203014,5.614892477,1279.186496,0,1,93.84896174,5,2,0,1265.634856
228.3759981,5.541890858,1265.634856,0,1,93.83630539,5,2,0,1275.68615
229.7163634,5.55330988,1275.68615,0,1,93.82354853,5,2,0,1286.145621
229.0771526,5.614464851,1286.145621,0,1,93.81068707,5,2,0,1280.50935
230.9387454,5.544800841,1280.50935,0,1,93.79788198,5,2,0,1277.341953
231.9603084,5.506726396,1277.341953,0,1,93.78510856,5,2,0,1271.202391
230.2533319,5.520885977,1271.202391,0,1,93.77239654,5,2,0,1293.505712
233.0391395,5.55059427,1293.505712,0,1,93.75946148,5,2,0,1247.731505
228.4128328,5.462615607,1247.731505,0,1,93.74698417,5,2,0,1264.933216
229.8465164,5.50338215,1264.933216,0,1,93.73433483,5,2,0,1266.935805
229.1552284,5.528723101,1266.935805,0,1,93.72166548,5,2,0,1266.06681
227.9478709,5.554194497,1266.06681,0,1,93.70900481,5,2,0,1262.120885
230.2861985,5.480662295,1262.120885,0,1,93.6963836,5,2,0,1257.946543
228.9866087,5.493537592,1257.946543,0,1,93.68380413,5,2,0,1253.540296
229.8810703,5.452994867,1253.540296,0,1,93.67126873,5,2,0,1269.486982
228.6814036,5.551334573,1269.486982,0,1,93.65857386,5,2,0,1290.493779
232.3525896,5.554032264,1290.493779,0,1,93.64566892,5,2,0,1281.124525
228.8558612,5.597953744,1281.124525,0,1,93.63285768,5,2,0,1294.201427
230.4022343,5.617139219,1294.201427,0,1,93.61991566,5,2,0,1266.698712
228.5135781,5.543209827,1266.698712,0,1,93.60724868,5,2,0,1265.612888
228.5474671,5.537636904,1265.612888,0,1,93.59459255,5,2,0,1285.126491
230.3610886,5.578748126,1285.126491,0,1,93.58174128,5,2,0,1248.724119
229.5417183,5.440074808,1248.724119,0,1,93.56925404,5,2,0,1302.854286
231.6046204,5.625338061,1302.854286,0,1,93.5562255,5,2,0,1286.126224
230.1234018,5.588854561,1286.126224,0,1,93.54336424,5,2,0,1281.275944
227.7575207,5.625614207,1281.275944,0,1,93.53055148,5,2,0,1265.270665
229.8374074,5.505068472,1265.270665,0,1,93.51789877,5,2,0,1279.676847
231.9642023,5.516699708,1279.676847,0,1,93.505102,5,2,0,1260.5176
227.0599089,5.551475849,1260.5176,0,1,93.49249683,5,2,0,1268.47678
227.2986674,5.580660875,1268.47678,0,1,93.47981206,5,2,0,1236.707773
224.4320413,5.510388651,1236.707773,0,1,93.46744498,5,2,0,1309.674182
232.0466476,5.644012512,1309.674182,0,1,93.45434824,5,2,0,1259.888146
228.1520959,5.52214145,1259.888146,0,1,93.44174936,5,2,0,1224.7239
227.0564961,5.393917026,1224.7239,0,1,93.42950212,5,2,0,1288.768699
230.5252381,5.590575287,1288.768699,0,1,93.41661443,5,2,0,1278.974229
229.5132566,5.57255057,1278.974229,0,1,93.40382469,5,2,0,1294.331484
228.1367266,5.673490207,1294.331484,0,1,93.39088137,5,2,0,1268.778731
228.9646621,5.541373588,1268.778731,0,1,93.37819359,5,2,0,1279.647511
230.2733112,5.557081297,1279.647511,0,1,93.36539711,5,2,0,1255.139411
229.4408672,5.470426549,1255.139411,0,1,93.35284572,5,2,0,1286.42175
229.9164822,5.595169767,1286.42175,0,1,93.3399815,5,2,0,1273.539603
230.8502265,5.516735338,1273.539603,0,1,93.3272461,6,2,0,1287.885297
231.9537101,5.552337563,1287.885297,0,1,93.31436725,6,2,0,1300.902931
232.1141129,5.604583519,1300.902931,0,1,93.30135822,6,2,0,1300.970617
234.4008284,5.550196327,1300.970617,0,1,93.28834851,6,2,0,1312.133214
232.8326359,5.635521019,1312.133214,0,1,93.27522718,6,2,0,1305.224045
233.4950167,5.589943902,1305.224045,0,1,93.26217494,6,2,0,1271.094493
229.5197164,5.538062318,1271.094493,0,1,93.249464,6,2,0,1271.239217
228.19762,5.5707821,1271.239217,0,1,93.23675161,6,2,0,1290.889498
232.6157096,5.549451067,1290.889498,0,1,93.22384271,6,2,0,1287.733408
229.0992571,5.620853704,1287.733408,0,1,93.21096538,6,2,0,1249.100539
230.3228366,5.423259618,1249.100539,0,1,93.19847437,6,2,0,1284.719485
229.110791,5.607415871,1284.719485,0,1,93.18562718,6,2,0,1284.385133
229.0559123,5.607299632,1284.385133,0,1,93.17278332,6,2,0,1255.211195
228.4759113,5.49384479,1255.211195,0,1,93.16023121,6,2,0,1285.90217
229.9201642,5.592820335,1285.90217,0,1,93.14737219,6,2,0,1259.029434
228.1491758,5.518448311,1259.029434,0,1,93.1347819,6,2,0,1265.581162
228.1211134,5.547847556,1265.581162,0,1,93.12212608,6,2,0,1255.125335
229.121017,5.47800176,1255.125335,0,1,93.10957483,6,2,0,1278.908917
229.5125262,5.572283738,1278.908917,0,1,93.09678574,6,2,0,-1153.244205
230.6488411,-5,-1153.244205,0,1,93.08409956,6,2,1,1280.180004
232.1897119,5.513508732,1280.180004,0,1,93.07129776,6,2,0,1265.768145
227.8802847,5.554531173,1265.768145,0,1,93.05864008,6,2,0,1298.708864
233.6248058,5.558951067,1298.708864,0,1,93.04565299,6,2,0,1296.618239
231.5693559,5.599265215,1296.618239,0,1,93.03268681,6,2,0,1270.710224
229.4733719,5.53750622,1270.710224,0,1,93.01997971,6,2,0,1279.85842
229.337203,5.58068383,1279.85842,0,1,93.00718112,6,2,0,1268.688393
229.4483668,5.529297989,1268.688393,0,1,92.99449424,6,2,0,1276.391492
230.6027659,5.535022475,1276.391492,0,1,92.98173032,6,2,0,1284.38203
228.7574655,5.614601593,1284.38203,0,1,92.9688865,6,2,0,1284.931393
228.4856456,5.623685415,1284.931393,0,1,92.95603719,6,2,0,1258.319405
226.4544251,5.556612129,1258.319405,0,1,92.943454,6,2,0,1282.37899
232.597589,5.513294424,1282.37899,0,1,92.93063021,6,2,0,1279.92957
228.4190634,5.603427098,1279.92957,0,1,92.91783091,6,2,0,1285.752234
229.6127474,5.599655284,1285.752234,0,1,92.90497339,6,2,0,1281.341467
230.6574887,5.555169589,1281.341467,0,1,92.89215997,6,2,0,1269.370305
228.5245579,5.554634111,1269.370305,0,1,92.87946627,6,2,0,1279.074061
228.0893287,5.607776866,1279.074061,0,1,92.86667553,6,2,0,1287.797105
230.4046917,5.589283342,1287.797105,0,1,92.85379756,6,2,0,1271.692896
226.7511009,5.60832071,1271.692896,0,1,92.84108063,6,2,0,1272.52809
228.0408721,5.580263217,1272.52809,0,1,92.82835535,6,2,0,1252.152925
228.4182348,5.481843104,1252.152925,0,1,92.81583382,6,2,0,1265.320955
230.3714452,5.492525142,1265.320955,0,1,92.80318061,6,2,0,1257.952958
227.0204136,5.541144685,1257.952958,0,1,92.79060108,6,2,0,1254.272963
229.5988834,5.462887905,1254.272963,0,1,92.77805835,6,2,0,1278.293875
230.0782445,5.555909371,1278.293875,0,1,92.76527541,6,2,0,1256.130227
229.4575538,5.474346808,1256.130227,0,1,92.75271411,6,2,0,1260.281081
227.9558548,5.528619048,1260.281081,0,1,92.7401113,6,2,0,1258.005349
227.993828,5.517716683,1258.005349,0,1,92.72753125,6,2,0,1283.961869
231.2408284,5.552487758,1283.961869,0,1,92.71469163,6,2,0,1270.453614
227.4605946,5.585378937,1270.453614,0,1,92.70198709,6,2,0,1276.064057
229.72973,5.554631772,1276.064057,0,1,92.68922645,6,2,0,1273.615664
232.0216102,5.489211385,1273.615664,0,1,92.67649029,6,2,0,1295.516022
233.3755434,5.551207309,1295.516022,0,1,92.66353513,6,2,0,1258.446439
226.5315948,5.555280004,1258.446439,0,1,92.65095067,6,2,0,1264.266039
229.4836914,5.509175973,1264.266039,0,1,92.63830801,6,2,0,1288.593723
227.6349151,5.660791194,1288.593723,0,1,92.62542207,6,2,0,1278.240709
226.964064,5.631907919,1278.240709,0,1,92.61263966,6,2,0,1251.552616
228.327348,5.481396016,1251.552616,0,1,92.60012414,6,2,0,1223.21641
225.0000915,5.436515166,1223.21641,0,1,92.58789197,6,2,0,1290.657081
229.8465085,5.615299921,1290.657081,0,1,92.5749854,6,2,0,1277.163745
229.5509134,5.56374935,1277.163745,0,1,92.56221377,7,2,0,1279.942219
230.7380166,5.547166601,1279.942219,0,1,92.54941434,7,2,0,1268.705458
226.4557064,5.602444195,1268.705458,0,1,92.53672729,7,2,0,1286.89443
231.2190526,5.565693724,1286.89443,0,1,92.52385834,7,2,0,1279.840155
229.4544366,5.577752926,1279.840155,0,1,92.51105994,7,2,0,1253.796198
229.0371966,5.474203389,1253.796198,0,1,92.49852198,7,2,0,1259.013729
228.5395354,5.508953743,1259.013729,0,1,92.48593184,7,2,0,1282.405203
227.8687133,5.627824831,1282.405203,0,1,92.47310779,7,2,0,1259.789079
226.7759611,5.555214374,1259.789079,0,1,92.4605099,7,2,0,1286.956839
231.6721126,5.555078793,1286.956839,0,1,92.44764033,7,2,0,1293.941486
234.3495129,5.521417432,1293.941486,0,1,92.43470092,7,2,0,1272.255802
226.937739,5.60618876,1272.255802,0,1,92.42197836,7,2,0,1268.591483
229.2040656,5.53476868,1268.591483,0,1,92.40929244,7,2,0,1275.361026
229.3387099,5.561036892,1275.361026,0,1,92.39653883,7,2,0,1288.510907
228.4760251,5.639589129,1288.510907,0,1,92.38365373,7,2,0,1309.827807
232.9134702,5.623667047,1309.827807,0,1,92.37055545,7,2,0,1249.338443
225.4591651,5.541306971,1249.338443,0,1,92.35806206,7,2,0,1299.582432
230.97939,5.626399968,1299.582432,0,1,92.34506624,7,2,0,1280.663927
232.5276674,5.507576546,1280.663927,0,1,92.3322596,7,2,0,1279.926048
230.864049,5.544068266,1279.926048,0,1,92.31946034,7,2,0,1271.99349
232.2281169,5.477344893,1271.99349,0,1,92.3067404,7,2,0,1308.444579
233.8085305,5.596222586,1308.444579,0,1,92.29365596,7,2,0,1272.770456
228.546777,5.568971363,1272.770456,0,1,92.28092825,7,2,0,1281.949034
231.7286442,5.532112951,1281.949034,0,1,92.26810876,7,2,0,1297.986821
231.6980525,5.602061852,1297.986821,0,1,92.25512889,7,2,0,1278.099846
232.1957936,5.504405681,1278.099846,0,1,92.2423479,7,2,0,1265.596502
230.0503955,5.501388073,1265.596502,0,1,92.22969193,7,2,0,1284.33433
228.8294997,5.612625695,1284.33433,0,1,92.21684859,7,2,0,1269.417831
226.7450591,5.598436573,1269.417831,0,1,92.20415441,7,2,0,1264.189843
231.5767355,5.459053734,1264.189843,0,1,92.19151251,7,2,0,1270.640027
228.7683243,5.554265569,1270.640027,0,1,92.17880611,7,2,0,1281.249929
228.2227672,5.614032044,1281.249929,0,1,92.16599361,7,2,0,1256.651592
227.0140243,5.535568105,1256.651592,0,1,92.1534271,7,2,0,1298.026322
228.8573409,5.671770531,1298.026322,0,1,92.14044683,7,2,0,1275.572987
228.863024,5.57352151,1275.572987,0,1,92.1276911,7,2,0,1305.95585
231.5705141,5.639560178,1305.95585,0,1,92.11463154,7,2,0,1285.62893
233.7964618,5.498923808,1285.62893,0,1,92.10177526,7,2,0,1252.763753
231.5751511,5.409750345,1252.763753,0,1,92.08924762,7,2,0,1276.792994
229.9957182,5.551377232,1276.792994,0,1,92.07647969,7,2,0,1243.364687
228.5686691,5.439786181,1243.364687,0,1,92.06404604,7,2,0,1285.662239
229.7263097,5.596495413,1285.662239,0,1,92.05118942,7,2,0,2.509012375
228.4080911,0.010984779,2.509012375,0,0,92.05116433,7,0,0,5.069739469
231.1309431,0.02193449,5.069739469,0,0,92.05111363,7,0,0,28.91692469
232.6024702,0.124319078,28.91692469,0,0,92.05082446,7,0,0,23.1044033
228.8907139,0.100940763,23.1044033,0,0,92.05059342,7,0,0,8.836011263
228.2221064,0.038716719,8.836011263,0,0,92.05050506,7,0,0,-6.150233514
228.2355952,-0.026946864,-6.150233514,0,0,92.05056656,7,0,0,4.747258617
230.0320524,0.020637379,4.747258617,0,0,92.05051909,7,0,0,18.71306366
225.8925283,0.082840561,18.71306366,0,0,92.05033196,7,0,0,7.15852477
231.0134103,0.030987486,7.15852477,0,0,92.05026037,7,0,0,17.06233565
231.0875857,0.07383493,17.06233565,0,0,92.05008975,7,0,0,25.32553296
234.8095624,0.107855629,25.32553296,0,0,92.04983649,7,0,0,15.93739014
232.9650819,0.068411068,15.93739014,0,0,92.04967712,7,0,0,18.42230169
227.7166914,0.080900094,18.42230169,0,0,92.0494929,7,0,0,21.24483631
225.146933,0.094359874,21.24483631,0,0,92.04928045,7,0,0,18.70588199
230.5005731,0.081153299,18.70588199,0,0,92.04909339,7,0,0,25.45070336
229.9048902,0.110701009,25.45070336,0,0,92.04883888,7,0,0,-7.053789619
230.6641214,-0.03058035,-7.053789619,0,0,92.04890942,7,0,0,11.18199168
229.7124226,0.048678219,11.18199168,0,0,92.0487976,7,0,0,-3.841496814
233.0824312,-0.01648128,-3.841496814,0,0,92.04883601,7,0,0,7.344532841
227.6894286,0.032256802,7.344532841,0,0,92.0848966,8,0,0,7.121643382
231.823309,0.030720135,7.121643382,0,0,92.1018695,8,0,0,1.999051781
233.5705675,0.008558663,1.999051781,0,0,92.14789509,8,0,0,14.47423376
227.7215514,0.063561106,14.47423376,0,0,92.16409882,8,0,0,22.01497287
227.467728,0.096782841,22.01497287,0,0,92.21045883,8,0,0,10.44591208
230.6643767,0.045286196,10.44591208,0,0,92.22989855,8,0,0,-6.143632132
226.993994,-0.027065175,-6.143632132,0,0,92.27807749,8,0,0,-2.554216943
231.0313182,-0.011055717,-2.554216943,0,0,92.30884147,8,0,0,30.40686801
227.4831542,0.13366646,30.40686801,0,0,92.34431756,8,0,0,12.8037195
232.207011,0.055139246,12.8037195,0,0,92.36333662,8,0,0,-3.428969479
228.8819536,-0.014981389,-3.428969479,0,0,92.385763,8,0,0,18.65868472
230.2402036,0.081040081,18.65868472,0,0,92.41323792,8,0,0,16.18117359
230.856249,0.070091989,16.18117359,0,0,92.43081501,8,0,0,-5.7392717
228.7794134,-0.025086487,-5.7392717,0,0,92.44667999,8,0,0,16.30263366
231.0820154,0.070549124,16.30263366,0,0,92.46972278,8,0,0,3.619256863
227.3638175,0.01591835,3.619256863,0,0,92.50706757,8,0,0,10.998855
231.7171895,0.04746672,10.998855,0,0,92.52047672,8,0,0,33.66401656
231.1287043,0.145650523,33.66401656,0,0,92.56017507,8,0,0,-0.040734994
230.5287443,-0.000176702,-0.040734994,0,0,92.60170348,8,0,0,23.43295511
233.3929239,0.100401309,23.43295511,0,0,92.63723739,8,0,0,0.014685147
231.9025875,6.33E-05,0.014685147,0,0,92.65557635,8,0,0,18.47351271
232.938906,0.079306257,18.47351271,0,0,92.69231771,8,0,0,16.07694443
231.5346199,0.06943646,16.07694443,0,0,92.72505564,8,0,0,6.517735676
230.185483,0.028315147,6.517735676,0,0,92.74550619,8,0,0,16.73120561
231.3828227,0.072309627,16.73120561,0,0,92.76859456,8,0,0,4.548165051
229.9603087,0.019778044,4.548165051,0,0,92.79763568,8,0,0,3.934824094
226.0481451,0.017407018,3.934824094,0,0,92.82637007,8,0,0,31.77330806
231.6533524,0.137158853,31.77330806,0,0,92.86126996,8,0,0,20.51451773
228.3626093,0.089833085,20.51451773,0,0,92.87629344,8,0,0,23.14717477
231.0436194,0.100185302,23.14717477,0,0,92.89735393,8,0,0,14.32004348
228.9855409,0.06253689,14.32004348,0,0,92.93303547,8,0,0,13.15257886
226.717544,0.058013062,13.15257886,0,0,92.95765437,8,0,0,11.29470378
228.1364379,0.049508548,11.29470378,0,0,93.00554777,8,0,0,-1.968059888
229.1930675,-0.008586908,-1.968059888,0,0,93.02180358,8,0,0,14.43214483
235.3941719,0.061310544,14.43214483,0,0,93.03755031,8,0,0,25.49004376
227.0149364,0.112283553,25.49004376,0,0,93.08267832,8,0,0,10.04044905
228.7544809,0.043891814,10.04044905,0,0,93.11698097,8,0,0,8.85715931
231.7727739,0.038214839,8.85715931,0,0,93.14577784,8,0,0,24.6253826
231.2510599,0.106487653,24.6253826,0,0,93.18073503,8,0,0,21.70427051
226.5083616,0.095821056,21.70427051,0,0,93.19780297,8,0,0,32.86914849
229.406453,0.143279093,32.86914849,0,0,93.22628163,8,0,0,-5.668172969
231.6037666,-0.024473579,-5.668172969,0,0,93.25990993,8,0,0,26.03793116
227.6081617,0.114398056,26.03793116,0,0,93.30198414,8,0,0,-10.3102867
231.7616618,-0.044486593,-10.3102867,0,0,93.31566019,8,0,0,13.8478365
230.1881973,0.06015876,13.8478365,0,0,93.34670974,8,0,0,13.13858599
229.0784652,0.057354086,13.13858599,0,0,93.39227953,8,0,0,0.856349126
230.2051873,0.003719938,0.856349126,0,0,93.42228792,8,0,0,6.443133222
230.1481705,0.027995587,6.443133222,0,0,93.44255545,8,0,0,10.59446415
229.0869664,0.046246473,10.59446415,0,0,93.47862877,8,0,0,20.1342969
227.1278183,0.088647428,20.1342969,0,0,93.51074141,8,0,0,-5.177641214
227.0218876,-0.022806793,-5.177641214,0,0,93.55611175,8,0,0,10.09982022
229.8422223,0.043942406,10.09982022,0,0,93.6001329,8,0,0,24.93587228
229.8329193,0.108495651,24.93587228,0,0,93.62076097,8,0,0,18.3330745
231.1736387,0.079304347,18.3330745,0,0,93.67052155,8,0,0,2.429763772
227.510859,0.010679771,2.429763772,0,0,93.70018011,8,0,0,14.53028894
231.5435054,0.062754034,14.53028894,0,0,93.73355463,8,0,0,8.381830733
231.1517378,0.036261163,8.381830733,0,0,93.7560794,8,0,0,0.944950929
228.6606622,0.004132547,0.944950929,0,0,93.77140118,8,0,0,-1.060837989
228.7401932,-0.004637742,-1.060837989,0,0,93.81785735,8,0,0,4.47392385
227.9157708,0.019629725,4.47392385,0,0,93.83678721,8,0,0,252.9333984
227.2131196,1.113198916,252.9333984,1,0,93.84584487,9,1,0,102.8947133
230.4703443,0.446455329,102.8947133,1,0,93.86034827,9,1,0,113.1343189
228.8933171,0.494266588,113.1343189,1,0,93.90643495,9,1,0,98.57904162
229.2614969,0.429985161,98.57904162,1,0,93.92890697,9,1,0,11.22205739
230.136307,0.048762655,11.22205739,0,0,93.94027469,9,0,0,5.040677219
228.84341,0.022026753,5.040677219,0,0,93.96993988,9,0,0,7.672971194
230.5826444,0.033276447,7.672971194,0,0,94.00854343,9,0,0,11.79318159
226.9212041,0.051970382,11.79318159,0,0,94.02529067,9,0,0,-5.8730372
229.1985807,-0.02562423,-5.8730372,0,0,94.04392302,9,0,0,2.350027223
227.9958405,0.010307325,2.350027223,0,0,94.05923812,9,0,0,34.12204621
226.4495009,0.150682806,34.12204621,0,0,94.07757191,9,0,0,-2.572242067
229.5413206,-0.011206009,-2.572242067,0,0,94.11081096,9,0,0,27.08324623
223.8246568,0.121002068,27.08324623,0,0,94.13981064,9,0,0,3.234599128
228.1853312,0.014175316,3.234599128,0,0,94.18758529,9,0,0,-1.256582671
230.3305683,-0.005455562,-1.256582671,0,0,94.2281173,9,0,0,20.25685901
228.5030394,0.088650283,20.25685901,0,0,94.26727092,9,0,0,11.6732403
229.4277985,0.050879799,11.6732403,0,0,94.31277697,9,0,0,-13.18438242
231.8709069,-0.056860874,-13.18438242,0,0,94.34350241,9,0,0,19.12528732
229.1578702,0.083459003,19.12528732,0,0,94.38875776,9,0,0,14.12384631
227.7026669,0.062027584,14.12384631,0,0,94.40593365,9,0,0,15.22789127
233.3435535,0.065259533,15.22789127,0,0,94.43252483,9,0,0,-12.65392261
228.8913299,-0.055283538,-12.65392261,0,0,94.44268176,9,0,0,10.72180442
228.360667,0.046951187,10.72180442,0,0,94.47614486,9,0,0,7.102947339
230.2266564,0.030851976,7.102947339,0,0,94.48648721,9,0,0,23.46696782
227.8410517,0.102997101,23.46696782,0,0,94.51427437,9,0,0,19.06821179
229.4904693,0.083089341,19.06821179,0,0,94.53104262,9,0,0,26.97918388
228.9585138,0.117834377,26.97918388,0,0,94.55682699,9,0,0,9.862945613
230.934853,0.042708779,9.862945613,0,0,94.58963377,9,0,0,19.17981112
229.5078454,0.083569305,19.17981112,0,0,94.62099003,9,0,0,-3.138014148
232.7663768,-0.013481389,-3.138014148,0,0,94.65139526,9,0,0,33.0635383
226.0174084,0.146287574,33.0635383,0,0,94.6934114,9,0,0,13.13312283
231.8623661,0.056641891,13.13312283,0,0,94.71892495,9,0,0,6.584005473
232.9628922,0.028262035,6.584005473,0,0,94.7386854,9,0,0,16.97156271
227.3113484,0.074662188,16.97156271,0,0,94.75109208,9,0,0,10.67893272
227.6413795,0.046911211,10.67893272,0,0,94.78645332,9,0,0,0.000130223
230.1645848,5.66E-07,0.000130223,0,0,94.83487253,9,0,0,11.85399787
230.3624482,0.05145803,11.85399787,0,0,94.87231754,9,0,0,9.602294591
230.3763292,0.041680908,9.602294591,0,0,94.88604496,9,0,0,16.83038538
227.4101422,0.074008948,16.83038538,0,0,94.89809401,9,0,0,13.52360784
229.5343899,0.058917567,13.52360784,0,0,94.91098185,9,0,0,0.602941403
229.6340044,0.002625663,0.602941403,0,0,94.93224165,9,0,0,20.33969355
228.9950938,0.088821525,20.33969355,0,0,94.97504137,9,0,0,23.88416385
228.0766921,0.10471988,23.88416385,0,0,94.99303491,9,0,0,5.606300544
227.4252601,0.024651178,5.606300544,0,0,95.01512956,9,0,0,21.60029166
232.0294094,0.093092905,21.60029166,0,0,95.03334649,9,0,0,23.97768363
228.697056,0.104844741,23.97768363,0,0,95.06546812,9,0,0,23.77921623
230.6386642,0.103101604,23.77921623,0,0,95.10466607,9,0,0,15.02191039
229.7420835,0.065385976,15.02191039,0,0,95.14588651,9,0,0,28.78172881
227.7033558,0.126400108,28.78172881,0,0,95.16366211,9,0,0,25.10202747
229.659,0.109301301,25.10202747,0,0,95.20040867,9,0,0,-2.610997174
230.5925054,-0.011322992,-2.610997174,0,0,95.21964657,9,0,0,8.827408566
229.439804,0.038473745,8.827408566,0,0,95.25998486,9,0,0,19.97756094
229.9747578,0.086868494,19.97756094,0,0,95.29980109,9,0,0,-9.687181366
229.8043041,-0.042154047,-9.687181366,0,0,95.33081404,9,0,0,26.71756691
226.6614095,0.117874353,26.71756691,0,0,95.3633054,9,0,0,31.90803632
230.713096,0.138301799,31.90803632,0,0,95.38668117,9,0,0,30.36958074
226.4207428,0.134128969,30.36958074,0,0,95.43555056,9,0,0,5.035473423
231.3359827,0.021766927,5.035473423,0,0,95.48137871,9,0,0,6.116480558
229.5747446,0.026642654,6.116480558,0,0,95.50939058,9,0,0,5.199301988
232.6765558,0.02234562,5.199301988,0,0,95.53069839,9,0,0,-22.86309117
229.6055591,-0.099575512,-22.86309117,0,0,95.5715141,10,0,0,13.79870674
232.0659134,0.059460291,13.79870674,0,0,95.61923243,10,0,0,30.14436454
231.2522519,0.130352739,30.14436454,0,0,95.66479425,10,0,0,1.066430912
233.0469397,0.004576035,1.066430912,0,0,95.68490111,10,0,0,18.57084168
228.2167927,0.081373686,18.57084168,0,0,95.70384002,10,0,0,21.2295126
229.8952699,0.092344278,21.2295126,0,0,95.73001043,10,0,0,9.352013
230.0741123,0.040647828,9.352013,0,0,95.75801625,10,0,0,-0.292899402
227.2053082,-0.00128914,-0.292899402,0,0,95.78829804,10,0,0,240.1014703
225.9151788,1.062794769,240.1014703,1,0,95.80695219,10,1,0,104.2430698
228.8644124,0.455479595,104.2430698,1,0,95.82116296,10,1,0,128.0831161
233.194838,0.549253651,128.0831161,1,0,95.86575531,10,1,0,112.3394684
228.7617261,0.491076328,112.3394684,1,0,95.89035601,10,1,0,104.9261027
231.4604322,0.453321986,104.9261027,1,0,95.91816509,10,1,0,107.749916
229.8419571,0.468800028,107.749916,1,0,95.9592706,10,1,0,105.948304
228.0778188,0.464526996,105.948304,1,0,95.99477165,10,1,0,114.0343282
226.9272763,0.502514859,114.0343282,1,0,96.03304444,10,1,0,102.2018271
230.2198209,0.443931486,102.2018271,1,0,96.06506315,10,1,0,90.08604688
226.0400553,0.398540191,90.08604688,1,0,96.11036866,10,1,0,114.8306239
229.6241719,0.500080732,114.8306239,1,0,96.14938018,10,1,0,110.7526374
230.0752632,0.481375685,110.7526374,1,0,96.19664169,10,1,0,116.899536
232.2223935,0.50339476,116.899536,1,0,96.23131958,10,1,0,79.23950594
231.0963735,0.342885112,79.23950594,1,0,96.27106944,10,1,0,122.7247854
230.7619458,0.531824192,122.7247854,1,0,96.29083918,10,1,0,134.8061723
229.7216672,0.586823933,134.8061723,1,0,96.31040069,10,1,0,112.1811005
232.8061416,0.481864867,112.1811005,1,0,96.34038161,10,1,0,110.8459563
230.8165191,0.480234069,110.8459563,1,0,96.36213473,10,1,0,101.3588595
225.3078991,0.449868202,101.3588595,1,0,96.37123558,10,1,0,115.2904768
229.3473669,0.502689341,115.2904768,1,0,96.41849945,10,1,0,114.4463775
231.5412237,0.494280784,114.4463775,1,0,96.46100204,10,1,0,101.2599279
234.3624439,0.432065506,101.2599279,1,0,96.49063267,10,1,0,109.2301641
230.0135013,0.47488588,109.2301641,1,0,96.50200431,10,1,0,101.9460118
230.8358077,0.441638639,101.9460118,1,0,96.51170053,10,1,0,101.8911829
228.1077372,0.446680083,101.8911829,1,0,96.52147364,10,1,0,99.47375881
226.0675214,0.440017912,99.47375881,1,0,96.53621325,10,1,0,104.1857837
228.0544101,0.45684617,104.1857837,1,0,96.57252757,10,1,0,111.4917406
232.035065,0.480495224,111.4917406,1,0,96.6077323,10,1,0,93.85026689
227.6426659,0.41227011,93.85026689,1,0,96.64671313,10,1,0,104.6007586
231.6966188,0.451455697,104.6007586,1,0,96.68831556,10,1,0,98.49358112
230.649249,0.427027539,98.49358112,1,0,96.73118116,10,1,0,104.7456563
231.8478027,0.45178628,104.7456563,1,0,96.75684967,10,1,0,91.92396116
226.1081533,0.406548635,91.92396116,1,0,96.78279886,10,1,0,112.285149
232.0882251,0.48380373,112.285149,1,0,96.81670827,10,1,0,101.4499809
231.7935115,0.437673946,101.4499809,1,0,96.84185702,10,1,0,105.5773207
233.1701305,0.452790932,105.5773207,1,0,96.88532565,10,1,0,92.85598041
227.5977365,0.407982882,92.85598041,1,0,96.92375687,10,1,0,92.59312947
230.9015367,0.401006987,92.59312947,1,0,96.9469348,10,1,0,120.3368788
230.8184832,0.521348538,120.3368788,1,0,96.96372458,10,1,0,103.449032
229.9443018,0.449887348,103.449032,1,0,96.99049441,10,1,0,94.9185825
228.8822923,0.414704788,94.9185825,1,0,97.00577595,10,1,0,113.6191726
230.6849391,0.492529651,113.6191726,1,0,97.02916326,10,1,0,92.53049074
225.345784,0.410615584,92.53049074,1,0,97.05336669,10,1,0,109.1042585
230.4685744,0.473401889,109.1042585,1,0,97.07652371,10,1,0,99.03859332
230.4901333,0.429686911,99.03859332,1,0,97.10709515,10,1,0,94.59847872
230.8345772,0.409810696,94.59847872,1,0,97.15199475,10,1,0,112.6020609
229.9969065,0.489580763,112.6020609,1,0,97.17936624,10,1,0,89.52691521
230.79496,0.387906717,89.52691521,1,0,97.22164105,10,1,0,97.64945734
229.4814696,0.425522189,97.64945734,1,0,97.25258071,10,1,0,116.6819096
231.1231149,0.504847426,116.6819096,1,0,97.27938997,10,1,0,116.1187269
230.5010976,0.503766481,116.1187269,1,0,97.28895082,10,1,0,87.34617902
232.5812306,0.375551281,87.34617902,1,0,97.30810677,10,1,0,113.874218
233.6383487,0.487395236,113.874218,1,0,97.31986645,11,1,0,118.3282447
229.5942155,0.515379904,118.3282447,1,0,97.33248402,11,1,0,136.8955766
231.5627174,0.591181422,136.8955766,1,0,97.37983696,11,1,0,96.61741818
230.629263,0.418929571,96.61741818,1,0,97.40468733,11,1,0,99.74312726
228.5941547,0.436332799,99.74312726,1,0,97.45191098,11,1,0,106.1628382
228.9493103,0.46369582,106.1628382,1,0,97.47812714,11,1,0,98.55247471
230.1771275,0.428159287,98.55247471,1,0,97.49083047,11,1,0,103.3562525
226.8853965,0.455543874,103.3562525,1,0,97.51718901,11,1,0,102.1253918
230.8951936,0.442301939,102.1253918,1,0,97.54387648,11,1,0,105.5043106
231.7337271,0.4552825,105.5043106,1,0,97.57311533,11,1,0,90.27702015
228.5213905,0.395048446,90.27702015,1,0,97.61362544,11,1,0,112.5453702
230.8775427,0.48746781,112.5453702,1,0,97.62453479,11,1,0,109.886921
228.1955415,0.481547187,109.886921,1,0,97.64376424,11,1,0,125.0595255
231.7770978,0.539568088,125.0595255,1,0,97.66903802,11,1,0,99.44263819
233.7425397,0.425436629,99.44263819,1,0,97.70667756,11,1,0,108.1150211
228.7674214,0.472597979,108.1150211,1,0,97.71905766,11,1,0,93.87119007
227.8424512,0.41200044,93.87119007,1,0,97.7315129,11,1,0,129.8195522
230.8621307,0.56232502,129.8195522,1,0,97.74487934,11,1,0,100.8083896
228.9303236,0.440345289,100.8083896,1,0,97.7869879,11,1,0,116.1696458
229.6943682,0.505757484,116.1696458,1,0,97.80012157,11,1,0,113.7005895
229.5325162,0.495357221,113.7005895,1,0,97.8165818,11,1,0,122.4382398
229.8967592,0.532579233,122.4382398,1,0,97.83873313,11,1,0,85.09243138
230.4941123,0.369173991,85.09243138,1,0,97.88258935,11,1,0,21.47044438
230.4133545,0.093182292,21.47044438,0,0,97.89400494,11,0,0,14.54352118
226.9691805,0.064077075,14.54352118,0,0,97.94240388,11,0,0,14.46104183
226.8881652,0.063736431,14.46104183,0,0,97.98269689,11,0,0,23.01063913
230.6233579,0.099775839,23.01063913,0,0,98.00520078,11,0,0,16.10953025
228.0101919,0.070652676,16.10953025,0,0,98.04584385,11,0,0,1.831158191
231.9444969,0.007894812,1.831158191,0,0,98.06926247,11,0,0,7.477964428
230.9442596,0.032379954,7.477964428,0,0,98.11662956,11,0,0,20.09657423
229.4057534,0.087602747,20.09657423,0,0,98.15076049,11,0,0,-3.829403297
227.7059645,-0.016817317,-3.829403297,0,0,98.19396612,11,0,0,14.36141802
227.805417,0.063042478,14.36141802,0,0,98.21050881,11,0,0,14.05152119
230.7359964,0.060898696,14.05152119,0,0,98.24775563,11,0,0,31.94195729
228.9518267,0.139513878,31.94195729,0,0,98.27008227,11,0,0,20.42654501
229.139864,0.089144441,20.42654501,0,0,98.28915143,11,0,0,23.46164087
230.6771415,0.101707697,23.46164087,0,0,98.32489668,11,0,0,4.157254608
230.4585308,0.018039057,4.157254608,0,0,98.3599849,11,0,0,10.30546087
226.1688423,0.045565343,10.30546087,0,0,98.37338557,11,0,0,11.88817609
227.9287597,0.05215742,11.88817609,0,0,98.41217941,11,0,0,26.6642664
229.6085344,0.116129248,26.6642664,0,0,98.44432991,11,0,0,9.35330854
227.841759,0.041051775,9.35330854,0,0,98.47486554,11,0,0,-2.550947531
232.5919121,-0.010967482,-2.550947531,0,0,98.48752207,11,0,0,14.07116945
233.0115046,0.060388303,14.07116945,0,0,98.50165755,11,0,0,3.037995275
229.4410777,0.013240852,3.037995275,0,0,98.54844153,11,0,0,23.03012383
226.925309,0.101487683,23.03012383,0,0,98.58851465,11,0,0,19.23871952
230.7283136,0.083382569,19.23871952,0,0,98.60617078,11,0,0,3.515222334
230.5484017,0.015247221,3.515222334,0,0,98.63356372,11,0,0,31.31467379
235.5655757,0.132933998,31.31467379,0,0,98.65011746,11,0,0,-8.112824154
227.925268,-0.035594229,-8.112824154,0,0,98.68918627,11,0,0,8.177571593
228.1412913,0.035844329,8.177571593,0,0,98.70986119,11,0,0,6.937838997
230.2881495,0.030126774,6.937838997,0,0,98.75169238,11,0,0,-6.482257336
231.085071,-0.02805139,-6.482257336,0,0,98.76370982,11,0,0,1.194008294
230.0511096,0.005190187,1.194008294,0,0,98.80066485,11,0,0,21.49898791
225.5360565,0.095323951,21.49898791,0,0,98.84598803,11,0,0,27.95874268
228.756572,0.1222205,27.95874268,0,0,98.86451429,11,0,0,9.150352929
231.1205774,0.039591252,9.150352929,0,0,98.90316169,11,0,0,39.03559249
230.6849494,0.169216035,39.03559249,0,0,98.94355969,11,0,0,16.89343722
228.0510403,0.07407744,16.89343722,0,0,98.9539162,11,0,0,10.73671391
230.2722054,0.046626183,10.73671391,0,0,98.98807827,11,0,0,-4.805812501
228.8331698,-0.021001381,-4.805812501,0,0,99.0152342,12,0,0,2.770567157
232.3373597,0.01192476,2.770567157,0,0,99.03644654,12,0,0,3180.277776
230.7641853,13.78150501,3180.277776,0,1,99.02236047,12,2,0,1288.751449
233.0274143,5.530471394,1288.751449,0,1,99.02806746,12,2,0,1247.389865
226.3405435,5.511119861,1247.389865,0,1,99.03818734,12,2,0,1274.08604
230.8958582,5.51801167,1274.08604,0,1,99.03763332,12,2,0,1284.089751
230.8278612,5.562975563,1284.089751,0,1,99.07433944,12,2,0,1276.14012
231.0423712,5.523402974,1276.14012,0,1,99.11100677,12,2,0,1272.715359
228.0649879,5.580494275,1272.715359,0,1,99.11706124,12,2,0,1244.364901
226.6742005,5.48966269,1244.364901,0,1,99.11789986,12,2,0,1277.438194
230.1569342,5.550292013,1277.438194,0,1,99.14702642,12,2,0,1278.307052
229.3179707,5.574386725,1278.307052,0,1,99.17649704,12,2,0,1274.322073
230.3582835,5.531913391,1274.322073,0,1,99.18610121,12,2,0,1268.671234
230.3715677,5.507065161,1268.671234,0,1,99.19457041,12,2,0,1270.196154
226.7877463,5.600814747,1270.196154,0,1,99.21320773,12,2,0,1263.251128
230.844616,5.472300589,1263.251128,0,1,99.21624849,12,2,0,1292.448111
231.3588316,5.586335744,1292.448111,0,1,99.24081995,12,2,0,1290.119454
227.5575233,5.669421229,1290.119454,0,1,99.25957024,12,2,0,1267.88015
229.6866696,5.520042379,1267.88015,0,1,99.27304071,12,2,0,1270.953578
229.3657528,5.541165419,1270.953578,0,1,99.30001479,12,2,0,1294.573785
230.8092021,5.60884823,1294.573785,0,1,99.33654553,12,2,0,1298.497704
231.9887106,5.597245231,1298.497704,0,1,99.37334829,12,2,0,1272.318163
228.9071017,5.558229314,1272.318163,0,1,99.38220553,12,2,0,1262.704689
227.5137394,5.550015099,1262.704689,0,1,99.41029524,12,2,0,1272.659189
230.8827581,5.512144777,1272.659189,0,1,99.42137295,12,2,0,1262.735138
227.5010104,5.550459473,1262.735138,0,1,99.4349215,12,2,0,1280.50477
231.403587,5.533642699,1280.50477,0,1,99.4640227,12,2,0,1295.803981
230.3709199,5.624859169,1295.803981,0,1,99.49382351,12,2,0,1283.576401
231.9334745,5.534243833,1283.576401,0,1,99.52865486,12,2,0,1257.568579
228.8184392,5.495923245,1257.568579,0,1,99.56295608,12,2,0,1263.150052
229.1755361,5.51171418,1263.150052,0,1,99.5860756,12,2,0,1274.99915
229.3007731,5.560378765,1274.99915,0,1,99.60270807,12,2,0,1274.110086
230.684408,5.523173835,1274.110086,0,1,99.60334502,12,2,0,1312.152044
232.8931073,5.634138594,1312.152044,0,1,99.62639273,12,2,0,1236.369094
227.4762031,5.435157949,1236.369094,0,1,99.64652146,12,2,0,1272.630864
227.8106142,5.586354564,1272.630864,0,1,99.68293341,12,2,0,1276.740558
227.465493,5.612897769,1276.740558,0,1,99.69095117,12,2,0,1273.103295
229.6207549,5.544373789,1273.103295,0,1,99.69273328,12,2,0,1283.946768
227.9818032,5.631794953,1283.946768,0,1,99.72217522,12,2,0,1264.833633
230.5279058,5.486683397,1264.833633,0,1,99.7515207,12,2,0,1262.222163
230.0947459,5.485662691,1262.222163,0,1,99.75259511,12,2,0,1256.948338
226.8226721,5.541546293,1256.948338,0,1,99.75919577,12,2,0,1276.33796
229.4156896,5.563429257,1276.33796,0,1,99.76931162,12,2,0,1273.783069
230.4670643,5.526963571,1273.783069,0,1,99.80389914,12,2,0,1270.996882
228.8730567,5.553283117,1270.996882,0,1,99.83499865,12,2,0,1276.165148
230.8064726,5.52915667,1276.165148,0,1,99.84302535,12,2,0,1270.213008
228.2320496,5.56544539,1270.213008,0,1,99.87281743,12,2,0,1268.023462
227.4628392,5.574640089,1268.023462,0,1,99.88346581,12,2,0,1282.741919
231.4548322,5.542083125,1282.741919,0,1,99.89759712,12,2,0,1287.545248
230.7802857,5.579095476,1287.545248,0,1,99.91220995,12,2,0,1304.975357
230.4285188,5.663254546,1304.975357,0,1,99.93831899,12,2,0,1255.994677
229.6442823,5.469305241,1255.994677,0,1,99.95418651,12,2,0,1265.113319
229.3328372,5.516494432,1265.113319,0,1,99.9635545,12,2,0,1279.949327
227.2690193,5.631868925,1279.949327,0,1,99.97982957,12,2,0,1254.910684
226.8258859,5.532484439,1254.910684,0,1,100,12,2,0,1267.545434
227.3560156,5.575156791,1267.545434,0,1,100,12,2,0,1267.493236
230.5920092,5.496691929,1267.493236,0,1,100,12,2,0,1308.354886
232.788031,5.620370088,1308.354886,0,1,100,12,2,0,1279.338514
229.2612264,5.58026551,1279.338514,0,1,100,12,2,0,1282.188253
231.6208955,5.535719265,1282.188253,0,1,100,12,2,0,1270.381971
228.6713946,5.555491423,1270.381971,0,1,100,13,2,0,1293.047785
230.1614001,5.618004516,1293.047785,0,1,100,13,2,0,1278.331117
230.0779562,5.5560782,1278.331117,0,1,100,13,2,0,1292.832482
232.6179769,5.55774966,1292.832482,0,1,100,13,2,0,1274.729441
227.9915075,5.591126858,1274.729441,0,1,100,13,2,0,1294.703187
228.4886178,5.666379356,1294.703187,0,1,100,13,2,0,1263.869341
230.6179451,5.480359912,1263.869341,0,1,100,13,2,0,1291.115543
229.3812052,5.628689332,1291.115543,0,1,99.9979689,13,2,0,1288.870666
231.9839919,5.555860366,1288.870666,0,1,100,13,2,0,1270.041914
230.038489,5.520997462,1270.041914,0,1,100,13,2,0,1305.739704
233.2223369,5.598690595,1305.739704,0,1,100,13,2,0,1242.251057
224.8225684,5.525473115,1242.251057,0,1,100,13,2,0,1277.602427
232.6013517,5.492669832,1277.602427,0,1,100,13,2,0,1282.407728
232.8758278,5.50683057,1282.407728,0,1,100,13,2,0,1288.988154
229.0529631,5.627467713,1288.988154,0,1,100,13,2,0,1263.932072
231.0637546,5.470057709,1263.932072,0,1,100,13,2,0,1253.67849
226.0432271,5.546189133,1253.67849,0,1,100,13,2,0,1265.877821
229.3779714,5.518741896,1265.877821,0,1,100,13,2,0,1276.606698
228.950624,5.575903991,1276.606698,0,1,99.99797078,13,2,0,1286.129848
229.0868743,5.614157735,1286.129848,0,1,100,13,2,0,1273.741456
230.657512,5.522219695,1273.741456,0,1,100,13,2,0,1279.435036
229.6367984,5.571559283,1279.435036,0,1,100,13,2,0,1281.137338
229.9897158,5.570411412,1281.137338,0,1,100,13,2,0,1263.410393
227.4174933,5.55546706,1263.410393,0,1,100,13,2,0,1261.208945
228.4094687,5.52170167,1261.208945,0,1,100,13,2,0,1266.550299
226.5820467,5.589808711,1266.550299,0,1,100,13,2,0,1286.31675
231.5836371,5.554437118,1286.31675,0,1,100,13,2,0,1259.407504
227.4697785,5.536592649,1259.407504,0,1,100,13,2,0,1291.17609
231.2986321,5.582290212,1291.17609,0,1,100,13,2,0,1267.730069
228.5425821,5.547019104,1267.730069,0,1,100,13,2,0,1277.158659
229.5365816,5.56407458,1277.158659,0,1,99.99834277,13,2,0,1278.47396
228.2756466,5.600570974,1278.47396,0,1,99.99756331,13,2,0,1252.993956
229.7602599,5.453484237,1252.993956,0,1,100,13,2,0,1253.621088
230.2865425,5.443744451,1253.621088,0,1,100,13,2,0,1298.331759
229.6713145,5.652999207,1298.331759,0,1,100,13,2,0,1293.583392
230.3606907,5.615469325,1293.583392,0,1,100,13,2,0,1285.608269
232.4015871,5.531839453,1285.608269,0,1,100,13,2,0,1274.296909
230.7089782,5.5233954,1274.296909,0,1,100,13,2,0,14.43535806
230.1556629,0.062719978,14.43535806,0,0,100,13,0,0,0.126326228
230.6192159,0.00054777,0.126326228,0,0,100,13,0,0,-2.439109198
229.0634892,-0.01064818,-2.439109198,0,0,100,13,0,0,-1151.001828
230.2003656,-5,-1151.001828,0,0,100,13,0,1,-2.287135188
228.7914986,-0.009996592,-2.287135188,0,0,100,13,0,0,-11.6711204
230.3880725,-0.050658527,-11.6711204,0,0,100,13,0,0,5.873692903
232.1805928,0.025297949,5.873692903,0,0,100,13,0,0,1.071957611
230.1250037,0.004658154,1.071957611,0,0,100,13,0,0,1.930898634
232.3242552,0.008311223,1.930898634,0,0,100,13,0,0,19.09060274
229.3559995,0.083235681,19.09060274,0,0,100,13,0,0,19.02310429
229.8929034,0.08274768,19.02310429,0,0,100,13,0,0,17.3680443
229.3883558,0.075714586,17.3680443,0,0,100,13,0,0,8.700614473
232.1545379,0.037477684,8.700614473,0,0,100,13,0,0,8.407174821
228.0760091,0.036861285,8.407174821,0,0,100,13,0,0,15.08582493
233.253887,0.064675556,15.08582493,0,0,100,13,0,0,10.24262796
228.0389945,0.044916125,10.24262796,0,0,100,13,0,0,0.807423536
230.0681878,0.003509497,0.807423536,0,0,100,13,0,0,2.864576773
229.7687289,0.012467218,2.864576773,0,0,100,13,0,0,0.452153706
232.1724551,0.001947491,0.452153706,0,0,100,13,0,0,15.20187322
228.7435043,0.066458164,15.20187322,0,0,100,13,0,0,28.41762754
227.1822561,0.125087355,28.41762754,0,0,100,13,0,0,26.8597458
232.2450784,0.115652594,26.8597458,0,0,100,13,0,0,1.530113692
231.7224625,0.006603217,1.530113692,0,0,100,14,0,0,3.934741192
233.7252502,0.0168349,3.934741192,0,0,100,14,0,0,22.77747431
229.4782254,0.099257671,22.77747431,0,0,100,14,0,0,6.140181307
228.937454,0.026820344,6.140181307,0,0,100,14,0,0,24.31573826
228.474779,0.106426356,24.31573826,0,0,100,14,0,0,20.59073801
230.4358922,0.089355603,20.59073801,0,0,100,14,0,0,8.873882407
229.7919735,0.038617025,8.873882407,0,0,100,14,0,0,22.1980869
231.0786745,0.096062897,22.1980869,0,0,100,14,0,0,8.407118897
228.5912405,0.036777957,8.407118897,0,0,100,14,0,0,-1.717118214
228.7984966,-0.007504937,-1.717118214,0,0,100,14,0,0,6.313088143
230.9848566,0.027331178,6.313088143,0,0,100,14,0,0,8.378453622
233.440826,0.035891124,8.378453622,0,0,100,14,0,0,14.64577235
227.8411497,0.064280629,14.64577235,0,0,100,14,0,0,-9.177173276
227.4690022,-0.04034472,-9.177173276,0,0,100,14,0,0,-1.094475083
232.5405226,-0.004706599,-1.094475083,0,0,100,14,0,0,13.22406271
228.893794,0.057773793,13.22406271,0,0,100,14,0,0,16.08635741
231.1298534,0.069598787,16.08635741,0,0,100,14,0,0,20.35850308
229.0386043,0.088886776,20.35850308,0,0,100,14,0,0,14.97091461
230.2740353,0.065013472,14.97091461,0,0,100,14,0,0,-0.683624618
236.3977634,-0.00289184,-0.683624618,0,0,100,14,0,0,262.1599597
228.90494,1.145278733,262.1599597,1,0,100,14,1,0,75.91857839
227.2098698,0.334134157,75.91857839,1,0,100,14,1,0,91.66078531
230.3630131,0.397897145,91.66078531,1,0,100,14,1,0,102.5896698
234.6629046,0.437178897,102.5896698,1,0,100,14,1,0,96.98497346
230.2046711,0.421298895,96.98497346,1,0,100,14,1,0,117.0252018
225.8850119,0.518074222,117.0252018,1,0,100,14,1,0,123.8202256
229.7765458,0.538872343,123.8202256,1,0,100,14,1,0,107.0724392
229.2448383,0.467065867,107.0724392,1,0,100,14,1,0,98.27003277
229.8143531,0.427606159,98.27003277,1,0,100,14,1,0,105.139499
228.6812703,0.459764365,105.139499,1,0,100,14,1,0,97.03928227
231.7940574,0.418644392,97.03928227,1,0,100,14,1,0,6.841015817
229.5918592,0.029796422,6.841015817,0,0,100,14,0,0,10.97491004
231.1328322,0.047483129,10.97491004,0,0,100,14,0,0,7.943972903
228.567394,0.034755495,7.943972903,0,0,100,14,0,0,-8.850466601
230.6342163,-0.038374473,-8.850466601,0,0,100,14,0,0,-10.17472828
229.6808069,-0.044299428,-10.17472828,0,0,100,14,0,0,15.16422894
229.8244465,0.065981793,15.16422894,0,0,100,14,0,0,3208.81454
230.6827687,13.91007468,3208.81454,0,1,99.98934064,14,2,0,1258.359955
231.8390251,5.427731396,1258.359955,0,1,99.9950584,14,2,0,1276.782762
229.7011408,5.558451985,1276.782762,0,1,100,14,2,0,1278.018314
227.2185972,5.62462021,1278.018314,0,1,100,14,2,0,1280.082967
228.2240805,5.608886513,1280.082967,0,1,100,14,2,0,1517.856018
228.338247,6.647401554,1517.856018,1,1,100,14,3,0,77.52384614
229.2382461,0.338180245,77.52384614,1,0,100,14,1,0,103.171598
230.4459036,0.447704196,103.171598,1,0,100,14,1,0,111.4067631
231.6082517,0.481013791,111.4067631,1,0,100,14,1,0,98.72307124
230.3527755,0.428573396,98.72307124,1,0,100,14,1,0,104.036834
231.659592,0.449093573,104.036834,1,0,100,14,1,0,94.69277936
232.08871,0.408002524,94.69277936,1,0,100,14,1,0,112.985794
231.3477063,0.48838087,112.985794,1,0,100,14,1,0,123.4443687
228.6786769,0.539815825,123.4443687,1,0,100,14,1,0,87.23230841
228.2537703,0.382172475,87.23230841,1,0,100,14,1,0,21.54773108
232.5609169,0.092654137,21.54773108,0,0,100,14,0,0,5.385639501
232.5893779,0.02315514,5.385639501,0,0,100,14,0,0,21.70183053
229.3002832,0.094643714,21.70183053,0,0,100,14,0,0,19.35182483
226.1274812,0.08557927,19.35182483,0,0,100,14,0,0,24.70626996
232.9844178,0.106042585,24.70626996,0,0,100,14,0,0,12.75049813
229.6787085,0.055514498,12.75049813,0,0,100,14,0,0,26.5523984
232.616049,0.114146889,26.5523984,0,0,100,14,0,0,13.111831
227.5175002,0.057629989,13.111831,0,0,100,14,0,0,4.175160815
228.6897889,0.018256875,4.175160815,0,0,100,15,0,0,5.332242175
228.5516519,0.023330578,5.332242175,0,0,100,15,0,0,3.43430417
228.4428941,0.015033535,3.43430417,0,0,100,15,0,0,24.24585101
226.3714758,0.107106476,24.24585101,0,0,100,15,0,0,-0.245334224
234.3027679,-0.001047082,-0.245334224,0,0,100,15,0,0,1.861705988
231.9588244,0.008026019,1.861705988,0,0,100,15,0,0,14.06417922
229.5695353,0.061263265,14.06417922,0,0,100,15,0,0,27.40546165
227.9866537,0.12020643,27.40546165,0,0,100,15,0,0,0.687212791
232.9793419,0.002949673,0.687212791,0,0,100,15,0,0,21.02838884
231.1252023,0.090982674,21.02838884,0,0,100,15,0,0,15.5852671
227.7460292,0.068432662,15.5852671,0,0,100,15,0,0,13.401441
232.0185764,0.057760207,13.401441,0,0,100,15,0,0,12.78234386
227.8232506,0.056106406,12.78234386,0,0,100,15,0,0,4.920461778
231.361694,0.0212674,4.920461778,0,0,100,15,0,0,10.21047587
233.6742282,0.043695344,10.21047587,0,0,100,15,0,0,29.75023202
229.9666858,0.129367573,29.75023202,0,0,100,15,0,0,3.781180397
229.4628938,0.016478396,3.781180397,0,0,100,15,0,0,3.543743311
226.9672394,0.015613457,3.543743311,0,0,100,15,0,0,11.48822705
232.2121619,0.049472977,11.48822705,0,0,100,15,0,0,25.81059013
232.3266331,0.111096131,25.81059013,0,0,100,15,0,0,24.86131709
230.1717932,0.108012006,24.86131709,0,0,100,15,0,0,5.78137621
231.6560068,0.024956729,5.78137621,0,0,100,15,0,0,7.025529649
229.0719624,0.030669531,7.025529649,0,0,100,15,0,0,5.782480399
231.975144,0.024927155,5.782480399,0,0,100,15,0,0,-7.099297236
231.8796782,-0.030616298,-7.099297236,0,0,100,15,0,0,-16.73808389
232.0175648,-0.072141451,-16.73808389,0,0,100,15,0,0,14.03118695
233.3399106,0.060131963,14.03118695,0,0,100,15,0,0,3.310687267
227.3341237,0.01456309,3.310687267,0,0,100,15,0,0,8.108133561
230.8691281,0.035120042,8.108133561,0,0,100,15,0,0,9.801836678
229.6302139,0.042685309,9.801836678,0,0,100,15,0,0,21.94332667
228.9995497,0.095822576,21.94332667,0,0,100,15,0,0,42.00059067
232.1112996,0.18095022,42.00059067,0,0,100,15,0,0,30.54068733
227.8748186,0.134023968,30.54068733,0,0,100,15,0,0,16.75646585
230.2493,0.072775317,16.75646585,0,0,100,15,0,0,22.38239296
231.3317348,0.096754529,22.38239296,0,0,100,15,0,0,16.89333806
231.2496548,0.073052382,16.89333806,0,0,100,15,0,0,3221.869357
231.6629709,13.90757161,3221.869357,0,1,100,15,2,0,1278.167069
229.9989615,5.557273218,1278.167069,0,1,100,15,2,0,1271.745718
229.9832929,5.529730885,1271.745718,0,1,100,15,2,0,1298.883104
231.1519234,5.619174976,1298.883104,0,1,100,15,2,0,1270.403852
229.4067231,5.537779515,1270.403852,0,1,100,15,2,0,1280.939587
229.1759489,5.589328171,1280.939587,0,1,100,15,2,0,1292.29753
229.6109705,5.628204642,1292.29753,0,1,100,15,2,0,1268.030673
231.423491,5.479265165,1268.030673,0,1,100,15,2,0,1271.925205
225.7197871,5.634974327,1271.925205,0,1,100,15,2,0,1272.395667
228.0974639,5.578298178,1272.395667,0,1,100,15,2,0,1268.327967
227.0758483,5.585481574,1268.327967,0,1,100,15,2,0,1268.822502
229.2838027,5.533851442,1268.822502,0,1,100,15,2,0,1298.65095
231.604977,5.607180669,1298.65095,0,1,100,15,2,0,1271.902851
230.2131964,5.524891149,1271.902851,0,1,100,15,2,0,1272.591262
230.3822028,5.523826259,1272.591262,0,1,100,15,2,0,1274.858898
229.7239492,5.549525432,1274.858898,0,1,100,15,2,0,1273.385298
232.0683653,5.4871128,1273.385298,0,1,100,15,2,0,1262.855381
227.1227815,5.560232106,1262.855381,0,1,100,15,2,0,1285.088142
229.698571,5.594671908,1285.088142,0,1,100,15,2,0,1277.008787
231.207023,5.523226632,1277.008787,0,1,100,15,2,0,1270.483023
230.0373779,5.52294168,1270.483023,0,1,100,15,2,0,1238.021331
226.0793751,5.47604721,1238.021331,0,1,100,15,2,0,1297.087206
230.9633984,5.615985973,1297.087206,0,1,100,15,2,0,1263.228262
228.2672615,5.533987893,1263.228262,0,1,100,15,2,0,1264.871057
229.052623,5.522185428,1264.871057,0,1,100,16,2,0,1297.427834
233.8048245,5.549191881,1297.427834,0,1,100,16,2,0,1233.367537
225.7730428,5.462864484,1233.367537,0,1,100,16,2,0,1263.75658
228.9433478,5.519953264,1263.75658,0,1,100,16,2,0,1287.752316
228.7072871,5.630569677,1287.752316,0,1,99.99824786,16,2,0,1277.732125
228.1952366,5.599293585,1277.732125,0,1,100,16,2,0,1293.481497
231.6180204,5.584546031,1293.481497,0,1,100,16,2,0,1253.639731
226.412841,5.53696392,1253.639731,0,1,100,16,2,0,1281.312427
232.3790992,5.513888433,1281.312427,0,1,100,16,2,0,1287.974641
231.1343479,5.572406924,1287.974641,0,1,100,16,2,0,1263.127553
226.671278,5.572508189,1263.127553,0,1,100,16,2,0,1259.638101
228.1740083,5.520515287,1259.638101,0,1,100,16,2,0,1295.073521
230.2217149,5.625331743,1295.073521,0,1,100,16,2,0,1286.1395
231.0663286,5.566105227,1286.1395,0,1,100,16,2,0,1275.434018
231.9049013,5.499814844,1275.434018,0,1,100,16,2,0,1244.837303
225.3545524,5.523905727,1244.837303,0,1,100,16,2,0,1276.795499
229.8619006,5.554619948,1276.795499,0,1,100,16,2,0,20.02112566
232.7608418,0.086015867,20.02112566,0,0,100,16,0,0,9.960719874
228.134669,0.043661579,9.960719874,0,0,100,16,0,0,27.02781748
229.7018622,0.117664773,27.02781748,0,0,100,16,0,0,6.504272709
230.2498512,0.02824876,6.504272709,0,0,100,16,0,0,14.62291113
227.891047,0.064166238,14.62291113,0,0,100,16,0,0,10.18178734
231.0450817,0.044068401,10.18178734,0,0,100,16,0,0,14.03491505
230.4144083,0.060911621,14.03491505,0,0,100,16,0,0,4.902171902
229.2798042,0.02138074,4.902171902,0,0,100,16,0,0,19.65643886
233.8796471,0.084045102,19.65643886,0,0,100,16,0,0,6.828010513
233.7055802,0.029216292,6.828010513,0,0,100,16,0,0,-1.590861995
229.2040622,-0.006940811,-1.590861995,0,0,100,16,0,0,-2.554200742
229.7754649,-0.011116073,-2.554200742,0,0,100,16,0,0,0.048458874
234.0497942,0.000207045,0.048458874,0,0,100,16,0,0,7.913373521
229.6359434,0.034460518,7.913373521,0,0,100,16,0,0,20.81822415
229.5923918,0.090674713,20.81822415,0,0,100,16,0,0,-4.46396151
234.3598254,-0.019047469,-4.46396151,0,0,100,16,0,0,1.246686841
229.1244389,0.005441091,1.246686841,0,0,100,16,0,0,19.33826523
232.4725161,0.083185168,19.33826523,0,0,100,16,0,0,10.55952414
230.7354419,0.045764639,10.55952414,0,0,100,16,0,0,9.78399901
229.6923479,0.042596103,9.78399901,0,0,100,16,0,0,-1.934364343
232.429967,-0.008322353,-1.934364343,0,0,100,16,0,0,23.96120925
231.022865,0.103717912,23.96120925,0,0,100,16,0,0,8.402598816
232.6524155,0.036116534,8.402598816,0,0,100,16,0,0,16.00684502
229.1051387,0.069866809,16.00684502,0,0,100,16,0,0,-5.404810072
229.7441807,-0.02352534,-5.404810072,0,0,100,16,0,0,-10.59964817
230.8818209,-0.04590941,-10.59964817,0,0,100,16,0,0,8.62360615
228.7190821,0.037703921,8.62360615,0,0,100,16,0,0,12.42342972
230.8188176,0.053823297,12.42342972,0,0,100,16,0,0,-3.371866027
233.5422814,-0.014437925,-3.371866027,0,0,100,16,0,0,18.86397375
228.1038887,0.082699045,18.86397375,0,0,100,16,0,0,7.175810585
229.3353502,0.031289597,7.175810585,0,0,100,16,0,0,23.60054201
228.6169602,0.103231807,23.60054201,0,0,100,16,0,0,14.56452108
228.6049732,0.06371043,14.56452108,0,0,100,16,0,0,1.535211572
229.7163475,0.006683075,1.535211572,0,0,100,16,0,0,1.44284386
229.678551,0.006282014,1.44284386,0,0,100,16,0,0,6.958749781
230.3332425,0.030211661,6.958749781,0,0,100,16,0,0,7.317176403
231.600554,0.03159395,7.317176403,0,0,100,16,0,0,-5.086915651
232.4327237,-0.02188554,-5.086915651,0,0,100,16,0,0,17.84814978
228.421015,0.078137074,17.84814978,0,0,100,16,0,0,31.19990455
231.0047282,0.135061757,31.19990455,0,0,100,16,0,0,-8.030199472
227.3682376,-0.035318035,-8.030199472,0,0,100,16,0,0,-3.105594696
228.6932893,-0.013579737,-3.105594696,0,0,100,16,0,0,18.16753318
230.8833022,0.078687081,18.16753318,0,0,100,16,0,0,1.504829955
231.4843967,0.006500784,1.504829955,0,0,100,17,0,0,21.47821957
232.9928815,0.092184016,21.47821957,0,0,100,17,0,0,-4.396760116
228.4848738,-0.019243112,-4.396760116,0,0,100,17,0,0,5.706825325
227.8382217,0.025047708,5.706825325,0,0,100,17,0,0,6.482474213
234.7813694,0.027610684,6.482474213,0,0,100,17,0,0,8.29221579
232.0887937,0.035728635,8.29221579,0,0,100,17,0,0,-0.079449793
230.7783077,-0.000344269,-0.079449793,0,0,100,17,0,0,21.46998709
230.3393949,0.093210226,21.46998709,0,0,100,17,0,0,19.11846873
229.2717263,0.083387817,19.11846873,0,0,100,17,0,0,11.97830822
229.4571016,0.052202822,11.97830822,0,0,100,17,0,0,17.53796377
232.341772,0.075483473,17.53796377,0,0,100,17,0,0,9.428584611
225.6897729,0.041776747,9.428584611,0,0,100,17,0,0,1.785115304
231.8003197,0.007701091,1.785115304,0,0,100,17,0,0,18.04628576
230.4495663,0.078309046,18.04628576,0,0,100,17,0,0,-1.685206692
231.2294962,-0.007288026,-1.685206692,0,0,100,17,0,0,19.9739901
227.2853568,0.087880673,19.9739901,0,0,100,17,0,0,13.67540086
230.6093023,0.059301168,13.67540086,0,0,100,17,0,0,27.72730235
228.229827,0.121488513,27.72730235,0,0,100,17,0,0,13.58412383
234.7331963,0.057870485,13.58412383,0,0,100,17,0,0,45.00850521
230.3577277,0.195385263,45.00850521,0,0,100,17,0,0,15.30430159
228.3630909,0.067017404,15.30430159,0,0,100,17,0,0,-5.54924744
227.3918492,-0.024403898,-5.54924744,0,0,100,17,0,0,27.47420776
231.4213739,0.118719405,27.47420776,0,0,100,17,0,0,8.333748242
233.3197656,0.035718141,8.333748242,0,0,100,17,0,0,7.098821895
231.4421377,0.030672124,7.098821895,0,0,100,17,0,0,19.88220654
227.4626105,0.08740868,19.88220654,0,0,100,17,0,0,32.32069357
228.372306,0.141526327,32.32069357,0,0,100,17,0,0,-3.780349981
226.5820583,-0.016684242,-3.780349981,0,0,100,17,0,0,2.092659193
230.5137767,0.009078239,2.092659193,0,0,100,17,0,0,26.14928876
227.5959416,0.114893476,26.14928876,0,0,100,17,0,0,10.04957574
232.7505471,0.043177453,10.04957574,0,0,100,17,0,0,29.58828591
232.0954321,0.127483276,29.58828591,0,0,100,17,0,0,12.21411955
230.5957592,0.052967668,12.21411955,0,0,100,17,0,0,15.43449754
229.4577938,0.067265083,15.43449754,0,0,100,17,0,0,19.30590897
228.9963439,0.084306625,19.30590897,0,0,100,17,0,0,6.146269027
228.9167356,0.026849365,6.146269027,0,0,100,17,0,0,14.91369265
230.5721666,0.064681236,14.91369265,0,0,100,17,0,0,-7.575644242
233.7665375,-0.03240688,-7.575644242,0,0,100,17,0,0,15.28787281
231.3972685,0.066067646,15.28787281,0,0,100,17,0,0,-2.835429027
227.863927,-0.012443519,-2.835429027,0,0,100,17,0,0,1.639704149
233.5199912,0.007021686,1.639704149,0,0,100,17,0,0,24.63402793
229.8435433,0.107177376,24.63402793,0,0,100,17,0,0,9.933595074
226.4288704,0.043870709,9.933595074,0,0,100,17,0,0,12.02866987
227.4074475,0.052894793,12.02866987,0,0,100,17,0,0,3.808313962
227.9801724,0.016704584,3.808313962,0,0,100,17,0,0,28.41302614
230.7224154,0.123148096,28.41302614,0,0,100,17,0,0,22.50478118
227.7583439,0.098809909,22.50478118,0,0,100,17,0,0,25.43407967
230.2293179,0.11047281,25.43407967,0,0,100,17,0,0,7.594301797
231.0931272,0.032862517,7.594301797,0,0,100,17,0,0,30.40045402
230.9191712,0.131649762,30.40045402,0,0,100,17,0,0,20.91175149
228.2913152,0.09160117,20.91175149,0,0,100,17,0,0,20.87984505
231.0817658,0.090356956,20.87984505,0,0,100,17,0,0,7.283096446
230.4924881,0.031597977,7.283096446,0,0,100,17,0,0,18.39331677
228.6182502,0.08045428,18.39331677,0,0,100,17,0,0,25.80822608
231.2104724,0.111622219,25.80822608,0,0,100,17,0,0,10.49201952
230.7588271,0.045467468,10.49201952,0,0,100,17,0,0,13.30374364
228.5763475,0.058202626,13.30374364,0,0,100,17,0,0,22.40540466
231.0988247,0.096951617,22.40540466,0,0,100,17,0,0,7.622393119
231.1951746,0.032969516,7.622393119,0,0,100,17,0,0,-1.513213977
231.2916493,-0.00654245,-1.513213977,0,0,100,17,0,0,-7.276905089
227.6828538,-0.031960707,-7.276905089,0,0,100.0000728,18,0,0,17.18971917
230.7608672,0.074491483,17.18971917,0,0,99.99990087,18,0,0,9.122902522
231.6618326,0.039380257,9.122902522,0,0,99.99980964,18,0,0,12.36780977
226.6078469,0.05457803,12.36780977,0,0,99.99968596,18,0,0,-22.64619402
226.3244773,-0.100060737,-22.64619402,0,0,99.99991243,18,0,0,14.93998721
231.0713162,0.064655308,14.93998721,0,0,99.99976303,18,0,0,5.753608029
228.3795248,0.025193187,5.753608029,0,0,99.99970549,18,0,0,15.15149877
231.7292929,0.065384478,15.15149877,0,0,99.99955398,18,0,0,25.37321149
228.4813097,0.111051585,25.37321149,0,0,99.99930024,18,0,0,-4.808270035
230.4781799,-0.020862149,-4.808270035,0,0,99.99934833,18,0,0,44.39523363
228.9442009,0.193912899,44.39523363,0,0,99.99890437,18,0,0,2.86905111
230.9493807,0.012422857,2.86905111,0,0,99.99887568,18,0,0,1.756786418
227.3338062,0.007727783,1.756786418,0,0,99.99885812,18,0,0,28.55156578
229.2883092,0.124522554,28.55156578,0,0,99.9985726,18,0,0,35.8818812
232.2880463,0.154471493,35.8818812,0,0,99.99821378,18,0,0,1.091189585
230.1695353,0.004740808,1.091189585,0,0,99.99820287,18,0,0,-3.080977366
226.2970269,-0.01361475,-3.080977366,0,0,99.99823368,18,0,0,18.78461914
230.5144158,0.081489997,18.78461914,0,0,99.99804583,18,0,0,0.965080969
231.878298,0.004162015,0.965080969,0,0,99.99803618,18,0,0,12.57372561
231.1998285,0.054384667,12.57372561,0,0,99.99791044,18,0,0,2.54265894
232.8588132,0.010919316,2.54265894,0,0,99.99788502,18,0,0,9.799877467
227.6938687,0.043039707,9.799877467,0,0,99.99778702,18,0,0,20.63269885
233.5163524,0.088356548,20.63269885,0,0,99.99758069,18,0,0,29.10646801
230.9602913,0.126023689,29.10646801,0,0,99.99728963,18,0,0,23.68355259
230.6380802,0.102687087,23.68355259,0,0,99.99705279,18,0,0,31.50610545
232.5220665,0.135497271,31.50610545,0,0,99.99673773,18,0,0,20.84894252
229.3735686,0.09089514,20.84894252,0,0,99.99652924,18,0,0,5.311067569
230.3543943,0.023056072,5.311067569,0,0,99.99647613,18,0,0,22.09286876
233.3300779,0.094685044,22.09286876,0,0,99.9962552,18,0,0,3.25691099
231.421157,0.014073523,3.25691099,0,0,99.99622263,18,0,0,25.63938244
228.8870742,0.112017608,25.63938244,0,0,99.99596624,18,0,0,9.525459034
230.0257952,0.041410395,9.525459034,0,0,99.99587098,18,0,0,28.467083
232.0441732,0.122679586,28.467083,0,0,99.99558631,18,0,0,3.148134049
228.6354943,0.013769227,3.148134049,0,0,99.99555483,18,0,0,18.79373368
230.8201738,0.081421539,18.79373368,0,0,99.9953669,18,0,0,11.55756945
227.6101581,0.050777916,11.55756945,0,0,99.99525132,18,0,0,23.50909561
227.0369036,0.103547464,23.50909561,0,0,99.99501623,18,0,0,6.705492892
232.238606,0.028873291,6.705492892,0,0,99.99494917,18,0,0,-4.049273734
232.8577911,-0.017389471,-4.049273734,0,0,99.99498967,18,0,0,-1.640228773
231.3703125,-0.007089193,-1.640228773,0,0,99.99500607,18,0,0,-6.438293985
232.0356509,-0.027747003,-6.438293985,0,0,99.99507045,18,0,0,23.53000869
230.2707326,0.102184105,23.53000869,0,0,99.99483515,18,0,0,-2.226271514
228.5333892,-0.009741559,-2.226271514,0,0,99.99485741,18,0,0,15.9283915
227.8099905,0.069919636,15.9283915,0,0,99.99469813,18,0,0,11.76659955
226.9591415,0.051844572,11.76659955,0,0,99.99458046,18,0,0,12.41041403
227.8017771,0.054479004,12.41041403,0,0,99.99445636,18,0,0,5.318731215
229.7324108,0.023151854,5.318731215,0,0,99.99440317,18,0,0,16.56573046
230.6290262,0.071828472,16.56573046,0,0,99.99423752,18,0,0,1.970670744
226.9960275,0.008681521,1.970670744,0,0,99.99421781,18,0,0,10.5294197
227.8309222,0.046215938,10.5294197,0,0,99.99411251,18,0,0,30.76675604
232.6774081,0.132229237,30.76675604,0,0,99.99380485,18,0,0,42.22178557
231.894382,0.182073344,42.22178557,0,0,99.99338263,18,0,0,11.22502348
229.3663997,0.048939267,11.22502348,0,0,99.99327038,18,0,0,12.04224084
234.3239782,0.051391415,12.04224084,0,0,99.99314996,18,0,0,15.38499127
229.9017182,0.066919862,15.38499127,0,0,99.99299611,18,0,0,4.831605691
229.2606715,0.021074725,4.831605691,0,0,99.99294779,18,0,0,17.62105844
233.2181828,0.075556109,17.62105844,0,0,99.99277158,18,0,0,13.13581309
231.5747609,0.056723855,13.13581309,0,0,99.99264022,18,0,0,2.954718259
229.8059298,0.01285745,2.954718259,0,0,99.99261067,18,0,0,13.10828962
231.3235293,0.056666478,13.10828962,0,0,99.99247959,18,0,0,10.18579596
230.33995,0.044220709,10.18579596,0,0,99.99237773,19,0,0,15.11018672
232.8650377,0.064888172,15.11018672,0,0,99.99222663,19,0,0,17.24230122
224.3805013,0.076844027,17.24230122,0,0,99.99205421,19,0,0,16.8873072
230.711149,0.073196754,16.8873072,0,0,99.99188534,19,0,0,23.04676243
231.8197141,0.099416749,23.04676243,0,0,99.99165487,19,0,0,-10.52557339
229.9138218,-0.045780516,-10.52557339,0,0,99.99176012,19,0,0,253.0189131
229.9630513,1.100258983,253.0189131,1,0,99.98922994,19,1,0,110.627497
231.6499859,0.47756315,110.627497,1,0,99.98812366,19,1,0,89.86702941
229.6950697,0.391244921,89.86702941,1,0,99.98722499,19,1,0,98.76622972
229.8306888,0.429734733,98.76622972,1,0,99.98623733,19,1,0,85.28716686
227.869345,0.374281002,85.28716686,1,0,99.98538446,19,1,0,77.05234789
225.0771389,0.342337513,77.05234789,1,0,99.98461393,19,1,0,87.87065719
228.2049113,0.38505156,87.87065719,1,0,99.98373523,19,1,0,101.3505814
231.4613785,0.437872539,101.3505814,1,0,99.98272172,19,1,0,104.1515908
229.1507186,0.454511299,104.1515908,1,0,99.9816802,19,1,0,117.6258604
232.2655064,0.50642845,117.6258604,1,0,99.98050395,19,1,0,93.60863219
228.1066942,0.41037214,93.60863219,1,0,99.97956786,19,1,0,100.2570178
227.4950173,0.44069984,100.2570178,1,0,99.97856529,19,1,0,102.0473767
229.4266593,0.44479302,102.0473767,1,0,99.97754482,19,1,0,82.68152745
227.2319643,0.363863982,82.68152745,1,0,99.976718,19,1,0,92.77247341
229.6353397,0.403999112,92.77247341,1,0,99.97579028,19,1,0,116.8816729
232.7887816,0.502093237,116.8816729,1,0,99.97462146,19,1,0,112.8327315
227.9611544,0.494964731,112.8327315,1,0,99.97349313,19,1,0,106.6945331
228.492087,0.46695067,106.6945331,1,0,99.97242619,19,1,0,98.5189753
226.2917037,0.435362736,98.5189753,1,0,99.971441,19,1,0,100.9967508
230.1904528,0.438752996,100.9967508,1,0,99.97043103,19,1,0,117.3464645
229.777283,0.510696545,117.3464645,1,0,99.96925756,19,1,0,100.4482286
231.6546188,0.433612026,100.4482286,1,0,99.96825308,19,1,0,114.6644349
226.5568715,0.506117665,114.6644349,1,0,99.96710644,19,1,0,85.74481835
231.4254993,0.37050722,85.74481835,1,0,99.96624899,19,1,0,109.0999095
227.6872938,0.47916556,109.0999095,1,0,99.96515799,19,1,0,92.39175046
230.9609711,0.400031876,92.39175046,1,0,99.96423407,19,1,0,121.4724701
230.8225393,0.526259136,121.4724701,1,0,99.96301935,19,1,0,111.9788595
230.0694244,0.486717693,111.9788595,1,0,99.96189956,19,1,0,89.76991717
229.2923877,0.391508493,89.76991717,1,0,99.96100186,19,1,0,95.78150577
231.564111,0.413628456,95.78150577,1,0,99.96004404,19,1,0,97.54102921
232.0429409,0.420357667,97.54102921,1,0,99.95906863,19,1,0,113.0666538
231.6421382,0.488109179,113.0666538,1,0,99.95793797,19,1,0,110.9899802
228.5672116,0.485590122,110.9899802,1,0,99.95682807,19,1,0,106.4479078
232.5932192,0.45765697,106.4479078,1,0,99.95576359,19,1,0,109.1230065
229.5597738,0.475357702,109.1230065,1,0,99.95467236,19,1,0,115.0937719
226.7360531,0.507611253,115.0937719,1,0,99.95352142,19,1,0,96.70778199
227.8875967,0.42436615,96.70778199,1,0,99.95255434,19,1,0,99.21516305
230.2576701,0.430887549,99.21516305,1,0,99.95156219,19,1,0,99.6867544
228.1317963,0.436970015,99.6867544,1,0,99.95056532,19,1,0,103.5674892
233.1957816,0.444122481,103.5674892,1,0,99.94952965,19,1,0,100.1833932
228.0668219,0.439272106,100.1833932,1,0,99.94852782,19,1,0,102.7249726
228.8831438,0.448809689,102.7249726,1,0,99.94750057,19,1,0,116.1102334
234.1795639,0.495817105,116.1102334,1,0,99.94633946,19,1,0,94.97514262
230.642652,0.411784819,94.97514262,1,0,99.94538971,19,1,0,82.28766507
225.9294105,0.364218474,82.28766507,1,0,99.94456684,19,1,0,114.3549238
232.6903392,0.491446805,114.3549238,1,0,99.94342329,19,1,0,113.3680101
228.7751953,0.495543277,113.3680101,1,0,99.94228961,19,1,0,121.3759237
231.4105501,0.524504711,121.3759237,1,0,99.94107585,19,1,0,116.0113084
231.8047255,0.500469989,116.0113084,1,0,99.93991573,19,1,0,97.75945453
226.5742852,0.431467562,97.75945453,1,0,99.93893814,19,1,0,88.37765695
229.1267056,0.385715217,88.37765695,1,0,99.93805436,19,1,0,117.7707691
234.4835902,0.502255911,117.7707691,1,0,99.93687665,19,1,0,94.905499
230.0032551,0.412626765,94.905499,1,0,99.9359276,19,1,0,60.36335188
228.715787,0.263922979,60.36335188,1,0,99.93532397,19,1,0,118.6404281
230.665605,0.514339483,118.6404281,1,0,99.93413756,20,1,0,114.2251155
230.763517,0.494987756,114.2251155,1,0,99.93299531,20,1,0,116.0343593
229.5419366,0.505503966,116.0343593,1,0,99.93183497,20,1,0,103.7415634
233.498042,0.444293076,103.7415634,1,0,99.93079755,20,1,0,103.4459088
231.1416653,0.447543322,103.4459088,1,0,99.92976309,20,1,0,117.247308
228.066752,0.514092067,117.247308,1,0,99.92859062,20,1,0,100.8023597
227.5349048,0.443019324,100.8023597,1,0,99.9275826,20,1,0,64.23928985
232.1513314,0.276712994,64.23928985,1,0,99.9269402,20,1,0,109.2975286
227.8151502,0.479764092,109.2975286,1,0,99.92584723,20,1,0,109.2238831
233.2959839,0.468177297,109.2238831,1,0,99.92475499,20,1,0,92.47082263
230.2331019,0.401639998,92.47082263,1,0,99.92383028,20,1,0,117.0258494
229.2016191,0.510580378,117.0258494,1,0,99.92266002,20,1,0,103.2660027
231.5360417,0.446004008,103.2660027,1,0,99.92162736,20,1,0,117.6839278
229.4113196,0.512982219,117.6839278,1,0,99.92045052,20,1,0,98.5910445
226.263142,0.435736212,98.5910445,1,0,99.91946461,20,1,0,105.9613342
231.7634295,0.457196092,105.9613342,1,0,99.918405,20,1,0,101.7137846
229.8377829,0.44254597,101.7137846,1,0,99.91738786,20,1,0,68.18650217
229.5563427,0.297036019,68.18650217,1,0,99.916706,20,1,0,103.4129518
227.8364741,0.453891118,103.4129518,1,0,99.91567187,20,1,0,94.80441348
225.325479,0.420744311,94.80441348,1,0,99.91472382,20,1,0,115.1952385
226.8897158,0.507714676,115.1952385,1,0,99.91357187,20,1,0,111.9486829
229.7541847,0.487254163,111.9486829,1,0,99.91245238,20,1,0,115.6683868
232.1651393,0.498215999,115.6683868,1,0,99.9112957,20,1,0,101.7871818
227.0144592,0.448373122,101.7871818,1,0,99.91027783,20,1,0,106.0572863
231.8764446,0.457387064,106.0572863,1,0,99.90921725,20,1,0,81.22296075
230.4119172,0.352511978,81.22296075,1,0,99.90840503,20,1,0,109.9326255
227.6749616,0.482848991,109.9326255,1,0,99.9073057,20,1,0,109.8064837
230.4910031,0.476402473,109.8064837,1,0,99.90620763,20,1,0,103.821364
231.4645142,0.44854117,103.821364,1,0,99.90516942,20,1,0,100.2727814
235.0717966,0.426562364,100.2727814,1,0,99.90416669,20,1,0,98.49504824
231.5247422,0.425419103,98.49504824,1,0,99.90318174,20,1,0,111.831039
230.7078645,0.484730068,111.831039,1,0,99.90206343,20,1,0,91.93219998
229.4320287,0.400694709,91.93219998,1,0,99.90114411,20,1,0,99.48619592
230.4451012,0.431713217,99.48619592,1,0,99.90014925,20,1,0,94.4790592
226.8426792,0.416495959,94.4790592,1,0,99.89920446,20,1,0,100.5260323
227.813918,0.441263788,100.5260323,1,0,99.8981992,20,1,0,106.2414346
227.6008571,0.466788377,106.2414346,1,0,99.89713678,20,1,0,97.07373224
228.8873648,0.424111363,97.07373224,1,0,99.89616605,20,1,0,108.9622879
231.4820501,0.470715927,108.9622879,1,0,99.89507642,20,1,0,103.0134313
230.199732,0.447495878,103.0134313,1,0,99.89404629,20,1,0,111.1339021
229.776723,0.483660402,111.1339021,1,0,99.89293495,20,1,0,112.5258332
228.0017298,0.493530612,112.5258332,1,0,99.89180969,20,1,0,100.2549024
231.3934717,0.433265907,100.2549024,1,0,99.89080714,20,1,0,100.6344577
229.1701897,0.439125428,100.6344577,1,0,99.8898008,20,1,0,119.9744226
231.1131866,0.519115436,119.9744226,1,0,99.88860105,20,1,0,90.6248457
233.8524448,0.387530033,90.6248457,1,0,99.8876948,20,1,0,-5.192986396
231.2174975,-0.022459314,-5.192986396,0,0,99.88774673,20,0,0,0.157546703
233.4874836,0.000674754,0.157546703,0,0,99.88774516,20,0,0,24.37183681
231.4441988,0.105303295,24.37183681,0,0,99.88750144,20,0,0,256.7529599
228.7029395,1.122648272,256.7529599,1,0,99.88493391,20,1,0,96.43921298
233.3749397,0.413237227,96.43921298,1,0,99.88396952,20,1,0,114.9540267
230.2944164,0.499161154,114.9540267,1,0,99.88281998,20,1,0,107.6574935
231.7346612,0.464572252,107.6574935,1,0,99.8817434,20,1,0,120.9473122
230.2339879,0.525323447,120.9473122,1,0,99.88053393,20,1,0,98.86918582
230.6311541,0.428689637,98.86918582,1,0,99.87954524,20,1,0,105.4097452
229.5556613,0.459190353,105.4097452,1,0,99.87849114,20,1,0,106.4734805
229.5273535,0.463881445,106.4734805,1,0,99.87742641,20,1,0,77.92917295
230.6718717,0.337835612,77.92917295,1,0,99.87664711,20,1,0,100.9233467
227.1735783,0.444256535,100.9233467,1,0,99.87563788,20,1,0,104.4667654
229.6935334,0.454809345,104.4667654,1,0,99.87459321,20,1,0,125.9122814
230.0217631,0.547392906,125.9122814,1,0,99.87333409,21,1,0,107.170506
228.7944443,0.468413935,107.170506,1,0,99.87226239,21,1,0,108.1271667
232.7722751,0.464519095,108.1271667,1,0,99.87118111,21,1,0,111.8816982
231.0365979,0.484259633,111.8816982,1,0,99.8700623,21,1,0,86.44408502
228.3366667,0.378581707,86.44408502,1,0,99.86919786,21,1,0,108.0639882
229.5734118,0.47071648,108.0639882,1,0,99.86811722,21,1,0,103.1740401
229.7561512,0.449058881,103.1740401,1,0,99.86708548,21,1,0,106.4595118
228.9051003,0.465081432,106.4595118,1,0,99.86602088,21,1,0,83.01684191
230.5961963,0.360009589,83.01684191,1,0,99.86519071,21,1,0,127.3519835
229.7166303,0.554387304,127.3519835,1,0,99.86391719,21,1,0,106.7049437
232.2017809,0.459535423,106.7049437,1,0,99.86285014,21,1,0,110.9255998
231.6131945,0.478926082,110.9255998,1,0,99.86174089,21,1,0,98.94208138
231.8249133,0.426796585,98.94208138,1,0,99.86075147,21,1,0,120.7567625
231.6959401,0.521186355,120.7567625,1,0,99.8595439,21,1,0,100.2262153
225.1596084,0.445134081,100.2262153,1,0,99.85854164,21,1,0,93.18228423
225.3020483,0.413588269,93.18228423,1,0,99.85760981,21,1,0,104.104853
232.5425332,0.447680911,104.104853,1,0,99.85656877,21,1,0,99.94040079
229.5736318,0.435330486,99.94040079,1,0,99.85556936,21,1,0,99.73156167
233.359671,0.427372739,99.73156167,1,0,99.85457205,21,1,0,103.1081206
230.8719133,0.446603137,103.1081206,1,0,99.85354096,21,1,0,112.0607062
232.0703584,0.482873845,112.0607062,1,0,99.85242036,21,1,0,131.4018006
231.9628707,0.566477731,131.4018006,1,0,99.85110634,21,1,0,110.1016681
230.6185957,0.477418865,110.1016681,1,0,99.85000532,21,1,0,106.5471672
231.5164745,0.460214192,106.5471672,1,0,99.84893985,21,1,0,110.4544826
228.9264679,0.482488913,110.4544826,1,0,99.84783531,21,1,0,108.4435661
227.7978319,0.476051792,108.4435661,1,0,99.84675087,21,1,0,95.33270646
231.8968542,0.411099611,95.33270646,1,0,99.84579754,21,1,0,115.463197
230.0108197,0.501990285,115.463197,1,0,99.84464291,21,1,0,113.5940542
230.3763357,0.493080393,113.5940542,1,0,99.84350697,21,1,0,94.28673881
228.9871631,0.411755565,94.28673881,1,0,99.8425641,21,1,0,98.33388861
228.2247844,0.430864198,98.33388861,1,0,99.84158076,21,1,0,83.31785804
233.6688896,0.356563761,83.31785804,1,0,99.84074759,21,1,0,103.7150949
228.8422581,0.453216534,103.7150949,1,0,99.83971044,21,1,0,92.40339995
228.770542,0.403913018,92.40339995,1,0,99.8387864,21,1,0,114.4618141
228.7178435,0.500449866,114.4618141,1,0,99.83764178,21,1,0,91.10203515
228.2756585,0.399087821,91.10203515,1,0,99.83673076,21,1,0,117.7620713
231.201944,0.509347237,117.7620713,1,0,99.83555314,21,1,0,96.94871386
227.222917,0.426667852,96.94871386,1,0,99.83458365,21,1,0,110.6016695
228.2356386,0.484594212,110.6016695,1,0,99.83347764,21,1,0,108.4891035
228.6737737,0.474427398,108.4891035,1,0,99.83239275,21,1,0,119.2169452
228.8658728,0.520903111,119.2169452,1,0,99.83120058,21,1,0,94.28482552
232.467332,0.405583119,94.28482552,1,0,99.83025773,21,1,0,116.4786021
230.7541185,0.504773665,116.4786021,1,0,99.82909294,21,1,0,95.75929639
229.4410908,0.417358966,95.75929639,1,0,99.82813535,21,1,0,88.58613197
232.081648,0.381702443,88.58613197,1,0,99.82724949,21,1,0,95.15123865
229.5995548,0.414422575,95.15123865,1,0,99.82629798,21,1,0,108.623013
228.4816615,0.475412391,108.623013,1,0,99.82521175,21,1,0,117.0792373
232.7221899,0.503085836,117.0792373,1,0,99.82404095,21,1,0,74.8124861
226.7986128,0.329863067,74.8124861,1,0,99.82329283,21,1,0,119.0979011
230.1125301,0.517563737,119.0979011,1,0,99.82210185,21,1,0,103.1072409
225.2419222,0.457762213,103.1072409,1,0,99.82107078,21,1,0,100.2238081
229.1961783,0.437283941,100.2238081,1,0,99.82006854,21,1,0,84.12626906
229.0870552,0.367224019,84.12626906,1,0,99.81922728,21,1,0,122.7750234
229.7142858,0.534468385,122.7750234,1,0,99.81799953,21,1,0,106.4418704
230.6157517,0.461555074,106.4418704,1,0,99.81693511,21,1,0,94.69871484
226.8624486,0.417427897,94.69871484,1,0,99.81598812,21,1,0,86.2190764
231.1403051,0.373016192,86.2190764,1,0,99.81512593,21,1,0,122.8535288
227.30488,0.540479064,122.8535288,1,0,99.81389739,21,1,0,112.5358046
230.1739418,0.488916355,112.5358046,1,0,99.81277204,21,1,0,97.44684346
229.6685163,0.424293434,97.44684346,1,0,99.81179757,21,1,0,89.09060033
227.4540622,0.391686125,89.09060033,1,0,99.81090666,22,1,0,92.62098947
229.8332187,0.402992178,92.62098947,1,0,99.80998045,22,1,0,92.92290152
228.3622799,0.406910027,92.92290152,1,0,99.80905122,22,1,0,89.16026928
231.1297279,0.385758553,89.16026928,1,0,99.80815962,22,1,0,105.5488583
233.8424434,0.451367411,105.5488583,1,0,99.80710413,22,1,0,106.17978
231.1918079,0.459271377,106.17978,1,0,99.80604233,22,1,0,91.40744581
229.4946474,0.398298814,91.40744581,1,0,99.80512826,22,1,0,100.9675801
231.4211308,0.436293694,100.9675801,1,0,99.80411858,22,1,0,91.99391166
226.8035659,0.405610517,91.99391166,1,0,99.80319865,22,1,0,103.4418476
231.6132515,0.446614548,103.4418476,1,0,99.80216423,22,1,0,137.3747893
230.7146408,0.595431607,137.3747893,1,0,99.80079048,22,1,0,108.3963592
228.4829038,0.474417812,108.3963592,1,0,99.79970652,22,1,0,14.85658101
229.0200044,0.064870233,14.85658101,0,0,99.79955795,22,0,0,10.32047186
231.5445135,0.044572301,10.32047186,0,0,99.79945474,22,0,0,18.72897144
232.6167274,0.080514293,18.72897144,0,0,99.79926745,22,0,0,24.20764058
224.7653432,0.107701838,24.20764058,0,0,99.79902538,22,0,0,-2.976990357
229.1866184,-0.012989372,-2.976990357,0,0,99.79905515,22,0,0,16.14818623
230.2804301,0.070124006,16.14818623,0,0,99.79889367,22,0,0,25.87276221
227.620877,0.113666033,25.87276221,0,0,99.79863494,22,0,0,1.318456816
226.90162,0.005810698,1.318456816,0,0,99.79862175,22,0,0,-5.528733123
231.7404754,-0.023857434,-5.528733123,0,0,99.79867704,22,0,0,0.569775258
227.7349043,0.002501923,0.569775258,0,0,99.79867134,22,0,0,-4.971205752
232.9319587,-0.021341879,-4.971205752,0,0,99.79872106,22,0,0,5.05762387
233.616003,0.021649304,5.05762387,0,0,99.79867048,22,0,0,20.57828814
231.0037626,0.089082047,20.57828814,0,0,99.7984647,22,0,0,7.66514933
234.0642205,0.032748061,7.66514933,0,0,99.79838805,22,0,0,-0.717574807
232.5111889,-0.003086195,-0.717574807,0,0,99.79839522,22,0,0,18.98004686
232.1632246,0.081753029,18.98004686,0,0,99.79820542,22,0,0,18.01301725
227.886357,0.07904386,18.01301725,0,0,99.79802529,22,0,0,7.546813889
228.6922051,0.032999874,7.546813889,0,0,99.79794982,22,0,0,20.30869969
229.2437944,0.088589965,20.30869969,0,0,99.79774674,22,0,0,29.55835014
228.7171511,0.12923539,29.55835014,0,0,99.79745115,22,0,0,3.253002085
228.3298123,0.014246944,3.253002085,0,0,99.79741862,22,0,0,-5.093060071
229.0527662,-0.022235314,-5.093060071,0,0,99.79746955,22,0,0,0.895834514
232.1628801,0.003858647,0.895834514,0,0,99.79746059,22,0,0,-11.32086091
231.4618507,-0.048910267,-11.32086091,0,0,99.7975738,22,0,0,32.01401127
229.3655214,0.139576389,32.01401127,0,0,99.79725366,22,0,0,9.532247029
231.0238874,0.041260872,9.532247029,0,0,99.79715834,22,0,0,16.18166065
232.3760944,0.069635651,16.18166065,0,0,99.79699652,22,0,0,14.17805862
228.4766292,0.062054744,14.17805862,0,0,99.79685474,22,0,0,7.796636945
227.9037846,0.034210213,7.796636945,0,0,99.79677678,22,0,0,0.17316356
229.1349663,0.000755727,0.17316356,0,0,99.79677504,22,0,0,1.734000822
228.5687654,0.007586342,1.734000822,0,0,99.7967577,22,0,0,14.71873073
227.3526344,0.064739653,14.71873073,0,0,99.79661052,22,0,0,21.24253543
231.8995282,0.091602323,21.24253543,0,0,99.79639809,22,0,0,2.054449468
227.9182018,0.009013977,2.054449468,0,0,99.79637755,22,0,0,8.02059624
229.1306172,0.035004472,8.02059624,0,0,99.79629734,22,0,0,-25.04990295
227.1255537,-0.110290993,-25.04990295,0,0,99.79654784,22,0,0,31.9678504
228.9315191,0.139639358,31.9678504,0,0,99.79622816,22,0,0,9.863930184
230.7088822,0.042754878,9.863930184,0,0,99.79612952,22,0,0,16.79805278
228.3153667,0.073573904,16.79805278,0,0,99.79596154,22,0,0,14.65916923
230.4382113,0.063614316,14.65916923,0,0,99.79581495,22,0,0,8.48586669
228.9926661,0.037057373,8.48586669,0,0,99.79573009,22,0,0,1.25751008
229.8332823,0.005471401,1.25751008,0,0,99.79571752,22,0,0,26.59869481
231.2273019,0.115032674,26.59869481,0,0,99.79545153,22,0,0,9.776989727
230.1620403,0.042478724,9.776989727,0,0,99.79535376,22,0,0,30.00371655
227.4229282,0.131929163,30.00371655,0,0,99.79505372,22,0,0,-7.148038792
234.897523,-0.030430456,-7.148038792,0,0,99.7951252,22,0,0,1.116734803
231.6844404,0.004820068,1.116734803,0,0,99.79511404,22,0,0,2.142940592
227.9421898,0.009401246,2.142940592,0,0,99.79509261,22,0,0,14.88333206
233.5738015,0.06372004,14.88333206,0,0,99.79494377,23,0,0,13.64197092
230.6213337,0.059153118,13.64197092,0,0,99.79480735,23,0,0,23.74791649
230.5532409,0.103004045,23.74791649,0,0,99.79456987,23,0,0,8.562036366
230.1040405,0.037209413,8.562036366,0,0,99.79448425,23,0,0,23.61526671
228.7484848,0.103236822,23.61526671,0,0,99.7942481,23,0,0,23.48142161
230.2102372,0.101999902,23.48142161,0,0,99.79401329,23,0,0,14.34382579
226.8214742,0.063238394,14.34382579,0,0,99.79386985,23,0,0,20.09819213
234.2538344,0.085796641,20.09819213,0,0,99.79366887,23,0,0,16.29797929
232.6542873,0.070052349,16.29797929,0,0,99.79350589,23,0,0,5.072747008
229.331711,0.022119693,5.072747008,0,0,99.79345516,23,0,0,-0.392029297
226.3548238,-0.001731924,-0.392029297,0,0,99.79345908,23,0,0,5.612172291
227.3988051,0.024679867,5.612172291,0,0,99.79340296,23,0,0,38.71156927
231.8936235,0.166936756,38.71156927,0,0,99.79301584,23,0,0,10.596763
231.2307257,0.04582766,10.596763,0,0,99.79290987,23,0,0,4.954262555
231.1282332,0.021435125,4.954262555,0,0,99.79286033,23,0,0,34.88556123
228.9805026,0.152351667,34.88556123,0,0,99.79251148,23,0,0,6.82272861
233.2294944,0.029253284,6.82272861,0,0,99.79244325,23,0,0,3.827860637
229.820699,0.016655857,3.827860637,0,0,99.79240497,23,0,0,18.40830547
227.8830062,0.080779632,18.40830547,0,0,99.79222089,23,0,0,-0.829810307
227.0755045,-0.003654337,-0.829810307,0,0,99.79222919,23,0,0,2.322789348
231.4047728,0.010037776,2.322789348,0,0,99.79220596,23,0,0,6.689936026
229.4298175,0.029158965,6.689936026,0,0,99.79213906,23,0,0,27.01153206
229.0848278,0.117910611,27.01153206,0,0,99.79186894,23,0,0,14.18626772
230.7212197,0.061486619,14.18626772,0,0,99.79172708,23,0,0,10.92412343
231.1359525,0.047262762,10.92412343,0,0,99.79161784,23,0,0,-1.184843704
232.7729358,-0.005090127,-1.184843704,0,0,99.79162969,23,0,0,19.71918159
230.2006774,0.085660832,19.71918159,0,0,99.7914325,23,0,0,26.19972248
228.7699117,0.114524337,26.19972248,0,0,99.7911705,23,0,0,-0.96622026
228.9177406,-0.004220819,-0.96622026,0,0,99.79118016,23,0,0,5.19729197
229.8738388,0.022609323,5.19729197,0,0,99.79112819,23,0,0,16.18460246
229.041327,0.070662368,16.18460246,0,0,99.79096634,23,0,0,3207.951776
229.4398867,13.98166562,3207.951776,0,1,99.75888682,23,2,0,1272.144471
230.1414362,5.527663736,1272.144471,0,1,99.74616538,23,2,0,1524.174574
230.5196032,6.611908719,1524.174574,1,1,99.73092363,23,3,0,1362.672439
229.3269967,5.942049819,1362.672439,1,1,99.71729691,23,3,0,1349.867956
226.6737165,5.955114591,1349.867956,1,1,99.70379823,23,3,0,1354.984269
226.7526217,5.975605743,1354.984269,1,1,99.69024839,23,3,0,-1144.919567
228.9839133,-5,-1144.919567,1,1,99.67653607,23,3,1,1361.791466
229.1685698,5.942313412,1361.791466,1,1,99.66291815,23,3,0,1364.806083
228.5534344,5.971496716,1364.806083,1,1,99.64927009,23,3,0,1380.49859
230.6926122,5.984147377,1380.49859,1,1,99.6354651,23,3,0,1370.272303
230.631714,5.941387154,1370.272303,1,1,99.62176238,23,3,0,1329.643261
229.3126542,5.798385899,1329.643261,1,1,99.60846595,23,3,0,1357.499814
231.7719788,5.857048901,1357.499814,1,1,99.59489095,23,3,0,1347.615352
227.6066849,5.920807433,1347.615352,1,1,99.5814148,23,3,0,1369.5422
231.241397,5.922564979,1369.5422,1,1,99.56771938,23,3,0,1381.495456
232.3039585,5.946930326,1381.495456,1,1,99.55390442,23,3,0,1353.291996
228.4906411,5.922745847,1353.291996,1,1,99.5403715,23,3,0,1347.9696
225.9267792,5.966400284,1347.9696,1,1,99.5268918,23,3,0,1342.5133
229.0408714,5.861457352,1342.5133,1,1,99.51346667,23,3,0,1334.823758
227.7576926,5.860718656,1334.823758,1,1,99.50011843,23,3,0,1369.629601
230.4615667,5.942984858,1369.629601,1,1,99.48642214,23,3,0,1368.796003
228.5104015,5.990081825,1368.796003,1,1,99.47273418,23,3,0,1347.724882
227.1145019,5.934120765,1347.724882,1,1,99.45925693,23,3,0,1349.231284
227.5797738,5.92860807,1349.231284,1,1,99.44576462,23,3,0,1349.139306
229.4821405,5.879060145,1349.139306,1,1,99.43227322,23,3,0,1384.140197
229.2627249,6.03735386,1384.140197,1,1,99.41843182,23,3,0,1380.951175
231.0134146,5.977796473,1380.951175,1,1,99.40462231,23,3,0,1361.769709
226.7723634,6.005007349,1361.769709,1,1,99.39100461,23,3,0,1367.430729
227.7879302,6.003086854,1367.430729,1,1,99.37733031,23,3,0,1359.843153
228.0636853,5.962558885,1359.843153,1,1,99.36373187,0,3,0,1365.839857
228.377265,5.980629712,1365.839857,1,1,99.35007348,0,3,0,1371.900807
229.5321783,5.976943262,1371.900807,1,1,99.33635447,0,3,0,1372.217968
230.5428322,5.952117249,1372.217968,1,1,99.32263229,0,3,0,1361.821814
227.8800334,5.976047107,1361.821814,1,1,99.30901407,0,3,0,1382.776735
229.6702169,6.020705487,1382.776735,1,1,99.2951863,0,3,0,1381.174481
230.6788621,5.987434083,1381.174481,1,1,99.28137456,0,3,0,1351.774398
227.8723885,5.932155305,1351.774398,1,1,99.26785681,0,3,0,1343.045043
227.7230376,5.897712663,1343.045043,1,1,99.25442636,0,3,0,1347.249027
226.5635948,5.946449731,1347.249027,1,1,99.24095387,0,3,0,1377.991973
230.8313396,5.969691877,1377.991973,1,1,99.22717395,0,3,0,1357.976984
228.8943216,5.932768339,1357.976984,1,1,99.21359418,0,3,0,1348.946251
228.4159705,5.905656459,1348.946251,1,1,99.20010472,0,3,0,1360.955435
227.9563813,5.970244953,1360.955435,1,1,99.18649517,0,3,0,1355.239569
226.5710201,5.981522122,1355.239569,1,1,99.17294277,0,3,0,1347.479235
231.5924663,5.818320676,1347.479235,1,1,99.15946798,0,3,0,1371.663347
229.6999952,5.971542774,1371.663347,1,1,99.14575134,0,3,0,1338.997694
224.6137396,5.96133476,1338.997694,1,1,99.13236137,0,3,0,1355.138293
230.1912984,5.887009207,1355.138293,1,1,99.11880998,0,3,0,1362.772999
229.7198775,5.932325116,1362.772999,1,1,99.10518225,0,3,0,1370.564636
228.7758515,5.990862354,1370.564636,1,1,99.09147661,0,3,0,1350.75446
230.2693956,5.865974746,1350.75446,1,1,99.07796906,0,3,0,1354.285261
229.2089139,5.908519169,1354.285261,1,1,99.06442621,0,3,0,1362.053329
228.174153,5.969358542,1362.053329,1,1,99.05080568,0,3,0,1387.428963
228.8686486,6.062118912,1387.428963,1,1,99.03693139,0,3,0,1350.896551
227.5722311,5.936122101,1350.896551,1,1,99.02342242,0,3,0,1358.287225
228.5992468,5.941783464,1358.287225,1,1,99.00983955,0,3,0,1360.5326
227.8649327,5.970785341,1360.5326,1,1,98.99623422,0,3,0,1360.61774
228.5747147,5.952617034,1360.61774,1,1,98.98262805,0,3,0,1368.54189
229.283669,5.968771768,1368.54189,1,1,98.96894263,0,3,0,1377.050302
230.0760387,5.985196502,1377.050302,1,1,98.95517213,0,3,0,1343.649949
227.5812687,5.90404455,1343.649949,1,1,98.94173563,0,3,0,1355.799749
228.6405065,5.929831814,1355.799749,1,1,98.92817763,0,3,0,1364.512982
229.769581,5.938614573,1364.512982,1,1,98.9145325,0,3,0,1350.41787
228.3946424,5.91265126,1350.41787,1,1,98.90102832,0,3,0,1356.783782
229.6067973,5.909162088,1356.783782,1,1,98.88746048,0,3,0,1370.456164
228.7094457,5.992127521,1370.456164,1,1,98.87375592,0,3,0,1363.740434
228.2641404,5.974396292,1363.740434,1,1,98.86011852,0,3,0,1358.681277
226.6057241,5.99579416,1358.681277,1,1,98.8465317,0,3,0,1358.039432
228.5648718,5.941592954,1358.039432,1,1,98.83295131,0,3,0,1342.456375
228.1051181,5.885253194,1342.456375,1,1,98.81952674,0,3,0,1347.211105
228.0587747,5.90729783,1347.211105,1,1,98.80605463,0,3,0,1333.974195
226.937763,5.878149927,1333.974195,1,1,98.79271489,0,3,0,1391.215466
232.9241995,5.972824931,1391.215466,1,1,98.77880274,0,3,0,1375.516014
230.310892,5.972431447,1375.516014,1,1,98.76504758,0,3,0,1354.705216
226.8358647,5.972182653,1354.705216,1,1,98.75150052,0,3,0,1360.36161
229.3763204,5.930697676,1360.36161,1,1,98.73789691,0,3,0,1356.442894
228.8086551,5.928284895,1356.442894,1,1,98.72433248,0,3,0,1370.586596
227.9586941,6.012433968,1370.586596,1,1,98.71062661,0,3,0,1367.111373
229.7820972,5.94959916,1367.111373,1,1,98.6969555,0,3,0,1392.057913
233.0617906,5.97291349,1392.057913,1,1,98.68303492,0,3,0,1389.868452
228.5117056,6.082263699,1389.868452,1,1,98.66913624,0,3,0,1384.420888
231.0580587,5.991658095,1384.420888,1,1,98.65529203,0,3,0,1364.889602
228.9019399,5.962769921,1364.889602,1,1,98.64164313,0,3,0,1369.717482
229.5733469,5.966361081,1369.717482,1,1,98.62794596,0,3,0,3021.13827
161.3155768,18.7281249,3021.13827,1,1,98.6140449,0,3,1,1389.472844
232.4401012,5.977767334,1389.472844,1,1,98.60015017,0,3,0,1378.262057
229.8732026,5.995749141,1378.262057,1,1,98.58636755,0,3,0,1384.725281
233.1436412,5.939365423,1384.725281,1,1,98.5725203,0,3,0,1340.770687
227.3496929,5.897393877,1340.770687,1,1,98.55911259,0,3,0,1397.107171
230.1844891,6.069510489,1397.107171,1,1,98.54514152,1,3,0,1335.660248
225.7516337,5.916503131,1335.660248,1,1,98.53178492,1,3,0,1390.191174
232.4471928,5.980675253,1390.191174,1,1,98.51788301,1,3,0,1348.31744
226.80028,5.944954919,1348.31744,1,1,98.50439983,1,3,0,1369.721771
228.8892801,5.984211103,1369.721771,1,1,98.49070262,1,3,0,1358.069891
229.7917068,5.910003933,1358.069891,1,1,98.47712192,1,3,0,1369.331832
230.3516866,5.944527051,1369.331832,1,1,98.4634286,1,3,0,1381.003101
231.6929993,5.96048696,1381.003101,1,1,98.44961857,1,3,0,1356.900897
227.1414736,5.973813923,1356.900897,1,1,98.43604956,1,3,0,121.8487264
230.3584062,0.528952811,121.8487264,1,0,98.43483107,1,1,0,114.9084978
234.0498374,0.490957392,114.9084978,1,0,98.43368199,1,1,0,90.16642611
228.3091912,0.394931214,90.16642611,1,0,98.43278032,1,1,0,101.1287475
228.5689854,0.442442999,101.1287475,1,0,98.43176903,1,1,0,100.8191826
230.9606257,0.436521083,100.8191826,1,0,98.43076084,1,1,0,78.19749154
228.3955639,0.342377453,78.19749154,1,0,98.42997887,1,1,0,123.018352
230.9473939,0.532668284,123.018352,1,0,98.42874868,1,1,0,101.3355659
232.7894431,0.435309972,101.3355659,1,0,98.42773533,1,1,0,78.19997971
229.8767261,0.34018224,78.19997971,1,0,98.42695333,1,1,0,103.6445207
230.5731199,0.449508255,103.6445207,1,0,98.42591688,1,1,0,92.36569897
230.5658625,0.4006044,92.36569897,1,0,98.42499323,1,1,0,100.6024986
229.342878,0.438655429,100.6024986,1,0,98.4239872,1,1,0,101.3251102
233.8326166,0.433323253,101.3251102,1,0,98.42297395,1,1,0,122.0257493
230.4503862,0.529509849,122.0257493,1,0,98.42175369,1,1,0,109.7009047
230.1877989,0.476571326,109.7009047,1,0,98.42065668,1,1,0,114.7320069
231.5995775,0.495389535,114.7320069,1,0,98.41950936,1,1,0,115.0284124
228.8858665,0.502557952,115.0284124,1,0,98.41835908,1,1,0,109.4608588
233.1084488,0.469570534,109.4608588,1,0,98.41726447,1,1,0,88.83697016
227.8018052,0.38997483,88.83697016,1,0,98.4163761,1,1,0,93.59919325
232.2188762,0.403064535,93.59919325,1,0,98.41544011,1,1,0,106.8946836
229.6349459,0.465498329,106.8946836,1,0,98.41437116,1,1,0,95.00126337
228.6456041,0.415495691,95.00126337,1,0,98.41342115,1,1,0,108.5141744
232.1216643,0.467488352,108.5141744,1,0,98.41233601,1,1,0,80.72152661
230.1948472,0.350666088,80.72152661,1,0,98.41152879,1,1,0,87.07502501
231.9186373,0.375455056,87.07502501,1,0,98.41065804,1,1,0,119.0322143
229.9396374,0.517667226,119.0322143,1,0,98.40946772,1,1,0,109.5613321
228.6684609,0.47912743,109.5613321,1,0,98.40837211,1,1,0,100.1383804
231.0543849,0.433397446,100.1383804,1,0,98.40737072,1,1,0,104.8676947
232.1601214,0.451704169,104.8676947,1,0,98.40632205,1,1,0,106.7844973
226.0702318,0.472350988,106.7844973,1,0,98.4052542,1,1,0,114.6356159
232.042505,0.494028522,114.6356159,1,0,98.40410785,1,1,0,74.33628231
232.3936007,0.319872329,74.33628231,1,0,98.40336448,1,1,0,93.10313412
230.7825278,0.403423669,93.10313412,1,0,98.40243345,1,1,0,91.75813591
231.2042826,0.396870399,91.75813591,1,0,98.40151587,1,1,0,92.90478242
228.5685236,0.406463589,92.90478242,1,0,98.40058682,1,1,0,119.1763811
232.49555,0.512596396,119.1763811,1,0,98.39939506,1,1,0,98.2265771
233.7866878,0.420154706,98.2265771,1,0,98.39841279,1,1,0,110.3596135
231.004582,0.477737769,110.3596135,1,0,98.3973092,1,1,0,104.3357396
230.995794,0.451678092,104.3357396,1,0,98.39626584,1,1,0,114.061461
231.1335716,0.493487208,114.061461,1,0,98.39512522,1,1,0,99.03752318
228.2836607,0.433835356,99.03752318,1,0,98.39413485,1,1,0,104.8326931
228.030791,0.459730428,104.8326931,1,0,98.39308652,1,1,0,105.8688854
232.6170748,0.45512087,105.8688854,1,0,98.39202783,1,1,0,96.85903145
230.4197292,0.420359106,96.85903145,1,0,98.39105924,1,1,0,98.11630673
228.1391785,0.430072149,98.11630673,1,0,98.39007808,1,1,0,100.4029232
230.0789351,0.436384683,100.4029232,1,0,98.38907405,1,1,0,93.61384785
229.3141604,0.408234047,93.61384785,1,0,98.38813791,1,1,0,106.2239032
230.1012611,0.461639813,106.2239032,1,0,98.38707567,1,1,0,101.3114192
230.629191,0.439282724,101.3114192,1,0,98.38606256,1,1,0,81.91527666
229.765713,0.356516538,81.91527666,1,0,98.38524341,1,1,0,91.32978705
231.7244069,0.394131064,91.32978705,1,0,98.38433011,1,1,0,101.6672841
226.8709684,0.448128224,101.6672841,1,0,98.38331344,2,1,0,105.587796
229.5495864,0.459978159,105.587796,1,0,98.38225756,2,1,0,94.41409749
230.4962094,0.409612365,94.41409749,1,0,98.38131342,2,1,0,90.95262352
225.7924754,0.402815122,90.95262352,1,0,98.38040389,2,1,0,118.3289466
233.2968836,0.507203289,118.3289466,1,0,98.3792206,2,1,0,113.2206958
229.8930406,0.492492924,113.2206958,1,0,98.37808839,2,1,0,93.49559013
226.3378609,0.413079764,93.49559013,1,0,98.37715344,2,1,0,102.547487
229.6428625,0.446552033,102.547487,1,0,98.37612796,2,1,0,84.86728824
233.828674,0.362946455,84.86728824,1,0,98.37527929,2,1,0,77.20796776
228.4441975,0.337972987,77.20796776,1,0,98.37450721,2,1,0,103.5613225
231.0525861,0.448215379,103.5613225,1,0,98.3734716,2,1,0,99.97934809
227.7716559,0.438945521,99.97934809,1,0,98.3724718,2,1,0,88.61669496
226.19236,0.39177581,88.61669496,1,0,98.37158564,2,1,0,103.4013121
230.0685453,0.449436979,103.4013121,1,0,98.37055162,2,1,0,104.2107979
230.4316641,0.452241658,104.2107979,1,0,98.36950952,2,1,0,123.2872291
230.0191375,0.535986833,123.2872291,1,0,98.36827664,2,1,0,108.491781
230.1319676,0.471432901,108.491781,1,0,98.36719173,2,1,0,86.16234306
228.869174,0.376469848,86.16234306,1,0,98.3663301,2,1,0,117.941649
231.4642114,0.509545939,117.941649,1,0,98.36515069,2,1,0,99.58386127
230.3827952,0.432253898,99.58386127,1,0,98.36415485,2,1,0,98.83598652
229.5424358,0.430578277,98.83598652,1,0,98.36316649,2,1,0,107.6652241
231.1501957,0.465780372,107.6652241,1,0,98.36208983,2,1,0,93.62504909
230.9110396,0.405459389,93.62504909,1,0,98.36115358,2,1,0,-1.941603452
233.0087424,-0.008332749,-1.941603452,0,0,98.361173,2,0,0,7.971198434
228.0535409,0.034953189,7.971198434,0,0,98.36109329,2,0,0,7.672425785
228.0259345,0.033647163,7.672425785,0,0,98.36101656,2,0,0,3.63241948
228.7468279,0.01587965,3.63241948,0,0,98.36098024,2,0,0,24.09136807
230.3216019,0.104598821,24.09136807,0,0,98.36073933,2,0,0,-3.65769021
231.5012024,-0.015799876,-3.65769021,0,0,98.3607759,2,0,0,10.26188646
228.9336718,0.044824714,10.26188646,0,0,98.36067328,2,0,0,22.59671379
230.3590282,0.098093459,22.59671379,0,0,98.36044732,2,0,0,-12.42674933
232.0452846,-0.053553122,-12.42674933,0,0,98.36057158,2,0,0,12.95209644
227.2242123,0.057001392,12.95209644,0,0,98.36044206,2,0,0,5.019112099
228.5331611,0.021962292,5.019112099,0,0,98.36039187,2,0,0,5.362769223
230.1228091,0.023303945,5.362769223,0,0,98.36033824,2,0,0,17.87678312
228.2972675,0.078304849,17.87678312,0,0,98.36015948,2,0,0,-1.990462524
229.0611353,-0.008689656,-1.990462524,0,0,98.36017938,2,0,0,14.91000635
233.3649508,0.06389137,14.91000635,0,0,98.36003028,2,0,0,36.73539164
232.5645875,0.157957805,36.73539164,0,0,98.35966293,2,0,0,-9.659165008
232.12676,-0.041611596,-9.659165008,0,0,98.35975952,2,0,0,34.41663329
230.2490509,0.149475679,34.41663329,0,0,98.35941535,2,0,0,15.5801838
227.0658198,0.068615276,15.5801838,0,0,98.35925955,2,0,0,11.78914736
232.6111727,0.050681776,11.78914736,0,0,98.35914166,2,0,0,12.70034758
228.2078581,0.055652543,12.70034758,0,0,98.35901466,2,0,0,-2.596608049
232.3545634,-0.011175197,-2.596608049,0,0,98.35904062,2,0,0,4.395215994
229.876563,0.019119896,4.395215994,0,0,98.35899667,2,0,0,11.92472356
226.8316194,0.052570817,11.92472356,0,0,98.35887742,2,0,0,11.31694276
228.5885226,0.049507922,11.31694276,0,0,98.35876425,2,0,0,14.22098688
227.8462052,0.062414851,14.22098688,0,0,98.35862204,2,0,0,12.17714493
229.0403968,0.053165927,12.17714493,0,0,98.35850027,2,0,0,22.6967062
229.3439289,0.098963623,22.6967062,0,0,98.35827331,2,0,0,11.77037575
227.6737408,0.051698434,11.77037575,0,0,98.3581556,2,0,0,24.72604769
227.6833707,0.108598391,24.72604769,0,0,98.35790834,2,0,0,11.35064502
229.7621094,0.049401727,11.35064502,0,0,98.35779483,2,0,0,17.07065497
233.7657136,0.073024631,17.07065497,0,0,98.35762413,2,0,0,28.8160873
228.8439092,0.125920272,28.8160873,0,0,98.35733597,2,0,0,21.32002989
228.1343501,0.093453835,21.32002989,0,0,98.35712277,2,0,0,-0.018978321
230.8262605,-8.22E-05,-0.018978321,0,0,98.35712296,2,0,0,33.5670015
230.1835537,0.145827106,33.5670015,0,0,98.35678729,2,0,0,16.55389873
231.2996834,0.071569051,16.55389873,0,0,98.35662175,2,0,0,0.316730767
225.5600015,0.001404197,0.316730767,0,0,98.35661858,3,0,0,19.50295594
228.9715617,0.085176324,19.50295594,0,0,98.35642355,3,0,0,5.6291811
231.4237703,0.024324127,5.6291811,0,0,98.35636726,3,0,0,20.43242889
227.3354906,0.089877867,20.43242889,0,0,98.35616293,3,0,0,30.19260702
229.1403185,0.131764707,30.19260702,0,0,98.35586101,3,0,0,-4.736945344
231.0867659,-0.020498557,-4.736945344,0,0,98.35590838,3,0,0,14.86680149
229.6112147,0.064747715,14.86680149,0,0,98.35575971,3,0,0,38.43144587
231.8721099,0.16574415,38.43144587,0,0,98.3553754,3,0,0,3.336576407
227.9457984,0.014637587,3.336576407,0,0,98.35534203,3,0,0,8.777286598
225.4414411,0.038933776,8.777286598,0,0,98.35525426,3,0,0,1.416732319
231.5893913,0.006117432,1.416732319,0,0,98.35524009,3,0,0,1.627102946
231.2285556,0.007036773,1.627102946,0,0,98.35522382,3,0,0,2.136923308
227.1852915,0.009406081,2.136923308,0,0,98.35520245,3,0,0,30.53671736
229.2109204,0.133225403,30.53671736,0,0,98.35489708,3,0,0,8.173879953
229.633119,0.035595388,8.173879953,0,0,98.35481534,3,0,0,1.309777751
228.9668939,0.00572038,1.309777751,0,0,98.35480225,3,0,0,25.50944196
230.7229862,0.110563071,25.50944196,0,0,98.35454715,3,0,0,-5.834059487
230.1581418,-0.025348047,-5.834059487,0,0,98.35460549,3,0,0,-4.419079922
229.3654463,-0.019266546,-4.419079922,0,0,98.35464968,3,0,0,14.93237279
230.6857048,0.064730378,14.93237279,0,0,98.35450036,3,0,0,-1.265534639
229.0991897,-0.005523959,-1.265534639,0,0,98.35451301,3,0,0,23.14803079
232.0920989,0.099736402,23.14803079,0,0,98.35428153,3,0,0,-2.577578937
229.8465076,-0.011214349,-2.577578937,0,0,98.35430731,3,0,0,20.82940498
230.0820172,0.090530348,20.82940498,0,0,98.35409902,3,0,0,33.01860852
232.6649474,0.141914839,33.01860852,0,0,98.35376883,3,0,0,14.24833457
228.8702121,0.062255085,14.24833457,0,0,98.35362635,3,0,0,9.138089353
228.2805959,0.040030075,9.138089353,0,0,98.35353497,3,0,0,23.35449753
232.0909793,0.100626477,23.35449753,0,0,98.35330142,3,0,0,8.928887333
229.7303384,0.038866818,8.928887333,0,0,98.35321213,3,0,0,28.03020155
230.5298967,0.12159031,28.03020155,0,0,98.35293183,3,0,0,12.9969562
231.0835861,0.056243528,12.9969562,0,0,98.35280186,3,0,0,5.4450065
227.3473492,0.023950165,5.4450065,0,0,98.35274741,3,0,0,18.6258192
228.9520911,0.081352475,18.6258192,0,0,98.35256115,3,0,0,-2.668653461
232.2782982,-0.011489035,-2.668653461,0,0,98.35258784,3,0,0,12.88022062
230.2391759,0.055942785,12.88022062,0,0,98.35245904,3,0,0,9.045001724
228.7921978,0.039533698,9.045001724,0,0,98.35236859,3,0,0,-0.656059466
230.4553052,-0.002846797,-0.656059466,0,0,98.35237515,3,0,0,13.72973933
227.5877688,0.060327228,13.72973933,0,0,98.35223785,3,0,0,12.34899145
224.6032083,0.054981367,12.34899145,0,0,98.35211436,3,0,0,-17.75726998
229.3049416,-0.077439543,-17.75726998,0,0,98.35229193,3,0,0,9.716247776
230.0253839,0.042239894,9.716247776,0,0,98.35219477,3,0,0,10.67515594
230.9328122,0.046226241,10.67515594,0,0,98.35208802,3,0,0,18.78708661
228.7679891,0.082122882,18.78708661,0,0,98.35190015,3,0,0,-14.33604938
230.2857477,-0.062253307,-14.33604938,0,0,98.35204351,3,0,0,18.54036589
228.3334871,0.081198628,18.54036589,0,0,98.3518581,3,0,0,-8.107377111
229.7118912,-0.035293676,-8.107377111,0,0,98.35193918,3,0,0,16.87258111
234.2918025,0.072015243,16.87258111,0,0,98.35177045,3,0,0,14.04525328
229.0168794,0.061328463,14.04525328,0,0,98.35163,3,0,0,-11.05395735
232.177314,-0.04760998,-11.05395735,0,0,98.35174054,3,0,0,-13.47917797
232.5919487,-0.05795204,-13.47917797,0,0,98.35187533,3,0,0,27.61731926
231.2863672,0.119407467,27.61731926,0,0,98.35159916,3,0,0,5.992063739
229.6043389,0.026097345,5.992063739,0,0,98.35153924,3,0,0,7.955041682
230.5823065,0.034499792,7.955041682,0,0,98.35145969,3,0,0,10.52431302
230.7068924,0.045617679,10.52431302,0,0,98.35135444,3,0,0,-5.781358607
227.5313734,-0.025409061,-5.781358607,0,0,98.35141226,3,0,0,15.65541517
230.0132525,0.068063101,15.65541517,0,0,98.3512557,3,0,0,3692.308908
172.6404613,21.38727435,3692.308908,0,0,98.35121595,3,0,1,1.874102903
226.2980419,0.008281569,1.874102903,0,0,98.3511972,3,0,0,10.44234303
233.0614873,0.044805099,10.44234303,0,0,98.35109278,3,0,0,10.76717611
228.6729819,0.047085476,10.76717611,0,0,98.35098511,3,0,0,20.75321014
234.9737005,0.088321417,20.75321014,0,0,98.35077758,4,0,0,24.26377514
228.678901,0.106104127,24.26377514,0,0,98.35053494,4,0,0,12.80355289
231.9524856,0.055199033,12.80355289,0,0,98.3504069,4,0,0,25.99840302
229.7105688,0.113178959,25.99840302,0,0,98.35014692,4,0,0,-1.299535899
228.0841306,-0.005697616,-1.299535899,0,0,98.35015991,4,0,0,10.7445485
231.1148994,0.046490073,10.7445485,0,0,98.35005247,4,0,0,18.35539994
227.4972847,0.08068404,18.35539994,0,0,98.34986892,4,0,0,0.154520021
232.1120286,0.000665713,0.154520021,0,0,98.34986737,4,0,0,26.48184368
227.3413478,0.116484942,26.48184368,0,0,98.34960255,4,0,0,21.27082051
229.9903633,0.092485703,21.27082051,0,0,98.34938984,4,0,0,-15.75007438
228.3028727,-0.068987631,-15.75007438,0,0,98.34954734,4,0,0,4.15616489
230.1595519,0.018057755,4.15616489,0,0,98.34950578,4,0,0,14.09298549
230.6861451,0.061091599,14.09298549,0,0,98.34936485,4,0,0,10.35229566
226.761821,0.045652728,10.35229566,0,0,98.34926133,4,0,0,26.12928844
228.2950112,0.114454049,26.12928844,0,0,98.34900004,4,0,0,18.51756537
229.0367474,0.080849757,18.51756537,0,0,98.34881486,4,0,0,19.6072706
228.7407028,0.085718328,19.6072706,0,0,98.34861879,4,0,0,6.431548651
232.4734383,0.027665735,6.431548651,0,0,98.34855447,4,0,0,7.188165388
231.4090454,0.031062595,7.188165388,0,0,98.34848259,4,0,0,17.24532308
227.1331137,0.075926063,17.24532308,0,0,98.34831014,4,0,0,16.12287962
228.3527466,0.070605149,16.12287962,0,0,98.34814891,4,0,0,32.06604668
231.9363189,0.138253667,32.06604668,0,0,98.34782825,4,0,0,-0.377958804
230.4082515,-0.001640387,-0.377958804,0,0,98.34783203,4,0,0,3681.22878
154.1391693,23.88250044,3681.22878,0,0,98.34763179,4,0,1,19.71713681
226.3568941,0.087106412,19.71713681,0,0,98.34743462,4,0,0,12.97485176
226.7524999,0.057220325,12.97485176,0,0,98.34730487,4,0,0,-0.957449406
227.7027972,-0.004204821,-0.957449406,0,0,98.34731444,4,0,0,9.946828296
228.5528339,0.043520914,9.946828296,0,0,98.34721497,4,0,0,1.944415601
230.8968413,0.008421144,1.944415601,0,0,98.34719553,4,0,0,-1.238730214
229.2935567,-0.005402377,-1.238730214,0,0,98.34720792,4,0,0,-16.18785404
231.6816271,-0.069871117,-16.18785404,0,0,98.3473698,4,0,0,8.370584332
229.9299507,0.036404932,8.370584332,0,0,98.34728609,4,0,0,25.11646567
232.396445,0.108075946,25.11646567,0,0,98.34703492,4,0,0,14.77297344
230.9538399,0.063965048,14.77297344,0,0,98.3468872,4,0,0,16.20911529
229.1012057,0.070750895,16.20911529,0,0,98.3467251,4,0,0,-1.435147747
228.7922202,-0.006272712,-1.435147747,0,0,98.34673946,4,0,0,8.529460503
229.5354439,0.037159666,8.529460503,0,0,98.34665416,4,0,0,-11.18839253
229.9112433,-0.048663964,-11.18839253,0,0,98.34676604,4,0,0,12.93431461
230.6022334,0.056089286,12.93431461,0,0,98.3466367,4,0,0,18.52289767
225.2008533,0.082250566,18.52289767,0,0,98.34645147,4,0,0,19.22794726
230.2185144,0.083520421,19.22794726,0,0,98.34625919,4,0,0,16.51879907
228.8770889,0.072173231,16.51879907,0,0,98.34609401,4,0,0,13.5724063
231.3996809,0.058653522,13.5724063,0,0,98.34595828,4,0,0,1.957397353
230.9942922,0.008473791,1.957397353,0,0,98.34593871,4,0,0,9.721331765
232.573203,0.041799019,9.721331765,0,0,98.34584149,4,0,0,28.37448027
228.0393145,0.12442802,28.37448027,0,0,98.34555775,4,0,0,1.255767402
229.1567733,0.005479949,1.255767402,0,0,98.34554519,4,0,0,-12.94696143
229.9203302,-0.056310642,-12.94696143,0,0,98.34567466,4,0,0,0.460313247
231.5809289,0.001987699,0.460313247,0,0,98.34567006,4,0,0,25.25752764
232.7326048,0.108525953,25.25752764,0,0,98.34541748,4,0,0,-6.412822786
230.8884807,-0.027774546,-6.412822786,0,0,98.34548161,4,0,0,-1.284780387
231.0774188,-0.005559956,-1.284780387,0,0,98.34549446,4,0,0,1.953046886
232.384312,0.008404384,1.953046886,0,0,98.34547493,4,0,0,2.937191605
230.706245,0.012731305,2.937191605,0,0,98.34544556,4,0,0,4.269862967
230.0507195,0.018560529,4.269862967,0,0,98.34540286,4,0,0,9.497805468
230.7679682,0.041157382,9.497805468,0,0,98.34530788,4,0,0,7.151718337
233.7964176,0.030589512,7.151718337,0,0,98.34523636,4,0,0,4.951721729
231.48947,0.0213907,4.951721729,0,0,98.34518685,4,0,0,-0.584934285
231.0382762,-0.002531764,-0.584934285,0,0,98.34519269,4,0,0,5.78311526
229.5423639,0.025194109,5.78311526,0,0,98.34513486,4,0,0,25.40078719
231.7462151,0.10960605,25.40078719,0,0,98.34488086,5,0,0,-6.460634547
233.1503906,-0.02771016,-6.460634547,0,0,98.34494546,5,0,0,22.40291347
230.4469005,0.097215078,22.40291347,0,0,98.34472143,5,0,0,14.653564
230.3635464,0.063610603,14.653564,0,0,98.3445749,5,0,0,3.839885357
229.7660366,0.016712154,3.839885357,0,0,98.3445365,5,0,0,-1.505019869
227.9415088,-0.006602658,-1.505019869,0,0,98.34455155,5,0,0,16.79114095
229.9729107,0.07301356,16.79114095,0,0,98.34438364,5,0,0,-1.323829379
229.7976063,-0.005760849,-1.323829379,0,0,98.34439688,5,0,0,13.66722451
229.744718,0.059488743,13.66722451,0,0,98.3442602,5,0,0,10.50796963
231.3380767,0.045422568,10.50796963,0,0,98.34415512,5,0,0,0.974108296
229.2276012,0.004249524,0.974108296,0,0,98.34414538,5,0,0,-5.773691715
231.0434251,-0.024989639,-5.773691715,0,0,98.34420312,5,0,0,15.77441761
228.0568553,0.069168794,15.77441761,0,0,98.34404538,5,0,0,7.68785144
228.6851486,0.033617624,7.68785144,0,0,98.3439685,5,0,0,8.48833414
230.0715603,0.036894322,8.48833414,0,0,98.34388361,5,0,0,36.91933159
230.5496391,0.16013615,36.91933159,0,0,98.34351442,5,0,0,18.24826762
234.6676411,0.077762181,18.24826762,0,0,98.34333194,5,0,0,19.5699329
231.4314015,0.084560404,19.5699329,0,0,98.34313624,5,0,0,16.00760941
233.1029485,0.068671844,16.00760941,0,0,98.34297616,5,0,0,21.63193006
230.5964772,0.093808589,21.63193006,0,0,98.34275984,5,0,0,21.37623164
229.6605237,0.093077518,21.37623164,0,0,98.34254608,5,0,0,-5.72157952
233.2720768,-0.024527494,-5.72157952,0,0,98.3426033,5,0,0,17.50362339
225.1882536,0.077728847,17.50362339,0,0,98.34242826,5,0,0,17.06698989
229.0408128,0.07451506,17.06698989,0,0,98.34225759,5,0,0,-17.94746104
234.522408,-0.076527702,-17.94746104,0,0,98.34243706,5,0,0,4.785365116
229.3822017,0.020861972,4.785365116,0,0,98.34238921,5,0,0,19.06908802
228.761864,0.08335781,19.06908802,0,0,98.34219852,5,0,0,7.990067604
227.2034184,0.035167022,7.990067604,0,0,98.34211862,5,0,0,8.725853266
231.8548369,0.037634985,8.725853266,0,0,98.34203136,5,0,0,25.70636396
231.4619793,0.111060849,25.70636396,0,0,98.3417743,5,0,0,5.292891616
231.1059452,0.022902447,5.292891616,0,0,98.34172137,5,0,0,27.36630098
229.9599485,0.11900464,27.36630098,0,0,98.34144771,5,0,0,17.16358746
229.9608291,0.074637005,17.16358746,0,0,98.34127607,5,0,0,-3.707111173
229.3812521,-0.016161352,-3.707111173,0,0,98.34131314,5,0,0,0.879122462
229.8977588,0.003823971,0.879122462,0,0,98.34130435,5,0,0,-3.156082181
228.8485698,-0.013791138,-3.156082181,0,0,98.34133591,5,0,0,-3.08576988
231.8281249,-0.013310593,-3.08576988,0,0,98.34136677,5,0,0,-0.24902417
233.4950339,-0.001066507,-0.24902417,0,0,98.34136926,5,0,0,257.8759215
230.7570809,1.117521163,257.8759215,1,0,98.3387905,5,1,0,94.9648742
230.9233723,0.411239769,94.9648742,1,0,98.33784085,5,1,0,113.174031
233.0678577,0.485584036,113.174031,1,0,98.33670911,5,1,0,102.2279114
231.6621152,0.44128023,102.2279114,1,0,98.33568683,5,1,0,100.6903869
233.6403675,0.430963142,100.6903869,1,0,98.33467993,5,1,0,105.5680421
230.3451511,0.458303731,105.5680421,1,0,98.33362425,5,1,0,98.12564484
229.5311842,0.427504634,98.12564484,1,0,98.33264299,5,1,0,125.69204
228.9472502,0.548999998,125.69204,1,0,98.33138607,5,1,0,93.99449447
227.4510973,0.413251444,93.99449447,1,0,98.33044612,5,1,0,102.6805528
230.4885422,0.44549092,102.6805528,1,0,98.32941932,5,1,0,112.4968997
232.8124105,0.483208345,112.4968997,1,0,98.32829435,5,1,0,119.9022372
229.5597624,0.522313823,119.9022372,1,0,98.32709533,5,1,0,100.0968079
232.0605571,0.431339169,100.0968079,1,0,98.32609436,5,1,0,104.5022489
228.3054071,0.457730065,104.5022489,1,0,98.32504934,5,1,0,112.5076211
232.8682361,0.483138546,112.5076211,1,0,98.32392426,5,1,0,103.0778578
229.2139673,0.449701469,103.0778578,1,0,98.32289348,5,1,0,116.7961096
228.2726438,0.511651802,116.7961096,1,0,98.32172552,5,1,0,94.44544212
231.5538351,0.407876821,94.44544212,1,0,98.32078107,5,1,0,107.4171439
231.2191469,0.464568551,107.4171439,1,0,98.3197069,5,1,0,105.2699082
229.1399145,0.45941323,105.2699082,1,0,98.3186542,5,1,0,113.10785
229.9701998,0.491836986,113.10785,1,0,98.31752312,5,1,0,90.33678746
230.4661359,0.391974236,90.33678746,1,0,98.31661975,5,1,0,95.3637353
230.7147771,0.413340387,95.3637353,1,0,98.31566611,6,1,0,121.836472
233.1058035,0.522665975,121.836472,1,0,98.31444775,6,1,0,104.9613389
229.6252967,0.457098327,104.9613389,1,0,98.31339813,6,1,0,78.89848506
231.181924,0.341283106,78.89848506,1,0,98.31260915,6,1,0,110.8403341
230.1017621,0.48170137,110.8403341,1,0,98.31150075,6,1,0,95.17740606
232.0786676,0.410108379,95.17740606,1,0,98.31054897,6,1,0,93.27445168
230.2678357,0.40506939,93.27445168,1,0,98.30961623,6,1,0,103.2115237
228.6760063,0.451343914,103.2115237,1,0,98.30858411,6,1,0,101.2556552
230.1516583,0.439951882,101.2556552,1,0,98.30757156,6,1,0,85.89184769
229.6515076,0.374009509,85.89184769,1,0,98.30671264,6,1,0,110.1442983
229.5488455,0.479829459,110.1442983,1,0,98.30561119,6,1,0,92.83492074
228.9564434,0.405469789,92.83492074,1,0,98.30468285,6,1,0,109.3241872
230.1771846,0.474956662,109.3241872,1,0,98.3035896,6,1,0,102.4797923
231.4552852,0.442762809,102.4797923,1,0,98.30256481,6,1,0,77.16302661
231.7549725,0.3329509,77.16302661,1,0,98.30179318,6,1,0,102.367204
230.7765888,0.443577074,102.367204,1,0,98.3007695,6,1,0,97.15183695
231.0576971,0.420465703,97.15183695,1,0,98.29979798,6,1,0,103.9763956
227.2850083,0.457471421,103.9763956,1,0,98.29875822,6,1,0,115.4806865
228.6580732,0.505036559,115.4806865,1,0,98.29760341,6,1,0,90.04788331
227.7210059,0.395430729,90.04788331,1,0,98.29670293,6,1,0,118.3380527
229.0145227,0.516727286,118.3380527,1,0,98.29551955,6,1,0,101.3491982
230.421147,0.439843302,101.3491982,1,0,98.29450606,6,1,0,92.37935001
229.05047,0.403314387,92.37935001,1,0,98.29358227,6,1,0,110.938613
226.5930877,0.489593986,110.938613,1,0,98.29247288,6,1,0,99.23388971
232.7484919,0.426356746,99.23388971,1,0,98.29148054,6,1,0,80.73048132
228.3646131,0.353515723,80.73048132,1,0,98.29067324,6,1,0,127.6529508
231.2539074,0.552003433,127.6529508,1,0,98.28939671,6,1,0,101.9250215
230.167223,0.442830305,101.9250215,1,0,98.28837746,6,1,0,94.41718322
228.8785917,0.412520815,94.41718322,1,0,98.28743329,6,1,0,97.07542748
226.3215173,0.42892708,97.07542748,1,0,98.28646253,6,1,0,96.41693243
230.8282563,0.417699869,96.41693243,1,0,98.28549836,6,1,0,91.22323446
226.2555569,0.403186714,91.22323446,1,0,98.28458613,6,1,0,100.1665757
225.7869211,0.443633206,100.1665757,1,0,98.28358447,6,1,0,104.3093361
230.3468383,0.452835979,104.3093361,1,0,98.28254137,6,1,0,123.1383415
231.0558173,0.532937638,123.1383415,1,0,98.28130999,6,1,0,101.0112025
228.5931813,0.441881958,101.0112025,1,0,98.28029988,6,1,0,125.8753562
229.7807122,0.54780645,125.8753562,1,0,98.27904112,6,1,0,100.8420133
229.2175716,0.439940152,100.8420133,1,0,98.2780327,6,1,0,106.1204213
230.7489435,0.459895589,106.1204213,1,0,98.2769715,6,1,0,111.8187999
232.6672363,0.480595385,111.8187999,1,0,98.27585331,6,1,0,108.7591224
230.2130271,0.472428184,108.7591224,1,0,98.27476572,6,1,0,74.54757607
228.3428852,0.326472077,74.54757607,1,0,98.27402024,6,1,0,114.2129617
230.7248811,0.495017968,114.2129617,1,0,98.27287811,6,1,0,96.89993818
231.3733795,0.418803314,96.89993818,1,0,98.27190912,6,1,0,112.8975543
229.2471281,0.492470964,112.8975543,1,0,98.27078014,6,1,0,97.34089181
229.1964249,0.424705106,97.34089181,1,0,98.26980673,6,1,0,109.4491536
227.8141892,0.48043168,109.4491536,1,0,98.26871224,6,1,0,101.6393537
232.5730302,0.437021238,101.6393537,1,0,98.26769585,6,1,0,109.9575164
228.6684069,0.480860115,109.9575164,1,0,98.26659627,6,1,0,95.29221975
226.9303136,0.419918424,95.29221975,1,0,98.26564335,6,1,0,105.0409748
228.4011863,0.4598968,105.0409748,1,0,98.26459294,6,1,0,101.9309987
230.683214,0.441865695,101.9309987,1,0,98.26357363,6,1,0,80.88717561
230.7463213,0.350545895,80.88717561,1,0,98.26276476,6,1,0,109.2700466
230.6859446,0.473674488,109.2700466,1,0,98.26167206,6,1,0,84.23073018
231.6274956,0.363647372,84.23073018,1,0,98.26082975,6,1,0,79.8031697
228.2174305,0.349680432,79.8031697,1,0,98.26003172,6,1,0,101.9322584
231.0346154,0.441199074,101.9322584,1,0,98.25901239,6,1,0,109.2220068
231.3489719,0.472109324,109.2220068,1,0,98.25792017,6,1,0,102.2366462
226.9501346,0.450480659,102.2366462,1,0,98.25689781,6,1,0,106.6811022
232.5383278,0.458767822,106.6811022,1,0,98.255831,6,1,0,117.1027265
230.0468637,0.50903857,117.1027265,1,0,98.25465997,7,1,0,110.0880569
231.4986254,0.475545186,110.0880569,1,0,98.25355909,7,1,0,96.27795833
229.8449731,0.418882158,96.27795833,1,0,98.25259631,7,1,0,103.1943335
230.2061718,0.448269187,103.1943335,1,0,98.25156437,7,1,0,85.17451482
229.5908863,0.370983867,85.17451482,1,0,98.25071262,7,1,0,118.1718675
227.8346409,0.518673837,118.1718675,1,0,98.2495309,7,1,0,-1162.982647
232.5965294,-5,-1162.982647,1,0,98.24850202,7,1,1,85.01815394
231.0131723,0.368022971,85.01815394,1,0,98.24765184,7,1,0,103.4503983
231.1451846,0.447555931,103.4503983,1,0,98.24661734,7,1,0,114.407516
230.3912138,0.496579336,114.407516,1,0,98.24547326,7,1,0,85.66679498
227.5393339,0.376492247,85.66679498,1,0,98.24461659,7,1,0,90.26243026
228.1213502,0.395677258,90.26243026,1,0,98.24371397,7,1,0,104.8342562
229.0407871,0.457709989,104.8342562,1,0,98.24266563,7,1,0,115.7842021
228.9173271,0.505790469,115.7842021,1,0,98.24150779,7,1,0,102.460046
229.2836822,0.446870204,102.460046,1,0,98.24048318,7,1,0,93.56409997
229.0612672,0.408467573,93.56409997,1,0,98.23954754,7,1,0,90.93449708
230.1546074,0.395101789,90.93449708,1,0,98.2386382,7,1,0,90.10749205
228.6823532,0.394029057,90.10749205,1,0,98.23773712,7,1,0,107.9796832
230.5566959,0.468343298,107.9796832,1,0,98.23665733,7,1,0,100.559114
231.2482474,0.434853518,100.559114,1,0,98.23565174,7,1,0,95.22519117
224.816894,0.423567773,95.22519117,1,0,98.23469948,7,1,0,86.21652005
231.3261586,0.37270545,86.21652005,1,0,98.23383732,7,1,0,104.3856402
228.4922124,0.456845505,104.3856402,1,0,98.23279346,7,1,0,102.8898475
228.2126863,0.450850692,102.8898475,1,0,98.23176456,7,1,0,109.0256844
231.3194995,0.471320769,109.0256844,1,0,98.23067431,7,1,0,95.17333383
230.2778067,0.4132979,95.17333383,1,0,98.22972257,7,1,0,127.7970834
228.3954559,0.559543021,127.7970834,1,0,98.2284446,7,1,0,112.7707465
230.6997734,0.488820361,112.7707465,1,0,98.2273169,7,1,0,101.8343734
229.2039082,0.444295973,101.8343734,1,0,98.22629855,7,1,0,102.5475338
229.6836339,0.446472968,102.5475338,1,0,98.22527308,7,1,0,94.07089263
229.8765641,0.409223502,94.07089263,1,0,98.22433237,7,1,0,95.67633295
231.7623321,0.412820893,95.67633295,1,0,98.2233756,7,1,0,101.4707836
230.2560023,0.440686812,101.4707836,1,0,98.2223609,7,1,0,110.6455175
231.9807827,0.476959842,110.6455175,1,0,98.22125444,7,1,0,92.95975264
227.5336425,0.408553881,92.95975264,1,0,98.22032484,7,1,0,17.52323956
228.4874701,0.076692344,17.52323956,0,0,98.22014961,7,0,0,25.45915231
230.9725479,0.11022588,25.45915231,0,0,98.21989502,7,0,0,4205.029014
169.1948548,24.85317309,4205.029014,0,0,98.21961317,7,0,1,15.45691943
232.6450612,0.066439921,15.45691943,0,0,98.2194586,7,0,0,21.38415857
232.8986657,0.091817437,21.38415857,0,0,98.21924476,7,0,0,13.20650999
232.1008785,0.056899871,13.20650999,0,0,98.21911269,7,0,0,11.88334302
231.4228481,0.051349048,11.88334302,0,0,98.21899386,7,0,0,-7.05230788
229.6765948,-0.030705383,-7.05230788,0,0,98.21906438,7,0,0,10.69659897
232.3840082,0.046029841,10.69659897,0,0,98.21895742,7,0,0,8.659810067
228.7655637,0.037854518,8.659810067,0,0,98.21887082,7,0,0,9.989536575
229.1920694,0.043585874,9.989536575,0,0,98.21877092,7,0,0,15.9424527
227.692684,0.070017413,15.9424527,0,0,98.2186115,7,0,0,8.552087497
229.095852,0.037329735,8.552087497,0,0,98.21852598,7,0,0,3.560340578
227.1931568,0.015670985,3.560340578,0,0,98.21849037,7,0,0,17.25591816
229.9349686,0.07504695,17.25591816,0,0,98.21831781,7,0,0,16.80709696
226.9725655,0.074049024,16.80709696,0,0,98.21814974,7,0,0,6.740624243
227.5107797,0.029627714,6.740624243,0,0,98.21808234,7,0,0,7.786937051
230.0738488,0.033845381,7.786937051,0,0,98.21800447,7,0,0,-9.130767674
229.7301653,-0.039745619,-9.130767674,0,0,98.21809578,7,0,0,9.935635472
227.8650008,0.043603166,9.935635472,0,0,98.21799642,7,0,0,1.034947826
230.3760633,0.004492428,1.034947826,0,0,98.21798607,7,0,0,11.2030348
231.5780669,0.048376925,11.2030348,0,0,98.21787404,7,0,0,6.785555811
231.207672,0.029348316,6.785555811,0,0,98.21780618,7,0,0,23.47311156
227.4074226,0.103220516,23.47311156,0,0,98.21757145,7,0,0,29.78678602
228.3418705,0.1304482,29.78678602,0,0,98.21727359,7,0,0,13.75772575
228.5900775,0.06018514,13.75772575,0,0,98.25948263,8,0,0,15.55379769
230.0352454,0.067614846,15.55379769,0,0,98.28685667,8,0,0,2.050975178
230.3975479,0.008901897,2.050975178,0,0,98.31162786,8,0,0,6.505001714
235.6240052,0.027607551,6.505001714,0,0,98.35621917,8,0,0,-3.747766598
230.6564782,-0.016248261,-3.747766598,0,0,98.36671589,8,0,0,8.01478808
229.3503867,0.034945605,8.01478808,0,0,98.39996153,8,0,0,-1.398750663
230.0518133,-0.006080155,-1.398750663,0,0,98.44280612,8,0,0,4.383259703
227.0065689,0.019308955,4.383259703,0,0,98.46852143,8,0,0,11.3174034
228.9434545,0.049433182,11.3174034,0,0,98.50419934,8,0,0,18.02476521
230.973413,0.078038268,18.02476521,0,0,98.51884849,8,0,0,0.013610722
231.5947686,5.88E-05,0.013610722,0,0,98.54516693,8,0,0,24.27178856
230.8493335,0.105141255,24.27178856,0,0,98.59181954,8,0,0,12.88195651
230.2092725,0.055957592,12.88195651,0,0,98.6237941,8,0,0,3.657289719
231.4055918,0.015804673,3.657289719,0,0,98.64400865,8,0,0,18.33106764
231.3446916,0.079237036,18.33106764,0,0,98.66926152,8,0,0,22.8372637
229.3070703,0.099592497,22.8372637,0,0,98.70842859,8,0,0,14.23277072
229.0570057,0.062136369,14.23277072,0,0,98.7298043,8,0,0,7.756867938
231.7100812,0.03347661,7.756867938,0,0,98.77021695,8,0,0,2.598146945
231.1213273,0.011241485,2.598146945,0,0,98.80348084,8,0,0,14.69075616
231.5899524,0.063434342,14.69075616,0,0,98.84798517,8,0,0,26.11960555
230.1915869,0.113468984,26.11960555,0,0,98.87584959,8,0,0,-4.570266472
231.5387522,-0.019738668,-4.570266472,0,0,98.91698717,8,0,0,24.58371291
229.4844303,0.107125842,24.58371291,0,0,98.94173769,8,0,0,27.53388715
230.7850847,0.119305315,27.53388715,0,0,98.96267814,8,0,0,26.96924791
226.7652491,0.118930251,26.96924791,0,0,99.00548499,8,0,0,24.79761762
231.0373088,0.107331659,24.79761762,0,0,99.03831452,8,0,0,-10.19743414
229.5601806,-0.044421616,-10.19743414,0,0,99.05717198,8,0,0,-0.279890301
233.4099367,-0.001199136,-0.279890301,0,0,99.08548229,8,0,0,28.54687029
229.9856925,0.124124549,28.54687029,0,0,99.10034929,8,0,0,16.24031358
228.6405097,0.071029905,16.24031358,0,0,99.14123246,8,0,0,16.02580577
229.306224,0.069888228,16.02580577,0,0,99.15544086,8,0,0,18.83397087
228.4313154,0.082449163,18.83397087,0,0,99.18985929,8,0,0,9.032264195
227.5329582,0.039696509,9.032264195,0,0,99.22701294,8,0,0,21.7979794
227.9203737,0.095638573,21.7979794,0,0,99.25634338,8,0,0,14.52441887
228.5973254,0.063537134,14.52441887,0,0,99.28952347,8,0,0,7.605694733
230.9205535,0.032936413,7.605694733,0,0,99.3248112,8,0,0,5.289318156
227.5047478,0.023249265,5.289318156,0,0,99.35271171,8,0,0,13.11598024
230.122763,0.05699558,13.11598024,0,0,99.3799659,8,0,0,18.94497646
226.622169,0.08359719,18.94497646,0,0,99.40044488,8,0,0,3051.903503
158.7579623,19.22362481,3051.903503,0,0,99.41222925,8,0,1,17.82151558
229.765183,0.077564039,17.82151558,0,0,99.45268505,8,0,0,7.912478503
227.6954946,0.034750264,7.912478503,0,0,99.49656509,8,0,0,12.87894461
230.4277487,0.055891466,12.87894461,0,0,99.5264248,8,0,0,3.798566967
231.1616905,0.016432511,3.798566967,0,0,99.53762978,8,0,0,31.39469845
232.8960574,0.134801331,31.39469845,0,0,99.57712884,8,0,0,18.16964533
230.199642,0.078929946,18.16964533,0,0,99.61954762,8,0,0,12.62905991
226.7177841,0.055703879,12.62905991,0,0,99.65253972,8,0,0,23.04766736
231.0410081,0.099755743,23.04766736,0,0,99.69203585,8,0,0,7.344485631
230.9770296,0.031797472,7.344485631,0,0,99.73395538,8,0,0,2.905540251
228.6540951,0.012707143,2.905540251,0,0,99.76308628,8,0,0,21.62888937
230.6168643,0.093787111,21.62888937,0,0,99.77540007,8,0,0,25.74527309
229.9113464,0.111979132,25.74527309,0,0,99.78869254,8,0,0,17.57352579
228.3683969,0.076952529,17.57352579,0,0,99.82360815,8,0,0,13.66700063
228.4852042,0.059815692,13.66700063,0,0,99.85439205,8,0,0,9.450100528
230.7290138,0.040957573,9.450100528,0,0,99.88311117,8,0,0,1.785945807
231.7302984,0.007707002,1.785945807,0,0,99.92480994,8,0,0,25.333386
230.3214893,0.109991413,25.333386,0,0,99.95061065,8,0,0,-1.02076717
228.6789023,-0.004463758,-1.02076717,0,0,99.99684829,8,0,0,20.93870931
231.8250938,0.090321151,20.93870931,0,0,100,8,0,0,3.2839309
230.6416136,0.014238241,3.2839309,0,0,100,8,0,0,11.28549749
229.7500373,0.049120765,11.28549749,0,0,100,9,0,0,18.62181537
230.3933471,0.080826185,18.62181537,0,0,100,9,0,0,18.97416822
230.6520765,0.082263158,18.97416822,0,0,100,9,0,0,10.81712607
229.3607959,0.047162053,10.81712607,0,0,100,9,0,0,8.204069431
230.7494779,0.035554011,8.204069431,0,0,100,9,0,0,8.001396186
234.1811952,0.034167544,8.001396186,0,0,100,9,0,0,37.37655555
232.8587498,0.160511708,37.37655555,0,0,100,9,0,0,20.55215477
228.2711805,0.090033944,20.55215477,0,0,100,9,0,0,11.89424818
230.9147468,0.051509262,11.89424818,0,0,100,9,0,0,-11.55534272
230.2151601,-0.050193665,-11.55534272,0,0,100,9,0,0,13.62803805
227.9471359,0.059785959,13.62803805,0,0,100,9,0,0,29.35551764
227.8626137,0.1288299,29.35551764,0,0,100,9,0,0,4.983996036
231.394156,0.021538988,4.983996036,0,0,100,9,0,0,1.417940323
233.9959101,0.00605968,1.417940323,0,0,100,9,0,0,7.537989627
230.1755617,0.03274887,7.537989627,0,0,100,9,0,0,17.45077428
230.7972502,0.075610841,17.45077428,0,0,100,9,0,0,3.197950341
229.9335143,0.013908152,3.197950341,0,0,100,9,0,0,1.646238706
230.1718004,0.007152217,1.646238706,0,0,100,9,0,0,-10.46655993
229.6661079,-0.045572941,-10.46655993,0,0,100,9,0,0,26.55732489
235.8321584,0.112611126,26.55732489,0,0,100,9,0,0,-7.043482882
228.8183514,-0.030781984,-7.043482882,0,0,100,9,0,0,6.672778686
227.2785529,0.029359474,6.672778686,0,0,100,9,0,0,21.00473513
230.6824029,0.091054779,21.00473513,0,0,100,9,0,0,11.14002709
229.2414837,0.048595162,11.14002709,0,0,100,9,0,0,-0.514876988
228.9936396,-0.002248434,-0.514876988,0,0,100,9,0,0,3.177231971
229.7584467,0.013828575,3.177231971,0,0,100,9,0,0,-4.569084197
233.3569118,-0.019579811,-4.569084197,0,0,100,9,0,0,-6.501851528
227.8297408,-0.028538204,-6.501851528,0,0,100,9,0,0,5.235019158
231.2667351,0.022636283,5.235019158,0,0,100,9,0,0,3337.893279
169.0441579,19.74568846,3337.893279,0,0,100,9,0,1,14.29527077
227.3328104,0.062882567,14.29527077,0,0,100,9,0,0,0.510515178
228.5722613,0.002233496,0.510515178,0,0,100,9,0,0,9.801228689
227.952481,0.042996806,9.801228689,0,0,100,9,0,0,5.509235088
226.7150424,0.024300263,5.509235088,0,0,100,9,0,0,-0.330153071
232.3391303,-0.001420996,-0.330153071,0,0,100,9,0,0,2.995481079
229.9572023,0.013026255,2.995481079,0,0,100,9,0,0,9.621288379
227.3919876,0.042311466,9.621288379,0,0,100,9,0,0,20.40470426
230.3345918,0.088587233,20.40470426,0,0,100,9,0,0,0.283363313
229.5856238,0.001234238,0.283363313,0,0,100,9,0,0,-4.18040939
230.532535,-0.018133707,-4.18040939,0,0,100,9,0,0,26.78024939
227.6638556,0.117630659,26.78024939,0,0,100,9,0,0,9.974035778
225.7908882,0.044173774,9.974035778,0,0,100,9,0,0,8.220001793
231.0947894,0.035569827,8.220001793,0,0,100,9,0,0,13.28316615
232.0951792,0.057231547,13.28316615,0,0,100,9,0,0,1.612888325
229.800293,0.007018652,1.612888325,0,0,100,9,0,0,-0.899259232
227.5607758,-0.003951732,-0.899259232,0,0,100,9,0,0,15.78916971
228.6255213,0.069061274,15.78916971,0,0,100,9,0,0,12.56348188
231.4577261,0.054279812,12.56348188,0,0,100,9,0,0,29.35389833
231.692044,0.126693597,29.35389833,0,0,100,9,0,0,6.381530376
229.2765561,0.027833331,6.381530376,0,0,100,9,0,0,22.68303647
228.4111548,0.099307919,22.68303647,0,0,100,9,0,0,7.621588713
230.1132087,0.03312104,7.621588713,0,0,100,9,0,0,14.01196131
232.2189856,0.06033943,14.01196131,0,0,100,9,0,0,8.512111413
230.1706312,0.036981744,8.512111413,0,0,100,9,0,0,36.68819381
233.6538907,0.1570194,36.68819381,0,0,100,9,0,0,6.292975052
226.6115712,0.027769875,6.292975052,0,0,100,9,0,0,5.884316098
230.7642168,0.025499257,5.884316098,0,0,100,9,0,0,3.569055618
233.4883225,0.015285799,3.569055618,0,0,100,9,0,0,5.354514904
229.8369094,0.023297019,5.354514904,0,0,100,9,0,0,22.89693503
227.1628662,0.100795237,22.89693503,0,0,100,9,0,0,22.24040569
231.846881,0.095927129,22.24040569,0,0,100,10,0,0,21.72592143
231.7597024,0.093743309,21.72592143,0,0,100,10,0,0,11.6489737
230.0680034,0.050632741,11.6489737,0,0,100,10,0,0,21.22680765
227.6127538,0.093258428,21.22680765,0,0,100,10,0,0,11.69057426
233.1162937,0.050149108,11.69057426,0,0,100,10,0,0,-2.18907601
229.3416328,-0.009545044,-2.18907601,0,0,100,10,0,0,23.18460456
230.2892017,0.100676039,23.18460456,0,0,100,10,0,0,-18.60371014
226.9736832,-0.081964173,-18.60371014,0,0,100,10,0,0,-2.113963427
228.8233343,-0.009238408,-2.113963427,0,0,100,10,0,0,11.23346054
230.8381429,0.048663797,11.23346054,0,0,100,10,0,0,10.42214252
231.7960739,0.04496255,10.42214252,0,0,100,10,0,0,20.43992822
233.0886986,0.087691631,20.43992822,0,0,100,10,0,0,18.59471324
231.7151403,0.080248158,18.59471324,0,0,100,10,0,0,12.90250906
230.6532543,0.055938986,12.90250906,0,0,100,10,0,0,-8.086736153
231.3042061,-0.034961475,-8.086736153,0,0,100,10,0,0,9.357685543
226.7738699,0.041264391,9.357685543,0,0,100,10,0,0,15.37115571
233.5934586,0.065803023,15.37115571,0,0,100,10,0,0,23.64755004
227.9596704,0.103735674,23.64755004,0,0,100,10,0,0,8.204954359
229.3815305,0.0357699,8.204954359,0,0,100,10,0,0,2.769574559
229.5834808,0.012063475,2.769574559,0,0,100,10,0,0,23.51624252
228.2947014,0.103008271,23.51624252,0,0,100,10,0,0,-5.363010112
227.2453268,-0.02360009,-5.363010112,0,0,100,10,0,0,-4.589292325
228.7521269,-0.020062294,-4.589292325,0,0,100,10,0,0,-9.295788644
230.8427613,-0.04026892,-9.295788644,0,0,100,10,0,0,6.534937268
232.8121421,0.028069572,6.534937268,0,0,100,10,0,0,26.43701694
226.3278911,0.11680848,26.43701694,0,0,100,10,0,0,-6.030044688
229.0456237,-0.026326828,-6.030044688,0,0,100,10,0,0,22.65851106
225.4847754,0.100487986,22.65851106,0,0,100,10,0,0,23.83657555
228.9057042,0.104132729,23.83657555,0,0,100,10,0,0,4.191364647
234.0405356,0.017908712,4.191364647,0,0,100,10,0,0,21.54425302
228.8563455,0.094138762,21.54425302,0,0,100,10,0,0,24.15405267
228.16379,0.105862778,24.15405267,0,0,100,10,0,0,16.97815727
227.6207729,0.074589665,16.97815727,0,0,100,10,0,0,24.67552255
230.6239512,0.106994622,24.67552255,0,0,100,10,0,0,29.51404765
228.3231718,0.129264355,29.51404765,0,0,100,10,0,0,8.793461702
227.7611997,0.038608252,8.793461702,0,0,100,10,0,0,272.2114921
231.0517316,1.178140887,272.2114921,1,0,100,10,1,0,123.2574671
226.746599,0.54359125,123.2574671,1,0,100,10,1,0,92.08492004
229.5458898,0.401161267,92.08492004,1,0,100,10,1,0,108.4309795
232.0026888,0.467369495,108.4309795,1,0,100,10,1,0,118.435497
232.7178466,0.508923139,118.435497,1,0,100,10,1,0,93.31318138
230.606381,0.404642668,93.31318138,1,0,100,10,1,0,102.3051531
229.5278654,0.445719969,102.3051531,1,0,100,10,1,0,97.054893
231.1918859,0.419802333,97.054893,1,0,100,10,1,0,103.6401128
229.7925496,0.451015984,103.6401128,1,0,100,10,1,0,95.92581061
229.191677,0.418539678,95.92581061,1,0,100,10,1,0,88.72588461
231.5540113,0.383175762,88.72588461,1,0,100,10,1,0,102.0708694
229.9389928,0.443904134,102.0708694,1,0,100,10,1,0,94.2571352
229.2766644,0.411106536,94.2571352,1,0,100,10,1,0,85.90277511
229.9646858,0.373547681,85.90277511,1,0,100,10,1,0,102.2876688
225.8722276,0.452856334,102.2876688,1,0,100,10,1,0,111.5787927
229.4564015,0.486274482,111.5787927,1,0,100,10,1,0,106.5014898
229.8795987,0.463292482,106.5014898,1,0,100,10,1,0,112.3237749
229.0690796,0.490348916,112.3237749,1,0,100,10,1,0,113.2592025
227.6738753,0.497462444,113.2592025,1,0,100,10,1,0,115.5964341
231.1706607,0.500048033,115.5964341,1,0,100,10,1,0,116.3598064
231.9796644,0.501594856,116.3598064,1,0,100,10,1,0,105.787342
229.9789317,0.459987101,105.787342,1,0,100,10,1,0,101.9422007
230.2411432,0.442762745,101.9422007,1,0,100,10,1,0,99.57060919
230.7900413,0.431433734,99.57060919,1,0,100,10,1,0,3379.425451
228.0311468,14.82001691,3379.425451,1,1,100,11,3,0,1379.73425
228.3207873,6.042963792,1379.73425,1,1,100,11,3,0,1385.494795
229.5907739,6.034627489,1385.494795,1,1,100,11,3,0,1375.504082
229.4426932,5.9949788,1375.504082,1,1,100,11,3,0,1374.473405
229.5614854,5.987386787,1374.473405,1,1,99.9994249,11,3,0,1357.268984
230.4581669,5.88943756,1357.268984,1,1,100,11,3,0,1383.955346
229.9472239,6.018578185,1383.955346,1,1,100,11,3,0,1356.357817
229.0646672,5.921287789,1356.357817,1,1,100,11,3,0,1371.71689
225.8303479,6.07410343,1371.71689,1,1,100,11,3,0,1364.177978
226.4710421,6.023630948,1364.177978,1,1,100,11,3,0,1366.427048
231.5598809,5.900966275,1366.427048,1,1,100,11,3,0,1350.895277
226.6173829,5.961128221,1350.895277,1,1,99.99840859,11,3,0,1324.68793
227.4043885,5.82525227,1324.68793,1,1,100,11,3,0,1356.953783
229.873775,5.903038669,1356.953783,1,1,100,11,3,0,1366.807237
231.8194865,5.895998035,1366.807237,1,1,100,11,3,0,1392.039785
232.8921696,5.977185866,1392.039785,1,1,100,11,3,0,1388.100712
232.0791401,5.981152428,1388.100712,1,1,100,11,3,0,1373.755515
228.9001252,6.001549862,1373.755515,1,1,100,11,3,0,1345.298432
229.6043571,5.859202539,1345.298432,1,1,100,11,3,0,1345.878554
228.1232997,5.89978558,1345.878554,1,1,100,11,3,0,1345.878554
